#pragma once

#include <stdint.h>

// Generated by firmware/echo-pyramid/tools/generate_status_sprites.py.
constexpr int kNousStatusSpriteWidth = 128;
constexpr int kNousStatusSpriteHeight = 128;
constexpr int kNousStatusSpriteCount = 6;

enum NousStatusSpriteIndex {
  NOUS_STATUS_SPRITE_ASLEEP = 0,
  NOUS_STATUS_SPRITE_READY = 1,
  NOUS_STATUS_SPRITE_LISTENING = 2,
  NOUS_STATUS_SPRITE_THINKING = 3,
  NOUS_STATUS_SPRITE_SPEAKING = 4,
  NOUS_STATUS_SPRITE_ERROR = 5,
};

static const uint16_t kNousStatusSprites[kNousStatusSpriteCount][kNousStatusSpriteWidth * kNousStatusSpriteHeight] = {
  // ASLEEP
  {
    0x738e, 0xffff, 0xffdf, 0xffff, 0xffff, 0xffff, 0xffff, 0xffff, 0xffff, 0xffff, 0xffff, 0xffff,
    0xffff, 0xffff, 0xffff, 0xffff, 0xffff, 0xffff, 0xffff, 0xffff, 0xffff, 0xffff, 0xffff, 0xffff,
    0xffff, 0xffff, 0xffff, 0xffff, 0xffff, 0xffff, 0xffff, 0xffff, 0xffff, 0xffff, 0xffff, 0xffff,
    0xffff, 0xffff, 0xffff, 0xffff, 0xffff, 0xffff, 0xffff, 0xffff, 0xffff, 0xffff, 0xffff, 0xffff,
    0xffff, 0xffff, 0xffff, 0xffff, 0xffff, 0xffff, 0xffff, 0xf7be, 0xffff, 0xd6ba, 0x0861, 0x0841,
    0x0000, 0x18c3, 0xef7d, 0xffdf, 0xf7be, 0xffff, 0xffff, 0xffff, 0xffff, 0xffff, 0xffff, 0xffff,
    0xffff, 0xffff, 0xffff, 0xffff, 0xffff, 0xffff, 0xffff, 0xffff, 0xffff, 0xffff, 0xffff, 0xffff,
    0xffff, 0xffff, 0xffff, 0xffff, 0xffff, 0xffff, 0xffff, 0xffff, 0xffff, 0xffff, 0xffff, 0xffff,
    0xffff, 0xffff, 0xffff, 0xffff, 0xffff, 0xffff, 0xffff, 0xffff, 0xffff, 0xffff, 0xffff, 0xffff,
    0xffff, 0xffff, 0xffff, 0xffff, 0xffff, 0xffff, 0xffff, 0xffff, 0xffff, 0xffff, 0xffff, 0xffff,
    0xffff, 0xffff, 0xffff, 0xffdf, 0xffff, 0x94b2, 0x8410, 0xffff, 0x738e, 0xffff, 0xffdf, 0xffff,
    0xffff, 0xffff, 0xffff, 0xffff, 0xffff, 0xffff, 0xffff, 0xffff, 0xffff, 0xffff, 0xffff, 0xffff,
    0xffff, 0xffff, 0xffff, 0xffff, 0xffff, 0xffff, 0xffff, 0xffff, 0xffff, 0xffff, 0xffff, 0xffff,
    0xffff, 0xffff, 0xffff, 0xffff, 0xffff, 0xffff, 0xffff, 0xffff, 0xffff, 0xffff, 0xffff, 0xffff,
    0xffff, 0xffff, 0xffff, 0xffff, 0xffff, 0xffff, 0xffff, 0xffff, 0xffff, 0xffff, 0xffff, 0xffff,
    0xffff, 0xffff, 0xffff, 0xf7be, 0xffff, 0x6b6d, 0x0000, 0x1082, 0x0000, 0x8410, 0xffff, 0xffdf,
    0xffff, 0xffff, 0xffff, 0xffff, 0xffff, 0xffff, 0xffff, 0xffff, 0xffff, 0xffff, 0xffff, 0xffff,
    0xffff, 0xffff, 0xffff, 0xffff, 0xffff, 0xffff, 0xffff, 0xffff, 0xffff, 0xffff, 0xffff, 0xffff,
    0xffff, 0xffff, 0xffff, 0xffff, 0xffff, 0xffff, 0xffff, 0xffff, 0xffff, 0xffff, 0xffff, 0xffff,
    0xffff, 0xffff, 0xffff, 0xffff, 0xffff, 0xffff, 0xffff, 0xffff, 0xffff, 0xffff, 0xffff, 0xffff,
    0xffff, 0xffff, 0xffff, 0xffff, 0xffff, 0xffff, 0xffff, 0xffff, 0xffff, 0xffff, 0xffff, 0xffdf,
    0xffff, 0x94b2, 0x8410, 0xffff, 0x738e, 0xffff, 0xffdf, 0xffff, 0xffff, 0xffff, 0xffff, 0xffff,
    0xffff, 0xffff, 0xffff, 0xffff, 0xffff, 0xffff, 0xffff, 0xffff, 0xffff, 0xffff, 0xffff, 0xffff,
    0xffff, 0xffff, 0xffff, 0xffff, 0xffff, 0xffff, 0xffff, 0xffff, 0xffff, 0xffff, 0xffff, 0xffff,
    0xffff, 0xffff, 0xffff, 0xffff, 0xffff, 0xffff, 0xffff, 0xffff, 0xffff, 0xffff, 0xffff, 0xffff,
    0xffff, 0xffff, 0xffff, 0xffff, 0xffff, 0xffff, 0xffff, 0xffff, 0xffff, 0xffff, 0xffff, 0xffff,
    0xffdf, 0x3186, 0x0000, 0x0861, 0x0020, 0xd69a, 0xffff, 0xffff, 0xffff, 0xffff, 0xffff, 0xffff,
    0xffff, 0xffff, 0xffff, 0xffff, 0xffff, 0xffff, 0xffff, 0xffff, 0xffff, 0xffff, 0xffff, 0xffff,
    0xffff, 0xffff, 0xffff, 0xffff, 0xffff, 0xffff, 0xffff, 0xffff, 0xffff, 0xffff, 0xffff, 0xffff,
    0xffff, 0xffff, 0xffff, 0xffff, 0xffff, 0xffff, 0xffff, 0xffff, 0xffff, 0xffff, 0xffff, 0xffff,
    0xffff, 0xffff, 0xffff, 0xffff, 0xffff, 0xffff, 0xffff, 0xffff, 0xffff, 0xffff, 0xffff, 0xffff,
    0xffff, 0xffff, 0xffff, 0xffff, 0xffff, 0xffff, 0xffff, 0xffdf, 0xffff, 0x94b2, 0x8410, 0xffff,
    0x738e, 0xffff, 0xffdf, 0xffff, 0xffff, 0xffff, 0xffff, 0xffff, 0xffff, 0xffff, 0xffff, 0xffff,
    0xffff, 0xffff, 0xffff, 0xffff, 0xffff, 0xffff, 0xffff, 0xf7be, 0xffff, 0xffff, 0xffff, 0xffff,
    0xffff, 0xffff, 0xffff, 0xffff, 0xffff, 0xffff, 0xffff, 0xffff, 0xffff, 0xffff, 0xffff, 0xffff,
    0xffff, 0xffff, 0xffff, 0xffff, 0xffff, 0xffff, 0xffff, 0xffff, 0xffff, 0xffff, 0xffff, 0xffff,
    0xffff, 0xffff, 0xffff, 0xffff, 0xffff, 0xffff, 0xffff, 0xffff, 0xf79e, 0x1904, 0x0020, 0x0841,
    0x2124, 0xf79e, 0xffdf, 0xffdf, 0xffff, 0xffff, 0xffff, 0xffff, 0xffff, 0xffff, 0xffff, 0xffff,
    0xffff, 0xffff, 0xffff, 0xffff, 0xffff, 0xffff, 0xffff, 0xffff, 0xffff, 0xffff, 0xffff, 0xffff,
    0xffff, 0xffff, 0xffff, 0xffff, 0xffff, 0xffff, 0xffff, 0xffff, 0xffff, 0xffff, 0xffff, 0xffff,
    0xffff, 0xffff, 0xffff, 0xffff, 0xffff, 0xffff, 0xffff, 0xffff, 0xffff, 0xffff, 0xffff, 0xffff,
    0xffff, 0xffff, 0xffff, 0xffff, 0xffff, 0xffff, 0xffff, 0xffff, 0xffff, 0xffff, 0xffff, 0xffff,
    0xffff, 0xffff, 0xffff, 0xffdf, 0xffff, 0x94b2, 0x8410, 0xffff, 0x738e, 0xffff, 0xffdf, 0xffff,
    0xffff, 0xffff, 0xffff, 0xffff, 0xffff, 0xffff, 0xffff, 0xffff, 0xffff, 0xffff, 0xffff, 0xffff,
    0xef7d, 0xb5f8, 0x8cb4, 0xdefc, 0xffff, 0xffff, 0xffff, 0xffff, 0xffff, 0xffff, 0xffff, 0xffff,
    0xffff, 0xffff, 0xffff, 0xffff, 0xffff, 0xffff, 0xffff, 0xffff, 0xffff, 0xffff, 0xffff, 0xffff,
    0xffff, 0xffff, 0xffff, 0xffff, 0xffff, 0xffff, 0xffff, 0xffff, 0xffff, 0xffff, 0xffff, 0xffff,
    0xffff, 0xffff, 0xffff, 0xffff, 0xf7be, 0x2124, 0x0841, 0x0020, 0x4208, 0xffdf, 0xf7be, 0xffdf,
    0xffff, 0xffff, 0xffff, 0xffff, 0xffff, 0xffff, 0xffff, 0xffff, 0xffff, 0xffff, 0xffff, 0xffff,
    0xffff, 0xffff, 0xffff, 0xffff, 0xffff, 0xffff, 0xffff, 0xffff, 0xffff, 0xffff, 0xffff, 0xffff,
    0xffff, 0xffff, 0xffff, 0xffff, 0xffff, 0xffff, 0xffff, 0xffff, 0xffff, 0xffff, 0xffff, 0xffff,
    0xffff, 0xffff, 0xffff, 0xffff, 0xffff, 0xffff, 0xffff, 0xffff, 0xffff, 0xffff, 0xffff, 0xffff,
    0xffff, 0xffff, 0xffff, 0xffff, 0xffff, 0xffff, 0xffff, 0xffff, 0xffff, 0xffff, 0xffff, 0xffdf,
    0xffff, 0x9492, 0x8410, 0xffff, 0x738e, 0xffff, 0xffdf, 0xffff, 0xffff, 0xffff, 0xffff, 0xffff,
    0xffff, 0xffff, 0xffff, 0xffff, 0xffdf, 0xffff, 0xf7bf, 0xad97, 0x6bf1, 0x5b4f, 0xbe39, 0xffff,
    0xffdf, 0xffff, 0xffff, 0xffff, 0xffff, 0xffff, 0xffff, 0xffff, 0xffff, 0xffff, 0xffff, 0xf79e,
    0xf7df, 0xffff, 0xffff, 0xffff, 0xffff, 0xffff, 0xffff, 0xffff, 0xffff, 0xffff, 0xffff, 0xffff,
    0xffff, 0xffff, 0xffff, 0xffff, 0xffff, 0xffff, 0xffff, 0xffff, 0xffff, 0xffff, 0xffff, 0xffdf,
    0xffff, 0x39e8, 0x0000, 0x0020, 0x4229, 0xffff, 0xf79e, 0xffdf, 0xffff, 0xffff, 0xffff, 0xffff,
    0xffff, 0xffff, 0xffff, 0xffff, 0xffff, 0xffff, 0xffff, 0xffff, 0xffff, 0xffff, 0xffff, 0xffff,
    0xffff, 0xffff, 0xffff, 0xffff, 0xffff, 0xffff, 0xffff, 0xffff, 0xffff, 0xffff, 0xffff, 0xffff,
    0xffff, 0xffff, 0xffff, 0xffff, 0xffff, 0xffff, 0xffff, 0xffff, 0xffff, 0xffff, 0xffff, 0xffff,
    0xffff, 0xffff, 0xffff, 0xffff, 0xffff, 0xffff, 0xffff, 0xffff, 0xffff, 0xffff, 0xffff, 0xffff,
    0xffff, 0xffff, 0xffff, 0xffff, 0xffff, 0xffff, 0xffff, 0xffdf, 0xffff, 0x9492, 0x8410, 0xffff,
    0x738e, 0xffff, 0xffdf, 0xffdf, 0xffff, 0xffff, 0xffff, 0xffff, 0xffff, 0xffff, 0xffff, 0xffdf,
    0xffff, 0xe71c, 0x7c32, 0x5b4f, 0x5b4f, 0xa576, 0xffff, 0xffff, 0xffff, 0xffff, 0xffff, 0xffff,
    0xffff, 0xffff, 0xffff, 0xffff, 0xffff, 0xffdf, 0xffff, 0xad77, 0xb5d8, 0xffff, 0xffff, 0xffff,
    0xffff, 0xffff, 0xffff, 0xffff, 0xffff, 0xffff, 0xffff, 0xffff, 0xffff, 0xffff, 0xffff, 0xffff,
    0xffff, 0xffff, 0xffff, 0xffff, 0xffff, 0xffff, 0xffff, 0xf7be, 0xffff, 0x9492, 0x0000, 0x0841,
    0x3186, 0xf79e, 0xf7be, 0xffdf, 0xffff, 0xffff, 0xffff, 0xffff, 0xffff, 0xffff, 0xffff, 0xffdf,
    0xffdf, 0xffdf, 0xffdf, 0xffdf, 0xffff, 0xffff, 0xffff, 0xffff, 0xffff, 0xffff, 0xffff, 0xffff,
    0xffff, 0xffff, 0xffff, 0xffff, 0xffff, 0xffff, 0xffff, 0xffff, 0xffff, 0xffff, 0xffff, 0xffff,
    0xffff, 0xffff, 0xffff, 0xffff, 0xffff, 0xffff, 0xffff, 0xffff, 0xffff, 0xffff, 0xffff, 0xffff,
    0xffff, 0xffff, 0xffff, 0xffff, 0xffff, 0xffff, 0xffff, 0xffff, 0xffff, 0xffff, 0xffff, 0xffff,
    0xffff, 0xffff, 0xffff, 0xffdf, 0xffff, 0x9492, 0x8410, 0xffff, 0x738e, 0xffff, 0xffdf, 0xffff,
    0xffff, 0xffff, 0xffff, 0xffff, 0xffff, 0xffff, 0xffdf, 0xffff, 0xe73d, 0x6bd1, 0x5b6f, 0x6bb0,
    0x73f1, 0xef9e, 0xffdf, 0xffff, 0xffff, 0xffff, 0xffff, 0xffff, 0xffff, 0xffff, 0xffff, 0xffff,
    0xffdf, 0xf7be, 0xce9a, 0x6bf1, 0x73f1, 0xb5b7, 0xd6db, 0xffff, 0xffff, 0xffff, 0xffff, 0xffff,
    0xffff, 0xffff, 0xffff, 0xffff, 0xffff, 0xffff, 0xffff, 0xffff, 0xffff, 0xffff, 0xffff, 0xffff,
    0xffff, 0xffff, 0xffdf, 0xffdf, 0xffdf, 0xf7be, 0x31a6, 0x0000, 0x1082, 0xe71c, 0xffff, 0xffdf,
    0xffff, 0xffdf, 0xffdf, 0xffdf, 0xffdf, 0xffff, 0xffff, 0xffff, 0xffff, 0xffff, 0xffff, 0xffff,
    0xffff, 0xffff, 0xffff, 0xffdf, 0xffdf, 0xffff, 0xffff, 0xffff, 0xffff, 0xffff, 0xffff, 0xffff,
    0xffff, 0xffff, 0xffff, 0xffff, 0xffff, 0xffff, 0xffff, 0xffff, 0xffff, 0xffff, 0xffff, 0xffff,
    0xffff, 0xffff, 0xffff, 0xffff, 0xffff, 0xffff, 0xffff, 0xffff, 0xffff, 0xffff, 0xffff, 0xffff,
    0xffff, 0xffff, 0xffff, 0xffff, 0xffff, 0xffff, 0xffff, 0xffff, 0xffff, 0xffff, 0xffff, 0xffdf,
    0xffff, 0x9492, 0x8410, 0xffff, 0x738e, 0xffff, 0xffdf, 0xffdf, 0xffff, 0xffff, 0xffff, 0xffff,
    0xffff, 0xffff, 0xffdf, 0xf7be, 0x7c52, 0x6390, 0x73f1, 0x6390, 0xa576, 0xffff, 0xffdf, 0xffff,
    0xffff, 0xffff, 0xffff, 0xffff, 0xffff, 0xffff, 0xffff, 0xffdf, 0xffff, 0xc659, 0x6390, 0x6390,
    0x6390, 0x5b4f, 0xd6db, 0xffff, 0xffdf, 0xffff, 0xffff, 0xffff, 0xffff, 0xffff, 0xffff, 0xffff,
    0xffff, 0xffff, 0xffff, 0xffff, 0xffff, 0xffff, 0xffff, 0xffff, 0xffff, 0xffff, 0xffdf, 0xffdf,
    0xf7be, 0xffff, 0xce79, 0x0862, 0x0000, 0xb5b6, 0xffff, 0xffff, 0xffff, 0xffff, 0xffff, 0xffff,
    0xffff, 0xf7be, 0xe73c, 0xce79, 0xbdf7, 0xbdf7, 0xc638, 0xd6ba, 0xe71c, 0xf79e, 0xffff, 0xffff,
    0xffff, 0xffff, 0xffff, 0xffdf, 0xffdf, 0xffff, 0xffff, 0xffff, 0xffff, 0xffff, 0xffff, 0xffff,
    0xffff, 0xffff, 0xffff, 0xffff, 0xffff, 0xffff, 0xffff, 0xffff, 0xffff, 0xffff, 0xffff, 0xffff,
    0xffff, 0xffff, 0xffff, 0xffff, 0xffff, 0xffff, 0xffff, 0xffff, 0xffff, 0xffff, 0xffff, 0xffff,
    0xffff, 0xffff, 0xffff, 0xffff, 0xffff, 0xffff, 0xffff, 0xffdf, 0xffff, 0x9492, 0x8410, 0xffff,
    0x738e, 0xffff, 0xffdf, 0xffff, 0xffff, 0xffff, 0xffff, 0xffff, 0xffff, 0xffdf, 0xffff, 0xa556,
    0x5b6f, 0x6bd1, 0x6bd0, 0x6390, 0xd6db, 0xffff, 0xffdf, 0xffff, 0xffff, 0xffff, 0xffff, 0xffff,
    0xffff, 0xffff, 0xffff, 0xffff, 0xffdf, 0xffff, 0xe73d, 0x73f1, 0x73f1, 0x9d35, 0xef5d, 0xffff,
    0xffdf, 0xffff, 0xffff, 0xffff, 0xffff, 0xffff, 0xffff, 0xffff, 0xffff, 0xffff, 0xffff, 0xffff,
    0xffff, 0xffff, 0xffff, 0xffff, 0xffff, 0xffff, 0xffff, 0xffdf, 0xffdf, 0xffdf, 0xffff, 0xd69a,
    0x2124, 0x4229, 0xffdf, 0xd6ba, 0xb596, 0xa514, 0xa534, 0x9cd3, 0x52aa, 0x2104, 0x0841, 0x0000,
    0x0000, 0x0000, 0x0000, 0x0820, 0x10a2, 0x2104, 0x4208, 0x6b6d, 0x9cf3, 0xce79, 0xf7be, 0xffff,
    0xffff, 0xffff, 0xffdf, 0xffdf, 0xffff, 0xffff, 0xffff, 0xffff, 0xffff, 0xffff, 0xffff, 0xffff,
    0xffff, 0xffff, 0xffff, 0xffff, 0xffff, 0xffff, 0xffff, 0xffff, 0xffff, 0xffff, 0xffff, 0xffff,
    0xffff, 0xffff, 0xffff, 0xffff, 0xffff, 0xffff, 0xffff, 0xffff, 0xffff, 0xffff, 0xffff, 0xffff,
    0xffff, 0xffff, 0xffff, 0xffdf, 0xffff, 0x9492, 0x8410, 0xffff, 0x738e, 0xffff, 0xffdf, 0xffff,
    0xffff, 0xffff, 0xffff, 0xffff, 0xffdf, 0xffff, 0xe71c, 0x6390, 0x6390, 0x6390, 0x636f, 0x6bd0,
    0xef7e, 0xffff, 0xffff, 0xffff, 0xffff, 0xffff, 0xffff, 0xffff, 0xffff, 0xffff, 0xffff, 0xffff,
    0xffff, 0xffdf, 0xffff, 0xad76, 0xce7a, 0xffff, 0xf7be, 0xffff, 0xffff, 0xffff, 0xffff, 0xffff,
    0xffff, 0xffff, 0xffff, 0xffff, 0xffff, 0xffff, 0xffff, 0xffff, 0xffff, 0xffff, 0xffff, 0xffff,
    0xffff, 0xffff, 0xffff, 0xffff, 0xffff, 0xffdf, 0xce59, 0xa514, 0x632c, 0x2124, 0x630c, 0x2104,
    0x0000, 0x0000, 0x0000, 0x0000, 0x1082, 0x2104, 0x2104, 0x18c3, 0x0861, 0x0000, 0x0000, 0x0000,
    0x0000, 0x0000, 0x0000, 0x0000, 0x0000, 0x0020, 0x2945, 0x632c, 0xad75, 0xef7d, 0xffff, 0xffff,
    0xffff, 0xffff, 0xffff, 0xffff, 0xffff, 0xffff, 0xffff, 0xffff, 0xffff, 0xffff, 0xffff, 0xffff,
    0xffff, 0xffff, 0xffff, 0xffff, 0xffff, 0xffff, 0xffff, 0xffff, 0xffff, 0xffff, 0xffff, 0xffff,
    0xffff, 0xffff, 0xffff, 0xffff, 0xffff, 0xffff, 0xffff, 0xffff, 0xffff, 0xffff, 0xffff, 0xffdf,
    0xffff, 0x94b2, 0x8410, 0xffff, 0x738e, 0xffff, 0xffdf, 0xffff, 0xffff, 0xffff, 0xffff, 0xffff,
    0xffdf, 0xffff, 0xa556, 0x5b4f, 0x6390, 0x638f, 0x5b4f, 0x7c32, 0xffdf, 0xffff, 0xffff, 0xffff,
    0xffff, 0xffff, 0xffff, 0xffff, 0xffff, 0xffff, 0xffff, 0xffff, 0xffff, 0xffff, 0xffff, 0xf7be,
    0xffff, 0xffff, 0xffff, 0xffff, 0xffff, 0xffff, 0xffff, 0xffff, 0xffff, 0xffff, 0xffff, 0xffff,
    0xffff, 0xffff, 0xffff, 0xffff, 0xffff, 0xffff, 0xffff, 0xffdf, 0xffff, 0xffff, 0xffff, 0xc618,
    0x738e, 0x2965, 0x2104, 0x39a6, 0x5acb, 0x9cd3, 0x8410, 0x630c, 0x1082, 0x18c3, 0x5acb, 0x73ce,
    0x73ae, 0x632c, 0x5aeb, 0x6b6e, 0x7bef, 0x73ae, 0x52aa, 0x1082, 0x0000, 0x0000, 0x0861, 0x0841,
    0x0820, 0x0000, 0x0000, 0x0000, 0x0000, 0x18e3, 0x6b6d, 0xce79, 0xffff, 0xffff, 0xffdf, 0xffff,
    0xffff, 0xffff, 0xffff, 0xffff, 0xffff, 0xffff, 0xffff, 0xffff, 0xffff, 0xffff, 0xffff, 0xffff,
    0xffff, 0xffff, 0xffff, 0xffff, 0xffff, 0xffff, 0xffff, 0xffff, 0xffff, 0xffff, 0xffff, 0xffff,
    0xffff, 0xffff, 0xffff, 0xffff, 0xffff, 0xffff, 0xffff, 0xffdf, 0xffff, 0x94b2, 0x8410, 0xffff,
    0x738e, 0xffff, 0xffdf, 0xffff, 0xffff, 0xffff, 0xffff, 0xffff, 0xffff, 0xffdf, 0x7c32, 0x636f,
    0x6390, 0x6390, 0x5b6f, 0x7c52, 0xffdf, 0xffff, 0xffff, 0xffff, 0xffff, 0xffff, 0xffff, 0xffff,
    0xffff, 0xffff, 0xffff, 0xffff, 0xffff, 0xffff, 0xffff, 0xffff, 0xffff, 0xffff, 0xffff, 0xffff,
    0xffff, 0xffff, 0xffff, 0xffff, 0xffff, 0xffff, 0xffff, 0xffff, 0xffff, 0xffff, 0xffff, 0xffff,
    0xffff, 0xffff, 0xffdf, 0xffff, 0xffdf, 0xad55, 0x39e7, 0x0000, 0x0000, 0x0000, 0x10a2, 0x2965,
    0x31a6, 0x4a69, 0x7bef, 0x4228, 0x0841, 0x2965, 0x3186, 0x0841, 0x0000, 0x0000, 0x0000, 0x0000,
    0x0020, 0x3186, 0x73af, 0xb5b6, 0x94b2, 0x2965, 0x0000, 0x0000, 0x0020, 0x0000, 0x0000, 0x0000,
    0x0000, 0x0000, 0x0000, 0x0841, 0x5aaa, 0xc638, 0xffff, 0xffff, 0xffdf, 0xffff, 0xffff, 0xffff,
    0xffff, 0xffff, 0xffff, 0xffff, 0xffff, 0xffff, 0xffff, 0xffff, 0xffff, 0xffff, 0xffff, 0xffff,
    0xffff, 0xffff, 0xffff, 0xffff, 0xffff, 0xffff, 0xffff, 0xffff, 0xffff, 0xffff, 0xffff, 0xffff,
    0xffff, 0xffff, 0xffff, 0xffdf, 0xffff, 0x94b2, 0x8410, 0xffff, 0x738e, 0xffff, 0xffdf, 0xffff,
    0xffff, 0xffff, 0xffff, 0xffdf, 0xffff, 0xe73c, 0x6390, 0x6390, 0x6390, 0x6390, 0x636f, 0x7411,
    0xf7bf, 0xffff, 0xffff, 0xffff, 0xffff, 0xffff, 0xffff, 0xffff, 0xffff, 0xffff, 0xffff, 0xffff,
    0xffff, 0xffff, 0xffff, 0xffff, 0xffff, 0xffff, 0xffff, 0xffff, 0xffff, 0xffff, 0xffff, 0xffff,
    0xffff, 0xffff, 0xffff, 0xffff, 0xffff, 0xffff, 0xffff, 0xffff, 0xffdf, 0xffff, 0xffff, 0xc618,
    0x39e7, 0x0000, 0x0000, 0x0020, 0x0020, 0x0020, 0x0000, 0x0000, 0x0000, 0x0000, 0x0000, 0x0000,
    0x0000, 0x0000, 0x0000, 0x0000, 0x0000, 0x0000, 0x0000, 0x0000, 0x0000, 0x0000, 0x0000, 0x18c3,
    0x8c71, 0xef7d, 0xad55, 0x2965, 0x0000, 0x0000, 0x0000, 0x0000, 0x0000, 0x0000, 0x0020, 0x0000,
    0x0000, 0x0020, 0x52aa, 0xd69a, 0xffff, 0xffff, 0xffdf, 0xffff, 0xffff, 0xffff, 0xffff, 0xffff,
    0xffff, 0xffff, 0xffff, 0xffff, 0xffff, 0xffff, 0xffff, 0xffff, 0xffff, 0xffff, 0xffff, 0xffff,
    0xffff, 0xffff, 0xffff, 0xffff, 0xffff, 0xffff, 0xffff, 0xffff, 0xffff, 0xffff, 0xffff, 0xffdf,
    0xffff, 0x9492, 0x8410, 0xffff, 0x73ae, 0xffff, 0xffdf, 0xffdf, 0xffff, 0xffff, 0xffff, 0xffdf,
    0xffff, 0xce9a, 0x5b4f, 0x6390, 0x636f, 0x636f, 0x638f, 0x638f, 0xe73c, 0xffff, 0xffff, 0xffff,
    0xffff, 0xffff, 0xffff, 0xffff, 0xffff, 0xffff, 0xffff, 0xffff, 0xffff, 0xffff, 0xffff, 0xffff,
    0xffff, 0xffff, 0xffff, 0xffff, 0xffff, 0xffff, 0xffff, 0xffff, 0xffff, 0xffff, 0xffff, 0xffff,
    0xffff, 0xffff, 0xffff, 0xffdf, 0xffff, 0xef7d, 0x5b0c, 0x0020, 0x0020, 0x0020, 0x0020, 0x0000,
    0x0000, 0x0000, 0x0000, 0x0000, 0x0000, 0x0020, 0x0020, 0x0000, 0x0000, 0x0000, 0x0000, 0x0000,
    0x0000, 0x0000, 0x0000, 0x0000, 0x0000, 0x0020, 0x0820, 0x0000, 0x0000, 0x31a7, 0xe6fc, 0xffff,
    0x8c51, 0x10a2, 0x0000, 0x0020, 0x0000, 0x0000, 0x0000, 0x0000, 0x0000, 0x0000, 0x0000, 0x0861,
    0x7bef, 0xf79e, 0xffff, 0xffdf, 0xffff, 0xffff, 0xffff, 0xffff, 0xffff, 0xffff, 0xffff, 0xffff,
    0xffff, 0xffff, 0xffff, 0xffff, 0xffff, 0xffff, 0xffff, 0xffff, 0xffff, 0xffff, 0xffff, 0xffff,
    0xffff, 0xffff, 0xffff, 0xffff, 0xffff, 0xffff, 0xffff, 0xffdf, 0xffff, 0x9492, 0x8410, 0xffff,
    0x73ae, 0xffff, 0xffdf, 0xffff, 0xffff, 0xffff, 0xffff, 0xffdf, 0xffff, 0xc65a, 0x5b2e, 0x6390,
    0x638f, 0x638f, 0x6390, 0x5b2e, 0xbe18, 0xffff, 0xffdf, 0xffff, 0xffff, 0xffff, 0xffff, 0xffff,
    0xffff, 0xffff, 0xffff, 0xffff, 0xffff, 0xffff, 0xffff, 0xffff, 0xffff, 0xffff, 0xffff, 0xffff,
    0xffff, 0xffff, 0xffff, 0xffff, 0xffff, 0xffff, 0xffff, 0xffff, 0xffff, 0xffdf, 0xffdf, 0xffff,
    0xbdf7, 0x18c3, 0x18e3, 0x31a6, 0x0861, 0x0000, 0x0000, 0x0000, 0x0000, 0x0000, 0x0000, 0x0000,
    0x0000, 0x0000, 0x0000, 0x0000, 0x0000, 0x0000, 0x0000, 0x0000, 0x0000, 0x0000, 0x0000, 0x0000,
    0x0000, 0x0000, 0x0000, 0x0000, 0x0020, 0x0000, 0x1082, 0xc638, 0xffff, 0xd6ba, 0x528a, 0x0000,
    0x0020, 0x0020, 0x0000, 0x0000, 0x0000, 0x0000, 0x0020, 0x0000, 0x0000, 0x3185, 0xbdf7, 0xffff,
    0xffdf, 0xffdf, 0xffff, 0xffff, 0xffff, 0xffff, 0xffff, 0xffff, 0xffff, 0xffff, 0xffff, 0xffff,
    0xffff, 0xffff, 0xffff, 0xffff, 0xffff, 0xffff, 0xffff, 0xffff, 0xffff, 0xffff, 0xffff, 0xffff,
    0xffff, 0xffff, 0xffff, 0xffdf, 0xffff, 0x9492, 0x8410, 0xffff, 0x738e, 0xffff, 0xffdf, 0xffff,
    0xffff, 0xffff, 0xffff, 0xffdf, 0xffff, 0xce7a, 0x5b4f, 0x6390, 0x6390, 0x6390, 0x6bb0, 0x636f,
    0x8493, 0xffff, 0xffdf, 0xffdf, 0xffff, 0xffff, 0xffff, 0xffff, 0xffff, 0xffff, 0xffff, 0xffff,
    0xffff, 0xffff, 0xffff, 0xffff, 0xffff, 0xffff, 0xffff, 0xffff, 0xffff, 0xffff, 0xffff, 0xffff,
    0xffff, 0xffff, 0xffff, 0xffff, 0xffdf, 0xffff, 0xffff, 0x8410, 0x0000, 0x630c, 0x634c, 0x0841,
    0x0000, 0x0000, 0x0000, 0x0000, 0x0000, 0x0000, 0x0000, 0x0000, 0x0000, 0x0000, 0x0000, 0x0000,
    0x0000, 0x0000, 0x0000, 0x0000, 0x0000, 0x0000, 0x0000, 0x0000, 0x0000, 0x0000, 0x0000, 0x0000,
    0x0000, 0x0841, 0x0000, 0x1082, 0xce79, 0xffff, 0xffff, 0x9cd3, 0x0861, 0x0000, 0x0020, 0x0000,
    0x0000, 0x0000, 0x0000, 0x0000, 0x0020, 0x0000, 0x0000, 0x7bef, 0xffff, 0xffff, 0xffdf, 0xffff,
    0xffff, 0xffff, 0xffff, 0xffff, 0xffff, 0xffff, 0xffff, 0xffff, 0xffff, 0xffff, 0xffff, 0xffff,
    0xffff, 0xffff, 0xffff, 0xffff, 0xffff, 0xffff, 0xffff, 0xffff, 0xffff, 0xffff, 0xffff, 0xffdf,
    0xffff, 0x94b2, 0x8410, 0xffff, 0x738e, 0xffff, 0xffdf, 0xffff, 0xffff, 0xffff, 0xffff, 0xffdf,
    0xffff, 0xe71c, 0x6390, 0x6bb0, 0x6bb0, 0x6bb0, 0x6bb0, 0x6bb0, 0x636f, 0xce7a, 0xffff, 0xffdf,
    0xffff, 0xffff, 0xffff, 0xffff, 0xffff, 0xffff, 0xffff, 0xffff, 0xffff, 0xffff, 0xffff, 0xffff,
    0xffff, 0xffff, 0xffff, 0xffff, 0xffff, 0xffff, 0xffff, 0xffff, 0xffff, 0xffff, 0xffff, 0xffdf,
    0xffff, 0xf7be, 0x4a49, 0x0841, 0xa4f4, 0x5aeb, 0x0000, 0x0020, 0x0000, 0x0000, 0x0000, 0x0000,
    0x0000, 0x0000, 0x0000, 0x0000, 0x0000, 0x0000, 0x0000, 0x0000, 0x0000, 0x0000, 0x0000, 0x0000,
    0x0000, 0x0000, 0x0000, 0x0000, 0x0000, 0x0000, 0x0000, 0x0000, 0x0000, 0x0000, 0x0020, 0x0000,
    0x3166, 0xef7d, 0xf79e, 0xffff, 0xc638, 0x18c3, 0x0000, 0x0020, 0x0000, 0x0000, 0x0000, 0x0000,
    0x0020, 0x0820, 0x0020, 0x0000, 0x4a49, 0xef5d, 0xffff, 0xffdf, 0xffff, 0xffff, 0xffff, 0xffff,
    0xffff, 0xffff, 0xffff, 0xffff, 0xffff, 0xffff, 0xffff, 0xffff, 0xffff, 0xffff, 0xffff, 0xffff,
    0xffff, 0xffff, 0xffff, 0xffff, 0xffff, 0xffff, 0xffff, 0xffdf, 0xffff, 0x94b2, 0x8410, 0xffff,
    0x738e, 0xffff, 0xffdf, 0xffff, 0xffff, 0xffff, 0xffff, 0xffff, 0xffff, 0xffdf, 0x7c32, 0x638f,
    0x6bb0, 0x63b0, 0x6390, 0x6390, 0x636f, 0x6bd0, 0xe73d, 0xffff, 0xf7bf, 0xffff, 0xffff, 0xffff,
    0xffff, 0xffff, 0xffff, 0xffff, 0xffff, 0xffff, 0xffff, 0xffff, 0xffff, 0xffff, 0xffff, 0xffff,
    0xffff, 0xffff, 0xffff, 0xffff, 0xffff, 0xffff, 0xffdf, 0xffff, 0xef3d, 0x2965, 0x2124, 0xd69a,
    0x52aa, 0x0000, 0x0020, 0x0000, 0x0000, 0x0000, 0x0000, 0x0000, 0x0000, 0x0000, 0x0000, 0x0000,
    0x0000, 0x0000, 0x0000, 0x0000, 0x0000, 0x0000, 0x0000, 0x0000, 0x0000, 0x0000, 0x0000, 0x0000,
    0x0000, 0x0000, 0x0000, 0x0000, 0x0000, 0x0000, 0x0000, 0x0841, 0x0000, 0x6b6d, 0xffff, 0xf79e,
    0xffff, 0xd69a, 0x18e3, 0x0000, 0x0000, 0x0000, 0x0000, 0x0000, 0x0000, 0x0020, 0x0020, 0x0841,
    0x0000, 0x2945, 0xdedb, 0xffff, 0xf7be, 0xffff, 0xffff, 0xffff, 0xffff, 0xffff, 0xffff, 0xffff,
    0xffff, 0xffff, 0xffff, 0xffff, 0xffff, 0xffff, 0xffff, 0xffff, 0xffff, 0xffff, 0xffff, 0xffff,
    0xffff, 0xffff, 0xffff, 0xffdf, 0xffff, 0x9492, 0x8410, 0xffff, 0x73ae, 0xffff, 0xffdf, 0xffff,
    0xffff, 0xffff, 0xffff, 0xffff, 0xffdf, 0xffff, 0xa556, 0x5b2e, 0x6390, 0x636f, 0x636f, 0x636f,
    0x636f, 0x5b4e, 0x6bd0, 0xdefc, 0xffff, 0xffdf, 0xffdf, 0xffff, 0xffff, 0xffff, 0xffff, 0xffff,
    0xffff, 0xffff, 0xffff, 0xffff, 0xffff, 0xffff, 0xffff, 0xffff, 0xffff, 0xffff, 0xffff, 0xffff,
    0xffff, 0xf7be, 0xffff, 0xdedb, 0x18c3, 0x4208, 0xffff, 0x5aeb, 0x0000, 0x0020, 0x0000, 0x0000,
    0x0000, 0x0000, 0x0000, 0x0000, 0x0000, 0x0000, 0x0000, 0x0000, 0x0000, 0x0000, 0x0000, 0x0000,
    0x0000, 0x0000, 0x0000, 0x0000, 0x0000, 0x0000, 0x0000, 0x0000, 0x0000, 0x0000, 0x0000, 0x0000,
    0x0000, 0x0000, 0x0000, 0x0000, 0x0020, 0x0020, 0xc618, 0xffff, 0xef7d, 0xffff, 0xce59, 0x1082,
    0x0000, 0x0841, 0x0020, 0x0000, 0x0000, 0x0000, 0x0000, 0x0000, 0x0841, 0x0000, 0x18e3, 0xd69a,
    0xffff, 0xf7be, 0xffff, 0xffff, 0xffff, 0xffff, 0xffff, 0xffff, 0xffff, 0xffff, 0xffff, 0xffff,
    0xffff, 0xffff, 0xffff, 0xffff, 0xffff, 0xffff, 0xffff, 0xffff, 0xffff, 0xffff, 0xffff, 0xffdf,
    0xffff, 0x9492, 0x8410, 0xffff, 0x738e, 0xffff, 0xffdf, 0xffff, 0xffff, 0xffff, 0xffff, 0xffff,
    0xffdf, 0xffff, 0xe71c, 0x636f, 0x636f, 0x636f, 0x636f, 0x636f, 0x636f, 0x6390, 0x636f, 0x6bb0,
    0xbe19, 0xffdf, 0xffff, 0xffff, 0xffff, 0xffff, 0xffff, 0xffff, 0xffff, 0xffdf, 0xffdf, 0xffff,
    0xffff, 0xffff, 0xffff, 0xffff, 0xffff, 0xffff, 0xffff, 0xffff, 0xf7be, 0xffff, 0xd6ba, 0x0861,
    0x5acb, 0xffff, 0x7bcf, 0x0000, 0x0841, 0x0000, 0x0000, 0x0000, 0x0000, 0x0000, 0x0000, 0x0000,
    0x0000, 0x0000, 0x0000, 0x0000, 0x0000, 0x0000, 0x0000, 0x0000, 0x0000, 0x0000, 0x0000, 0x0000,
    0x0000, 0x0000, 0x0000, 0x0000, 0x0000, 0x0000, 0x0000, 0x0000, 0x0000, 0x0000, 0x0000, 0x0000,
    0x0841, 0x0000, 0x4a49, 0xffff, 0xf7be, 0xf79e, 0xffff, 0xbdd7, 0x0841, 0x0020, 0x0020, 0x0020,
    0x0000, 0x0000, 0x0000, 0x0000, 0x0000, 0x0020, 0x0000, 0x18c3, 0xd67a, 0xffff, 0xffdf, 0xffff,
    0xffff, 0xffff, 0xffff, 0xffff, 0xffff, 0xffff, 0xffff, 0xffff, 0xffff, 0xffff, 0xffff, 0xffff,
    0xffff, 0xffff, 0xffff, 0xffff, 0xffff, 0xffff, 0xffff, 0xffdf, 0xffff, 0x9492, 0x8410, 0xffff,
    0x73ae, 0xffff, 0xffdf, 0xffff, 0xffff, 0xffff, 0xffff, 0xffff, 0xffff, 0xffff, 0xffff, 0xad76,
    0x530e, 0x6390, 0x636f, 0x636f, 0x6390, 0x6390, 0x6bb0, 0x6bb0, 0x638f, 0x8452, 0xadb7, 0xd6db,
    0xe75d, 0xef7d, 0xe75d, 0xdefc, 0xad97, 0xa556, 0xf7bf, 0xffdf, 0xffdf, 0xffff, 0xffff, 0xffff,
    0xffff, 0xffff, 0xffdf, 0xf7be, 0xffff, 0xd6ba, 0x0861, 0x6b4d, 0xffff, 0xad75, 0x0000, 0x0841,
    0x0020, 0x0000, 0x0000, 0x0000, 0x0000, 0x0000, 0x0000, 0x0000, 0x0000, 0x0000, 0x0000, 0x0000,
    0x0000, 0x0000, 0x0000, 0x0000, 0x0861, 0x0020, 0x0000, 0x0000, 0x0000, 0x0000, 0x0000, 0x0000,
    0x0000, 0x0000, 0x0000, 0x0000, 0x0000, 0x0000, 0x0000, 0x0000, 0x0020, 0x0020, 0x0020, 0xc639,
    0xffff, 0xffdf, 0xf7be, 0xffff, 0xa514, 0x0000, 0x0841, 0x0020, 0x0000, 0x0000, 0x0000, 0x0000,
    0x0000, 0x0000, 0x0020, 0x0000, 0x2104, 0xdedb, 0xffff, 0xf7be, 0xffff, 0xffff, 0xffff, 0xffff,
    0xffff, 0xffff, 0xffff, 0xffff, 0xffff, 0xffff, 0xffff, 0xffff, 0xffff, 0xffff, 0xffff, 0xffff,
    0xffff, 0xffff, 0xffff, 0xffdf, 0xffff, 0x9492, 0x83f0, 0xffff, 0x73ae, 0xffff, 0xffdf, 0xffff,
    0xffff, 0xffff, 0xffff, 0xffff, 0xffff, 0xffff, 0xffdf, 0xf7df, 0x8473, 0x530e, 0x638f, 0x636f,
    0x638f, 0x6390, 0x6b90, 0x6bb0, 0x6bb0, 0x6390, 0x5b6f, 0x6390, 0x6bd1, 0x73f1, 0x73f1, 0x6370,
    0x6370, 0xdefc, 0xffff, 0xffdf, 0xffdf, 0xffff, 0xffff, 0xffff, 0xffff, 0xffdf, 0xf7be, 0xffff,
    0xdefb, 0x0862, 0x6b4d, 0xffff, 0xef5d, 0x2104, 0x0020, 0x0841, 0x0020, 0x0000, 0x0000, 0x0000,
    0x0000, 0x0000, 0x0000, 0x0000, 0x0000, 0x0000, 0x0000, 0x0000, 0x0000, 0x0000, 0x0000, 0x0000,
    0x39c7, 0x18c3, 0x0000, 0x0000, 0x0000, 0x0000, 0x0000, 0x0000, 0x0000, 0x0000, 0x0000, 0x0000,
    0x0000, 0x0000, 0x0000, 0x0000, 0x0000, 0x0000, 0x0000, 0x738e, 0xffff, 0xf7be, 0xffdf, 0xf7be,
    0xffff, 0x73ae, 0x0000, 0x0020, 0x0000, 0x0000, 0x0000, 0x0000, 0x0000, 0x0000, 0x0000, 0x0841,
    0x0000, 0x2945, 0xe73c, 0xffff, 0xffdf, 0xffff, 0xffff, 0xffff, 0xffff, 0xffff, 0xffff, 0xffff,
    0xffff, 0xffff, 0xffff, 0xffff, 0xffff, 0xffff, 0xffff, 0xffff, 0xffff, 0xffff, 0xffff, 0xffdf,
    0xffff, 0x9492, 0x8410, 0xffff, 0x738e, 0xffff, 0xffdf, 0xffff, 0xffff, 0xffff, 0xffff, 0xffff,
    0xffff, 0xffdf, 0xffdf, 0xffff, 0xf79e, 0x8473, 0x5b2e, 0x63b0, 0x6bb0, 0x6bb0, 0x6bb0, 0x6bb0,
    0x6390, 0x6390, 0x6390, 0x6390, 0x6390, 0x6bb0, 0x5b6f, 0x6bd1, 0xdefc, 0xffff, 0xffdf, 0xffff,
    0xffff, 0xffff, 0xffff, 0xffff, 0xffff, 0xffdf, 0xffdf, 0xf79e, 0x18e3, 0x630c, 0xffff, 0xffff,
    0x7c10, 0x0000, 0x0841, 0x0020, 0x0000, 0x0000, 0x0020, 0x0000, 0x10a2, 0x2124, 0x0000, 0x0000,
    0x0000, 0x0000, 0x0000, 0x0000, 0x0000, 0x0000, 0x0020, 0x0000, 0x4a49, 0x39c7, 0x0000, 0x0020,
    0x0000, 0x0000, 0x0000, 0x0000, 0x0000, 0x0000, 0x0000, 0x0020, 0x0020, 0x0841, 0x0000, 0x4229,
    0xc638, 0xa534, 0x3186, 0x2104, 0xf7be, 0xffdf, 0xf7be, 0xffdf, 0xf7be, 0xf7be, 0x39c7, 0x0000,
    0x0841, 0x0000, 0x0000, 0x0000, 0x0000, 0x0000, 0x0000, 0x0000, 0x0841, 0x0000, 0x4228, 0xffdf,
    0xf7be, 0xffdf, 0xffff, 0xffff, 0xffff, 0xffff, 0xffff, 0xffff, 0xffff, 0xffff, 0xffff, 0xffff,
    0xffff, 0xffff, 0xffff, 0xffff, 0xffff, 0xffff, 0xffff, 0xffdf, 0xffff, 0x94b2, 0x8410, 0xffff,
    0x738e, 0xffff, 0xffdf, 0xffdf, 0xffff, 0xffff, 0xffff, 0xffff, 0xffff, 0xffff, 0xffff, 0xffdf,
    0xffff, 0xffdf, 0xa556, 0x6390, 0x636f, 0x6bb0, 0x6bd0, 0x6bb0, 0x6bb0, 0x6390, 0x638f, 0x636f,
    0x5b2e, 0x532e, 0x8473, 0xe73d, 0xffff, 0xffdf, 0xffff, 0xffff, 0xffff, 0xffff, 0xffff, 0xffff,
    0xffdf, 0xf7be, 0xffff, 0x39e7, 0x4a49, 0xffff, 0xf7be, 0xe73c, 0x18c3, 0x0000, 0x0000, 0x0000,
    0x0000, 0x0000, 0x0020, 0x0000, 0x5aeb, 0x18e3, 0x0000, 0x0020, 0x0000, 0x0000, 0x0000, 0x0000,
    0x0000, 0x0000, 0x0020, 0x0000, 0x630c, 0x630c, 0x0000, 0x0841, 0x0020, 0x0000, 0x0000, 0x0000,
    0x0000, 0x0000, 0x0000, 0x0000, 0x0000, 0x0020, 0x0020, 0xd69a, 0xffff, 0xffff, 0xf7be, 0x6b6e,
    0xc638, 0xffff, 0xf7be, 0xffdf, 0xf7be, 0xffff, 0xce79, 0x0861, 0x0020, 0x0000, 0x0000, 0x0000,
    0x0000, 0x0000, 0x0000, 0x0000, 0x0020, 0x0841, 0x0000, 0x7bcf, 0xffff, 0xffdf, 0xffff, 0xffff,
    0xffff, 0xffff, 0xffff, 0xffff, 0xffff, 0xffff, 0xffff, 0xffff, 0xffff, 0xffff, 0xffff, 0xffff,
    0xffff, 0xffff, 0xffff, 0xffdf, 0xffff, 0x9492, 0x8410, 0xffff, 0x738e, 0xffff, 0xffdf, 0xffff,
    0xffff, 0xffff, 0xffff, 0xffff, 0xffff, 0xffff, 0xffff, 0xffff, 0xffff, 0xffff, 0xffff, 0xdefc,
    0x94f5, 0x6bd0, 0x5b4f, 0x5b4e, 0x5b2e, 0x5b2e, 0x5b4e, 0x636f, 0x8473, 0xc639, 0xffff, 0xffff,
    0xffdf, 0xffff, 0xffff, 0xffff, 0xffff, 0xffff, 0xffff, 0xffff, 0xffdf, 0xffff, 0x6b6d, 0x2124,
    0xffdf, 0xf79e, 0xffff, 0x8430, 0x0000, 0x4228, 0x3186, 0x0000, 0x0020, 0x0020, 0x0000, 0x39c7,
    0x6b4d, 0x0000, 0x0000, 0x0020, 0x0020, 0x0000, 0x0000, 0x0000, 0x0000, 0x0020, 0x0841, 0x0000,
    0x8c31, 0x7bef, 0x0000, 0x0841, 0x0000, 0x0000, 0x0000, 0x0000, 0x0000, 0x0000, 0x39c7, 0x8430,
    0x10a2, 0x0000, 0x10a2, 0xdefb, 0xffff, 0xf79e, 0xffff, 0xffff, 0xef5d, 0xffff, 0xffdf, 0xffdf,
    0xffdf, 0xf7be, 0xffff, 0x840f, 0x0000, 0x0841, 0x0020, 0x0020, 0x0000, 0x0000, 0x0000, 0x0000,
    0x0000, 0x0020, 0x0841, 0x0020, 0xbdd7, 0xffff, 0xf7be, 0xffff, 0xffff, 0xffff, 0xffff, 0xffff,
    0xffff, 0xffff, 0xffff, 0xffff, 0xffff, 0xffff, 0xffff, 0xffff, 0xffff, 0xffff, 0xffff, 0xffdf,
    0xffff, 0x9492, 0x8410, 0xffff, 0x738e, 0xffff, 0xffdf, 0xffff, 0xffff, 0xffff, 0xffff, 0xffff,
    0xffff, 0xffff, 0xffff, 0xffff, 0xffff, 0xffff, 0xffdf, 0xffff, 0xffff, 0xef7d, 0xce7a, 0xb5b7,
    0xad97, 0xb5b7, 0xce7a, 0xe73d, 0xffff, 0xffff, 0xffff, 0xffff, 0xffff, 0xffff, 0xffff, 0xffff,
    0xffdf, 0xffdf, 0xffdf, 0xf7be, 0xffff, 0xa514, 0x0861, 0xdefb, 0xffdf, 0xffdf, 0xf79e, 0x39c7,
    0x9492, 0xffff, 0x3186, 0x0000, 0x0841, 0x0020, 0x0000, 0x8431, 0x18e3, 0x0861, 0x2104, 0x0000,
    0x0000, 0x0000, 0x0020, 0x0020, 0x0020, 0x0020, 0x0841, 0x0000, 0xbdb7, 0x8430, 0x0000, 0x0841,
    0x0000, 0x0000, 0x0000, 0x0000, 0x31a6, 0x0000, 0xb576, 0xffff, 0xdedb, 0x2945, 0x0020, 0xdedb,
    0xffff, 0xf7be, 0xffdf, 0xffff, 0xffff, 0xffdf, 0xffdf, 0xffdf, 0xffff, 0xffdf, 0xf7be, 0xf79e,
    0x2965, 0x0000, 0x0840, 0x0020, 0x0020, 0x0000, 0x0000, 0x0000, 0x0000, 0x0000, 0x0841, 0x0000,
    0x2124, 0xef5d, 0xffdf, 0xffff, 0xffff, 0xffff, 0xffff, 0xffff, 0xffff, 0xffff, 0xffff, 0xffff,
    0xffff, 0xffff, 0xffff, 0xffff, 0xffff, 0xffff, 0xffff, 0xffdf, 0xffff, 0x9492, 0x8410, 0xffff,
    0x738e, 0xffff, 0xffdf, 0xffff, 0xffff, 0xffff, 0xffff, 0xffff, 0xffff, 0xffff, 0xffff, 0xffff,
    0xffff, 0xffff, 0xffff, 0xffff, 0xffff, 0xffff, 0xffff, 0xffff, 0xffff, 0xffff, 0xffff, 0xffff,
    0xffff, 0xffff, 0xffff, 0xffff, 0xffff, 0xffff, 0xffff, 0xffff, 0xffdf, 0xffdf, 0xf7be, 0xffff,
    0xd69a, 0x0020, 0xb596, 0xffff, 0xf79e, 0xffff, 0xe71c, 0xc638, 0xffff, 0x8430, 0x2144, 0x0861,
    0x0000, 0x0000, 0x2966, 0x8451, 0x0000, 0x83f0, 0x6b6d, 0x0000, 0x0841, 0x0000, 0x0020, 0x0020,
    0x0020, 0x0820, 0x0020, 0x0020, 0xe73c, 0x7bcf, 0x0000, 0x0841, 0x0000, 0x0000, 0x0000, 0x0000,
    0x4208, 0x0861, 0x4228, 0xffdf, 0xffff, 0xd69a, 0x0020, 0xad55, 0xffff, 0xf79e, 0xffdf, 0xffdf,
    0xffdf, 0xffff, 0xffff, 0xffff, 0xffff, 0xffdf, 0xffdf, 0xffff, 0xb5b6, 0x0000, 0x0020, 0x0020,
    0x0020, 0x0020, 0x0000, 0x0000, 0x0000, 0x0000, 0x0000, 0x0020, 0x0000, 0x6b4d, 0xffff, 0xf7be,
    0xffdf, 0xffff, 0xffff, 0xffff, 0xffff, 0xffff, 0xffff, 0xffff, 0xffff, 0xffff, 0xffff, 0xffff,
    0xffff, 0xffff, 0xffff, 0xffdf, 0xffff, 0x94b2, 0x8410, 0xffff, 0x738e, 0xffff, 0xffdf, 0xffff,
    0xffff, 0xffff, 0xffff, 0xffff, 0xffff, 0xffff, 0xffff, 0xffff, 0xffff, 0xffff, 0xffff, 0xffff,
    0xffff, 0xffff, 0xffff, 0xffdf, 0xffdf, 0xffdf, 0xffff, 0xffff, 0xffff, 0xffff, 0xffff, 0xffff,
    0xffff, 0xffff, 0xffff, 0xffff, 0xffff, 0xffdf, 0xffdf, 0xffdf, 0x2104, 0x6b6d, 0xffff, 0xf7be,
    0xffff, 0xffff, 0xffff, 0xffff, 0xbdf7, 0x4208, 0x738e, 0x0000, 0x0841, 0x0000, 0x7bef, 0x528a,
    0x0000, 0xdedb, 0x4a69, 0x3186, 0x39c7, 0x0000, 0x0020, 0x0000, 0x0000, 0x0841, 0x0000, 0x2104,
    0xffff, 0x634c, 0x0000, 0x0841, 0x0000, 0x0000, 0x0000, 0x0000, 0x0000, 0x0020, 0x0000, 0x5aeb,
    0xf79e, 0xffff, 0x6b6d, 0x2965, 0xffff, 0xf7be, 0xffdf, 0xffdf, 0xffff, 0xf7be, 0xffff, 0xffff,
    0xffff, 0xffff, 0xffff, 0xf7be, 0xffff, 0x52aa, 0x0000, 0x0841, 0x0000, 0x0000, 0x0000, 0x0000,
    0x0000, 0x0000, 0x0000, 0x0020, 0x0841, 0x0020, 0xc5f8, 0xffff, 0xffdf, 0xffff, 0xffff, 0xffff,
    0xffff, 0xffff, 0xffff, 0xffff, 0xffff, 0xffff, 0xffff, 0xffff, 0xffff, 0xffff, 0xffff, 0xffdf,
    0xffff, 0x94b2, 0x8410, 0xffff, 0x738e, 0xffff, 0xffdf, 0xffff, 0xffff, 0xffff, 0xffff, 0xffff,
    0xffff, 0xffff, 0xffff, 0xffff, 0xffff, 0xffff, 0xffff, 0xffff, 0xffff, 0xffff, 0xffff, 0xffff,
    0xffff, 0xffff, 0xffff, 0xffff, 0xffff, 0xffff, 0xffff, 0xffff, 0xffff, 0xffff, 0xffff, 0xffff,
    0xffff, 0xffdf, 0xffff, 0x5b0c, 0x31a6, 0xffff, 0xf7be, 0xffff, 0xc618, 0xef5d, 0xffdf, 0xf79e,
    0x3186, 0x18e3, 0x0861, 0x0000, 0x0020, 0x0841, 0xad75, 0x10a2, 0x18e3, 0xd6db, 0x1082, 0x3186,
    0x18c3, 0x0000, 0x0000, 0x0000, 0x0000, 0x0841, 0x0000, 0x2104, 0xffdf, 0x4a89, 0x0000, 0x0841,
    0x0000, 0x0000, 0x0000, 0x0000, 0x0000, 0x0000, 0x0020, 0x0000, 0x39c7, 0xc618, 0xd6ba, 0x0000,
    0x7bef, 0xffff, 0xf79e, 0xf7be, 0xffff, 0xce79, 0xad55, 0xffff, 0xf7be, 0xc638, 0xffff, 0xf79e,
    0xffdf, 0xc638, 0x0020, 0x0020, 0x0000, 0x0000, 0x0000, 0x0000, 0x0000, 0x0000, 0x0000, 0x0000,
    0x0021, 0x0000, 0x4228, 0xffff, 0xffff, 0xffff, 0xffff, 0xffff, 0xffff, 0xffff, 0xffff, 0xffff,
    0xffff, 0xffff, 0xffff, 0xffff, 0xffff, 0xffff, 0xffff, 0xffdf, 0xffff, 0x94b2, 0x8410, 0xffff,
    0x738e, 0xffff, 0xffdf, 0xffff, 0xffff, 0xffff, 0xffff, 0xffff, 0xffff, 0xffff, 0xffff, 0xffff,
    0xffff, 0xffff, 0xffff, 0xffff, 0xffff, 0xffff, 0xffff, 0xffff, 0xffff, 0xffff, 0xffff, 0xffff,
    0xffff, 0xffff, 0xffff, 0xffff, 0xffff, 0xffff, 0xffff, 0xffff, 0xf7be, 0xffff, 0x9d13, 0x1082,
    0xe73c, 0xf7be, 0xffff, 0xb5b6, 0x630c, 0xf7be, 0xffff, 0x73af, 0x0000, 0x0020, 0x0000, 0x0820,
    0x0000, 0x39e7, 0xad55, 0x0000, 0x4208, 0x632c, 0x0000, 0x0000, 0x0000, 0x0000, 0x0000, 0x0000,
    0x0000, 0x0020, 0x0000, 0x39c7, 0xffff, 0x2965, 0x0000, 0x0841, 0x0020, 0x0020, 0x0000, 0x0000,
    0x0000, 0x0000, 0x0000, 0x0020, 0x0000, 0x0000, 0x6b6e, 0x6b6d, 0x0000, 0xa514, 0xffff, 0xf7be,
    0xffff, 0xc638, 0x2124, 0xef7d, 0xffff, 0x630c, 0x7bcf, 0xffff, 0xf7be, 0xffdf, 0x4a49, 0x0000,
    0x0020, 0x0000, 0x0000, 0x0000, 0x0000, 0x0000, 0x0000, 0x0000, 0x0000, 0x0820, 0x0000, 0xbdb7,
    0xffff, 0xf79e, 0xffff, 0xffff, 0xffff, 0xffff, 0xffff, 0xffff, 0xffff, 0xffff, 0xffff, 0xffff,
    0xffff, 0xffff, 0xffff, 0xffdf, 0xffff, 0x94b2, 0x8410, 0xffff, 0x738e, 0xffff, 0xffdf, 0xffff,
    0xffff, 0xffff, 0xffff, 0xffff, 0xffff, 0xffff, 0xffff, 0xffff, 0xffff, 0xffff, 0xffff, 0xffff,
    0xffff, 0xffff, 0xffff, 0xffff, 0xffff, 0xffff, 0xffff, 0xffff, 0xffff, 0xffff, 0xffff, 0xffff,
    0xffff, 0xffff, 0xffff, 0xffdf, 0xffdf, 0xdedb, 0x0841, 0xb596, 0xffff, 0xf79e, 0xe71c, 0x1082,
    0x9cd3, 0xffff, 0xb5b6, 0x0020, 0x0020, 0x0841, 0x0820, 0x0841, 0x0000, 0x73ae, 0x7bef, 0x0000,
    0x10a2, 0x0861, 0x0000, 0x0000, 0x0000, 0x0000, 0x0000, 0x0000, 0x0000, 0x0841, 0x0000, 0x4208,
    0xef5d, 0x10a2, 0x0000, 0x0020, 0x0000, 0x0000, 0x0000, 0x0000, 0x0000, 0x0000, 0x0000, 0x0000,
    0x0020, 0x0000, 0x0861, 0x94b2, 0x0861, 0x0000, 0x73ae, 0xdedb, 0xef7d, 0x5acb, 0x0000, 0x7bcf,
    0xffff, 0xb596, 0x0000, 0x632c, 0xffdf, 0xffff, 0xad75, 0x0000, 0x0841, 0x0020, 0x0000, 0x0000,
    0x0000, 0x0000, 0x0000, 0x0000, 0x0000, 0x0841, 0x0000, 0x4208, 0xffdf, 0xf7be, 0xffff, 0xffff,
    0xffff, 0xffff, 0xffff, 0xffff, 0xffff, 0xffff, 0xffff, 0xffff, 0xffff, 0xffff, 0xffff, 0xffdf,
    0xffff, 0x94b2, 0x8410, 0xffff, 0x738e, 0xffff, 0xffdf, 0xffff, 0xffff, 0xffff, 0xffff, 0xffff,
    0xffff, 0xffff, 0xffff, 0xffff, 0xffff, 0xffff, 0xffff, 0xffff, 0xffff, 0xffff, 0xffff, 0xffff,
    0xffff, 0xffff, 0xffff, 0xffff, 0xffff, 0xffff, 0xffff, 0xffff, 0xffff, 0xffff, 0xffdf, 0xf7de,
    0xffff, 0x39c7, 0x6b6d, 0xffff, 0xf7be, 0xffdf, 0x4208, 0x0000, 0xd6ba, 0xe73c, 0x18e3, 0x0020,
    0x0020, 0x0000, 0x0000, 0x0000, 0x0000, 0x9492, 0x4228, 0x0000, 0x0000, 0x0000, 0x0000, 0x0000,
    0x0000, 0x0000, 0x0000, 0x0000, 0x0000, 0x0020, 0x0000, 0x630c, 0xce59, 0x0000, 0x0020, 0x0020,
    0x0000, 0x0000, 0x0000, 0x0000, 0x0000, 0x0000, 0x0000, 0x0000, 0x0020, 0x0840, 0x0000, 0x738e,
    0x4208, 0x0000, 0x0000, 0x10a2, 0x2104, 0x0000, 0x0000, 0x1062, 0xdefc, 0xef7d, 0x2104, 0x0000,
    0x5aeb, 0xffff, 0xf79e, 0x2965, 0x0000, 0x0841, 0x0020, 0x0020, 0x0000, 0x0000, 0x0000, 0x0000,
    0x0000, 0x0000, 0x0020, 0x0000, 0xb5b6, 0xffff, 0xffdf, 0xffff, 0xffff, 0xffff, 0xffff, 0xffff,
    0xffff, 0xffff, 0xffff, 0xffff, 0xffff, 0xffff, 0xffff, 0xffdf, 0xffff, 0x9492, 0x83ef, 0xffff,
    0x738e, 0xffff, 0xffdf, 0xffff, 0xffff, 0xffff, 0xffff, 0xffff, 0xffff, 0xffff, 0xffff, 0xffff,
    0xffff, 0xffff, 0xffff, 0xffff, 0xffff, 0xffff, 0xffff, 0xffff, 0xffff, 0xffff, 0xffff, 0xffff,
    0xffff, 0xffff, 0xffff, 0xffff, 0xffff, 0xffff, 0xf7be, 0xffff, 0x8c51, 0x3186, 0xffdf, 0xef7d,
    0xffff, 0x73ae, 0x0000, 0x2104, 0xe73c, 0x39c7, 0x0000, 0x0020, 0x0000, 0x0000, 0x0000, 0x0000,
    0x0000, 0x9cf3, 0x18e3, 0x0000, 0x0020, 0x0020, 0x0000, 0x0000, 0x0000, 0x0000, 0x0000, 0x0000,
    0x0000, 0x0020, 0x0000, 0x5aeb, 0xbdd6, 0x4228, 0x0000, 0x0020, 0x0000, 0x0000, 0x0000, 0x0000,
    0x0000, 0x0000, 0x0000, 0x0020, 0x0020, 0x0020, 0x0000, 0x2945, 0x7bcf, 0x0000, 0x0841, 0x0000,
    0x0000, 0x0000, 0x0020, 0x0000, 0x73ae, 0xffff, 0x632c, 0x0020, 0x0000, 0x630c, 0xffff, 0x8c50,
    0x0000, 0x0020, 0x0000, 0x0000, 0x0000, 0x0000, 0x0000, 0x0000, 0x0000, 0x0000, 0x0020, 0x0000,
    0x52aa, 0xffff, 0xf7be, 0xffdf, 0xffff, 0xffff, 0xffff, 0xffff, 0xffff, 0xffff, 0xffff, 0xffff,
    0xffff, 0xffff, 0xffff, 0xffdf, 0xffff, 0x9492, 0x7bef, 0xffff, 0x736e, 0xffff, 0xffdf, 0xffff,
    0xffff, 0xffff, 0xffff, 0xffff, 0xffff, 0xffff, 0xffff, 0xffff, 0xffff, 0xffff, 0xffff, 0xffff,
    0xffff, 0xffff, 0xffff, 0xffff, 0xffff, 0xffff, 0xffff, 0xffff, 0xffff, 0xffff, 0xffff, 0xffff,
    0xffff, 0xffdf, 0xffff, 0xd69a, 0x1082, 0xd69a, 0xffff, 0xffff, 0xb5b6, 0x0000, 0x0000, 0x4a6a,
    0x7bef, 0x0000, 0x0020, 0x0000, 0x0000, 0x0000, 0x0000, 0x0000, 0x0841, 0x8430, 0x0841, 0x0020,
    0x0020, 0x0020, 0x0000, 0x0000, 0x0000, 0x0000, 0x0000, 0x0000, 0x0000, 0x0020, 0x0000, 0x4a69,
    0x9cf3, 0xb5b6, 0x0000, 0x0000, 0x0000, 0x0000, 0x0000, 0x0000, 0x0000, 0x0000, 0x0000, 0x0000,
    0x0000, 0x0000, 0x0000, 0x0000, 0x8410, 0x10c3, 0x0000, 0x0020, 0x0000, 0x0000, 0x0820, 0x0020,
    0x18e3, 0xf7be, 0xb5b6, 0x0000, 0x0861, 0x0000, 0x8410, 0xdefb, 0x0020, 0x0000, 0x0000, 0x0000,
    0x0000, 0x0000, 0x0000, 0x0000, 0x0000, 0x0000, 0x0020, 0x0020, 0x1082, 0xdefb, 0xffdf, 0xf7be,
    0xffff, 0xffff, 0xffff, 0xffff, 0xffff, 0xffff, 0xffff, 0xffff, 0xffff, 0xffff, 0xffff, 0xffdf,
    0xffff, 0x94b2, 0x83f0, 0xffff, 0x6b6e, 0xffff, 0xffdf, 0xffff, 0xffff, 0xffff, 0xffff, 0xffff,
    0xffff, 0xffff, 0xffff, 0xffff, 0xffff, 0xffff, 0xffff, 0xffff, 0xffff, 0xffff, 0xffff, 0xffff,
    0xffff, 0xffff, 0xffff, 0xffff, 0xffff, 0xffff, 0xffff, 0xffff, 0xffdf, 0xf7be, 0xffff, 0x39e7,
    0x8c51, 0xffdf, 0xd6ba, 0xf7be, 0x2145, 0x0000, 0x0000, 0x2124, 0x10a2, 0x0020, 0x0020, 0x0000,
    0x0000, 0x0000, 0x0000, 0x0000, 0x18c3, 0x632d, 0x0000, 0x0020, 0x0000, 0x0000, 0x0000, 0x0000,
    0x0000, 0x0000, 0x0000, 0x0000, 0x0000, 0x0000, 0x0000, 0x5acb, 0x9cf3, 0xffff, 0x2145, 0x0000,
    0x0020, 0x0000, 0x0000, 0x0000, 0x0000, 0x0000, 0x0000, 0x0000, 0x0000, 0x0000, 0x0000, 0x0000,
    0x5aeb, 0x4a49, 0x0000, 0x0020, 0x0000, 0x0020, 0x0020, 0x0841, 0x0000, 0xa534, 0xf7be, 0x1082,
    0x0000, 0x0841, 0x0000, 0xad75, 0x4228, 0x0000, 0x0841, 0x0000, 0x0000, 0x0000, 0x0000, 0x0000,
    0x0000, 0x0000, 0x0020, 0x0841, 0x0000, 0x9cd3, 0xffff, 0xf7be, 0xffff, 0xffff, 0xffff, 0xffff,
    0xffff, 0xffff, 0xffff, 0xffff, 0xffff, 0xffff, 0xffff, 0xffdf, 0xffff, 0x94b2, 0x8410, 0xffff,
    0x6b6d, 0xffff, 0xffdf, 0xffdf, 0xffff, 0xffff, 0xffff, 0xffff, 0xffff, 0xffff, 0xffff, 0xffff,
    0xffff, 0xffff, 0xffff, 0xffff, 0xffff, 0xffff, 0xffff, 0xffff, 0xffff, 0xffff, 0xffff, 0xffff,
    0xffff, 0xffff, 0xffff, 0xffff, 0xffdf, 0xffff, 0x9cd3, 0x39e8, 0xffff, 0x738e, 0xe73c, 0x8c71,
    0x0000, 0x0861, 0x0000, 0x0000, 0x0000, 0x0020, 0x0000, 0x0000, 0x0000, 0x0000, 0x0000, 0x0000,
    0x18c3, 0x528a, 0x0000, 0x0020, 0x0000, 0x0000, 0x0000, 0x0000, 0x0000, 0x0000, 0x0020, 0x0020,
    0x0020, 0x0000, 0x1082, 0x4228, 0xbdf7, 0xffff, 0x8c51, 0x0000, 0x0841, 0x0000, 0x0000, 0x0000,
    0x0000, 0x0000, 0x0000, 0x0000, 0x0000, 0x0000, 0x0000, 0x0000, 0x2945, 0x6b6d, 0x0000, 0x0840,
    0x0020, 0x0020, 0x0000, 0x0020, 0x0000, 0x39e7, 0xffff, 0x4228, 0x0000, 0x0841, 0x0000, 0x2965,
    0x7bef, 0x0000, 0x0020, 0x0020, 0x0000, 0x0000, 0x0000, 0x0000, 0x0000, 0x0000, 0x0000, 0x0841,
    0x0000, 0x4a69, 0xffff, 0xffdf, 0xffff, 0xffff, 0xffff, 0xffff, 0xffff, 0xffff, 0xffff, 0xffff,
    0xffff, 0xffff, 0xffff, 0xffdf, 0xffff, 0x94b2, 0x8410, 0xffff, 0x6b6e, 0xffff, 0xffdf, 0xffff,
    0xffff, 0xffff, 0xffff, 0xffff, 0xffff, 0xffff, 0xffff, 0xffff, 0xffff, 0xffff, 0xffff, 0xffff,
    0xffff, 0xffff, 0xffff, 0xffff, 0xffff, 0xffff, 0xffff, 0xffff, 0xffff, 0xffff, 0xffff, 0xffdf,
    0xffff, 0xef5d, 0x2945, 0xe71c, 0x7bcf, 0x6b4d, 0xffdf, 0x18e3, 0x0000, 0x0020, 0x0000, 0x0000,
    0x0841, 0x0000, 0x0000, 0x0000, 0x0000, 0x0000, 0x0000, 0x0000, 0x18c3, 0x3186, 0x0000, 0x0000,
    0x0000, 0x0000, 0x0000, 0x0000, 0x0000, 0x0000, 0x0020, 0x0020, 0x0020, 0x0820, 0x0840, 0x31a6,
    0xef7d, 0xf79e, 0xe73c, 0x18e3, 0x0020, 0x0020, 0x0000, 0x0000, 0x0000, 0x0000, 0x0000, 0x0000,
    0x0000, 0x0000, 0x0000, 0x0020, 0x0841, 0x6b4d, 0x0861, 0x0000, 0x0000, 0x0000, 0x0000, 0x0000,
    0x0020, 0x0000, 0xd6ba, 0x8c51, 0x0000, 0x0841, 0x0020, 0x0000, 0x4208, 0x1082, 0x0000, 0x0000,
    0x0000, 0x0000, 0x0000, 0x0000, 0x0000, 0x0000, 0x0000, 0x0000, 0x0000, 0x10a2, 0xe73c, 0xffff,
    0xffdf, 0xffff, 0xffff, 0xffff, 0xffff, 0xffff, 0xffff, 0xffff, 0xffff, 0xffff, 0xffff, 0xffdf,
    0xffff, 0x9492, 0x7c10, 0xffff, 0x738e, 0xffff, 0xffdf, 0xffff, 0xffff, 0xffff, 0xffff, 0xffff,
    0xffff, 0xffff, 0xffff, 0xffff, 0xffff, 0xffff, 0xffff, 0xffff, 0xffff, 0xffff, 0xffff, 0xffff,
    0xffff, 0xffff, 0xffff, 0xffff, 0xffff, 0xffff, 0xffff, 0xf7be, 0xffff, 0x6b4d, 0x8430, 0xa514,
    0x0000, 0xdefb, 0x9cd3, 0x0000, 0x0841, 0x0020, 0x0000, 0x0841, 0x0841, 0x0000, 0x0000, 0x0000,
    0x0000, 0x0000, 0x0000, 0x2965, 0x630c, 0x0841, 0x0020, 0x0000, 0x0000, 0x0000, 0x0000, 0x0000,
    0x0000, 0x0000, 0x0000, 0x0020, 0x0020, 0x0841, 0x0000, 0x738e, 0xffff, 0xef5d, 0xffff, 0x8c71,
    0x0000, 0x0020, 0x0000, 0x0000, 0x0000, 0x0000, 0x0000, 0x0000, 0x0000, 0x0000, 0x0000, 0x0020,
    0x0000, 0x4a49, 0x2104, 0x0000, 0x0000, 0x0000, 0x0000, 0x0000, 0x0841, 0x0000, 0x8410, 0xd69a,
    0x0020, 0x0841, 0x0820, 0x0020, 0x0020, 0x0041, 0x0000, 0x0000, 0x0000, 0x0000, 0x0000, 0x0000,
    0x0000, 0x0000, 0x0000, 0x0000, 0x0020, 0x0000, 0xad75, 0xffff, 0xf7be, 0xffff, 0xffff, 0xffff,
    0xffff, 0xffff, 0xffff, 0xffff, 0xffff, 0xffff, 0xffff, 0xffdf, 0xffff, 0x9492, 0x7bef, 0xffff,
    0x738e, 0xffff, 0xffdf, 0xffff, 0xffff, 0xffff, 0xffff, 0xffff, 0xffff, 0xffff, 0xffff, 0xffff,
    0xffff, 0xffff, 0xffff, 0xffff, 0xffff, 0xffff, 0xffff, 0xffff, 0xffff, 0xffff, 0xffff, 0xffff,
    0xffff, 0xffff, 0xffdf, 0xffff, 0xc658, 0x4228, 0xa535, 0x18c3, 0x39c7, 0xef7d, 0x2124, 0x0000,
    0x0020, 0x0000, 0x0000, 0x0861, 0x0020, 0x0000, 0x0020, 0x0000, 0x0020, 0x0840, 0x0000, 0xb5b6,
    0x7c10, 0x0000, 0x0841, 0x0020, 0x0000, 0x0000, 0x0000, 0x0000, 0x0000, 0x0000, 0x0000, 0x0000,
    0x0000, 0x0000, 0x0000, 0xbdf7, 0xffff, 0xf7be, 0xffdf, 0xf79e, 0x2124, 0x0000, 0x0841, 0x0000,
    0x0000, 0x0000, 0x0000, 0x0000, 0x0000, 0x0000, 0x0000, 0x0000, 0x0000, 0x2104, 0x2965, 0x0000,
    0x0000, 0x0000, 0x0000, 0x0000, 0x0020, 0x0000, 0x3186, 0xf79e, 0x2965, 0x0000, 0x0820, 0x0020,
    0x0000, 0x0000, 0x0000, 0x0000, 0x0000, 0x0000, 0x0000, 0x0000, 0x0000, 0x0000, 0x0000, 0x0000,
    0x0841, 0x0000, 0x738e, 0xffff, 0xf79e, 0xffff, 0xffff, 0xffff, 0xffff, 0xffff, 0xffff, 0xffff,
    0xffff, 0xffff, 0xffff, 0xffdf, 0xffff, 0x94b2, 0x8410, 0xffff, 0x738e, 0xffff, 0xffdf, 0xffff,
    0xffff, 0xffff, 0xffff, 0xffff, 0xffff, 0xffff, 0xffff, 0xffff, 0xffff, 0xffff, 0xffff, 0xffff,
    0xffff, 0xffff, 0xffff, 0xffff, 0xffff, 0xffff, 0xffff, 0xffff, 0xffff, 0xffdf, 0xf7be, 0xffff,
    0x5acb, 0x73ae, 0x630c, 0x632c, 0x7bcf, 0xa535, 0x0000, 0x0020, 0x0020, 0x0000, 0x0020, 0x18e3,
    0x0000, 0x0020, 0x0820, 0x0820, 0x0841, 0x0000, 0x41e8, 0xffff, 0x8430, 0x0000, 0x0841, 0x0020,
    0x0000, 0x0000, 0x0000, 0x0000, 0x0000, 0x0000, 0x0000, 0x0000, 0x0020, 0x0000, 0x2124, 0xf79e,
    0xffff, 0xffdf, 0xf79e, 0xffff, 0xb596, 0x0000, 0x0841, 0x0000, 0x0020, 0x1082, 0x0000, 0x0020,
    0x0000, 0x0000, 0x0000, 0x0000, 0x0000, 0x0841, 0x2124, 0x0000, 0x0000, 0x0000, 0x0000, 0x0000,
    0x0020, 0x0020, 0x0020, 0xd69a, 0x7bef, 0x0000, 0x0020, 0x0000, 0x0000, 0x0000, 0x0000, 0x0000,
    0x0000, 0x0000, 0x0000, 0x0000, 0x0000, 0x0000, 0x0000, 0x2124, 0x0841, 0x0000, 0x39e7, 0xffdf,
    0xf7be, 0xffdf, 0xffff, 0xffff, 0xffff, 0xffff, 0xffff, 0xffff, 0xffff, 0xffff, 0xffff, 0xffdf,
    0xffff, 0x94b2, 0x8410, 0xffff, 0x738e, 0xffff, 0xffdf, 0xffff, 0xffff, 0xffff, 0xffff, 0xffff,
    0xffff, 0xffff, 0xffff, 0xffff, 0xffff, 0xffff, 0xffff, 0xffff, 0xffff, 0xffff, 0xffff, 0xffff,
    0xffff, 0xffff, 0xffff, 0xffff, 0xffff, 0xffdf, 0xffff, 0xbdf7, 0x4208, 0x52aa, 0xd6ba, 0x4a49,
    0xb596, 0x4a49, 0x0000, 0x0000, 0x0000, 0x0000, 0x10a2, 0x2945, 0x0000, 0x0020, 0x0020, 0x0020,
    0x0020, 0x0020, 0xc618, 0xffff, 0x9cf3, 0x0000, 0x0020, 0x0000, 0x0000, 0x0000, 0x0000, 0x0000,
    0x0000, 0x0000, 0x0000, 0x0000, 0x0861, 0x0000, 0x73ae, 0xffff, 0xf7be, 0xffff, 0xffff, 0xffdf,
    0xffff, 0x632c, 0x0000, 0x0861, 0x0000, 0x39a6, 0x18e3, 0x0000, 0x0020, 0x0000, 0x0000, 0x0000,
    0x0000, 0x0000, 0x10a2, 0x0000, 0x0000, 0x0000, 0x0000, 0x0000, 0x0000, 0x0020, 0x0000, 0x7bef,
    0xce7a, 0x0000, 0x0000, 0x0000, 0x0000, 0x0000, 0x0000, 0x0000, 0x0000, 0x0000, 0x0000, 0x0000,
    0x0000, 0x0000, 0x0000, 0x39c7, 0x2965, 0x0000, 0x10a2, 0xe71c, 0xffff, 0xffdf, 0xffff, 0xffff,
    0xffff, 0xffff, 0xffff, 0xffff, 0xffff, 0xffff, 0xffff, 0xffdf, 0xffff, 0x94b2, 0x7bf0, 0xffff,
    0x738e, 0xffff, 0xffdf, 0xffff, 0xffff, 0xffff, 0xffff, 0xffff, 0xffff, 0xffff, 0xffff, 0xffff,
    0xffff, 0xffff, 0xffff, 0xffff, 0xffff, 0xffff, 0xffff, 0xffff, 0xffff, 0xffff, 0xffff, 0xffff,
    0xffff, 0xffdf, 0xffff, 0x5b0c, 0x1082, 0xbdf7, 0xef7d, 0x39e8, 0xbdf7, 0x0841, 0x0000, 0x0000,
    0x0020, 0x0000, 0x2965, 0x2124, 0x0000, 0x0000, 0x0000, 0x0841, 0x0000, 0x5acb, 0xffff, 0xffff,
    0xc618, 0x0000, 0x0000, 0x0000, 0x0000, 0x0000, 0x0000, 0x0000, 0x0000, 0x0000, 0x0000, 0x0020,
    0x0841, 0x0020, 0xce59, 0xffff, 0xf7be, 0xffff, 0xffff, 0xffdf, 0xffbe, 0xef7d, 0x2945, 0x0020,
    0x0000, 0x18c3, 0x73ae, 0x0000, 0x0020, 0x0000, 0x0000, 0x0000, 0x0000, 0x0000, 0x0020, 0x0000,
    0x0000, 0x0000, 0x0000, 0x0000, 0x0000, 0x0020, 0x0000, 0x2965, 0xf7be, 0x31a6, 0x0000, 0x0841,
    0x0000, 0x0000, 0x0000, 0x0000, 0x0000, 0x0000, 0x0000, 0x0000, 0x0000, 0x0000, 0x0000, 0x10a2,
    0x52aa, 0x0000, 0x0000, 0xc618, 0xffff, 0xffdf, 0xffff, 0xffff, 0xffff, 0xffff, 0xffff, 0xffff,
    0xffff, 0xffff, 0xffff, 0xffdf, 0xffff, 0x94b2, 0x8410, 0xffff, 0x736e, 0xffff, 0xffdf, 0xffff,
    0xffff, 0xffff, 0xffff, 0xffff, 0xffff, 0xffff, 0xffff, 0xffff, 0xffff, 0xffff, 0xffff, 0xffff,
    0xffff, 0xffff, 0xffff, 0xffff, 0xffff, 0xffff, 0xffff, 0xffff, 0xf7be, 0xffff, 0xdefb, 0x0000,
    0x73ae, 0xffff, 0xa514, 0x738e, 0x8c71, 0x0000, 0x0841, 0x0040, 0x0840, 0x0000, 0x39c7, 0x10a2,
    0x0000, 0x0000, 0x0020, 0x0020, 0x0841, 0xce59, 0xffdf, 0xffdf, 0xe73c, 0x10a2, 0x0000, 0x0020,
    0x0000, 0x0000, 0x0000, 0x0000, 0x0000, 0x0020, 0x0020, 0x0840, 0x0000, 0x3166, 0xffdf, 0xffdf,
    0xffdf, 0xffff, 0xffff, 0xffdf, 0xf7be, 0xffff, 0xc638, 0x0020, 0x0000, 0x0000, 0x8410, 0x630c,
    0x0000, 0x0020, 0x0000, 0x0000, 0x0000, 0x0000, 0x0000, 0x0000, 0x0000, 0x0000, 0x0000, 0x0000,
    0x0000, 0x0020, 0x0841, 0x0020, 0xd6ba, 0x9cf3, 0x0000, 0x0841, 0x0000, 0x0000, 0x0000, 0x0000,
    0x0000, 0x0000, 0x0000, 0x0000, 0x0000, 0x0000, 0x0000, 0x0000, 0x52aa, 0x2104, 0x0000, 0xa534,
    0xffff, 0xffdf, 0xffff, 0xffff, 0xffff, 0xffff, 0xffff, 0xffff, 0xffff, 0xffff, 0xffff, 0xffdf,
    0xffff, 0x94b2, 0x8410, 0xffff, 0x6b6d, 0xffff, 0xffdf, 0xffdf, 0xffff, 0xffff, 0xffff, 0xffff,
    0xffff, 0xffff, 0xffff, 0xffff, 0xffff, 0xffff, 0xffff, 0xffff, 0xffff, 0xffff, 0xffff, 0xffff,
    0xffff, 0xffff, 0xffff, 0xffff, 0xf79e, 0xffff, 0x738e, 0x2925, 0xf7be, 0xffff, 0x73ae, 0x9492,
    0x4228, 0x0000, 0x0841, 0x0020, 0x0020, 0x0000, 0x4a49, 0x0861, 0x0000, 0x0000, 0x0020, 0x0000,
    0x5acb, 0xffff, 0xf79e, 0xffbe, 0xffff, 0x4228, 0x0000, 0x0041, 0x0020, 0x0000, 0x0000, 0x0000,
    0x0000, 0x0000, 0x0000, 0x0020, 0x0000, 0x7bcf, 0xffff, 0xf7be, 0xffdf, 0xffdf, 0xffdf, 0xffdf,
    0xffdf, 0xf79e, 0xffff, 0xad55, 0x0020, 0x0020, 0x2104, 0xe6fc, 0x31a6, 0x0000, 0x0841, 0x0000,
    0x0000, 0x0000, 0x0000, 0x0000, 0x0000, 0x0000, 0x0000, 0x0000, 0x0000, 0x0020, 0x0841, 0x0000,
    0x8431, 0xf79e, 0x1082, 0x0000, 0x0000, 0x0000, 0x0000, 0x0000, 0x0000, 0x0000, 0x0000, 0x0000,
    0x0000, 0x0000, 0x0000, 0x0000, 0x31a6, 0x5aeb, 0x0000, 0x8410, 0xffff, 0xffdf, 0xffff, 0xffff,
    0xffff, 0xffff, 0xffff, 0xffff, 0xffff, 0xffff, 0xffff, 0xffdf, 0xffff, 0x94b2, 0x8410, 0xffff,
    0x736e, 0xffff, 0xffdf, 0xffff, 0xffff, 0xffff, 0xffff, 0xffff, 0xffff, 0xffff, 0xffff, 0xffff,
    0xffff, 0xffff, 0xffff, 0xffff, 0xffff, 0xffff, 0xffff, 0xffff, 0xffff, 0xffff, 0xffff, 0xffff,
    0xffff, 0xef5d, 0x18e3, 0xbdd7, 0xffff, 0xffff, 0x5aeb, 0x9492, 0x1082, 0x0000, 0x0020, 0x0000,
    0x0000, 0x0841, 0x52aa, 0x0020, 0x0000, 0x0020, 0x0000, 0x0000, 0xbdf7, 0xffff, 0xffdf, 0xf7be,
    0xffff, 0x8c51, 0x0000, 0x0861, 0x0020, 0x0820, 0x0020, 0x0000, 0x0000, 0x0000, 0x0020, 0x0020,
    0x0841, 0xd69a, 0xffff, 0xffdf, 0xffff, 0xffff, 0xffdf, 0xffdf, 0xffdf, 0xffdf, 0xffde, 0xffff,
    0xad55, 0x0020, 0x0000, 0x8c51, 0xef5d, 0x10a2, 0x0000, 0x0020, 0x0000, 0x0000, 0x0000, 0x0000,
    0x0000, 0x0000, 0x0000, 0x0000, 0x0000, 0x0000, 0x0020, 0x0000, 0x3186, 0xffff, 0x73cf, 0x0000,
    0x0821, 0x0000, 0x0000, 0x0000, 0x0000, 0x0000, 0x0000, 0x0000, 0x0000, 0x0000, 0x0000, 0x0020,
    0x0841, 0x8410, 0x0020, 0x52ab, 0xffff, 0xffdf, 0xffdf, 0xffff, 0xffff, 0xffff, 0xffff, 0xffff,
    0xffff, 0xffff, 0xffff, 0xffdf, 0xffff, 0x94b2, 0x8410, 0xffff, 0x736e, 0xffff, 0xffdf, 0xffff,
    0xffff, 0xffff, 0xffff, 0xffff, 0xffff, 0xffff, 0xffff, 0xffff, 0xffff, 0xffff, 0xffff, 0xffff,
    0xffff, 0xffff, 0xffff, 0xffff, 0xffff, 0xffff, 0xffff, 0xffdf, 0xffff, 0x94b2, 0x4208, 0xffff,
    0xffff, 0xdefb, 0x528a, 0x7bcf, 0x0000, 0x0020, 0x0000, 0x0000, 0x0000, 0x1082, 0x5acb, 0x0000,
    0x0020, 0x0841, 0x0000, 0x39a7, 0xffdf, 0xffdf, 0xffff, 0xf7be, 0xffff, 0xdedb, 0x0861, 0x0020,
    0x18a2, 0x0000, 0x0820, 0x0020, 0x0000, 0x0000, 0x0841, 0x0000, 0x4a49, 0xffff, 0xf7be, 0xffff,
    0xffff, 0xffff, 0xffff, 0xffff, 0xffff, 0xffff, 0xffff, 0xffff, 0xffff, 0xce59, 0x2145, 0x0841,
    0xe73c, 0xc638, 0x0020, 0x0020, 0x0020, 0x0000, 0x0000, 0x0000, 0x0000, 0x0000, 0x0000, 0x0000,
    0x0000, 0x0000, 0x0000, 0x0020, 0x0000, 0xc618, 0xef7d, 0x18c3, 0x0020, 0x0020, 0x0000, 0x0000,
    0x0000, 0x0000, 0x0000, 0x0000, 0x0000, 0x0000, 0x0000, 0x0020, 0x0000, 0x62ec, 0x31a6, 0x39c7,
    0xffff, 0xf7bf, 0xffdf, 0xffff, 0xffff, 0xffff, 0xffff, 0xffff, 0xffff, 0xffff, 0xffff, 0xffdf,
    0xffff, 0x94b2, 0x8410, 0xffff, 0x738e, 0xffff, 0xffdf, 0xffff, 0xffff, 0xffff, 0xffff, 0xffff,
    0xffff, 0xffff, 0xffff, 0xffff, 0xffff, 0xffff, 0xffff, 0xffff, 0xffff, 0xffff, 0xffff, 0xffff,
    0xffff, 0xffff, 0xffdf, 0xffdf, 0xffff, 0x4a69, 0xa534, 0xffff, 0xffdf, 0xb5b6, 0x5acb, 0x4a69,
    0x0000, 0x0000, 0x0000, 0x0000, 0x0000, 0x18c3, 0x5aeb, 0x0000, 0x0020, 0x0841, 0x0000, 0x9cd3,
    0xffff, 0xf79e, 0xffff, 0xffdf, 0xf7be, 0xffff, 0x52aa, 0x0000, 0x632c, 0x1082, 0x0000, 0x0000,
    0x0000, 0x0000, 0x0000, 0x0000, 0xad75, 0xffff, 0xf7be, 0xffdf, 0xffff, 0xe73c, 0x9cd3, 0x6b4d,
    0x4a69, 0x4a69, 0x528a, 0x630c, 0x632c, 0x8c51, 0x8430, 0x0861, 0x2124, 0xffff, 0xbdd7, 0x0020,
    0x0000, 0x0020, 0x0000, 0x0000, 0x0000, 0x0000, 0x0000, 0x0000, 0x0000, 0x0000, 0x0020, 0x0861,
    0x0000, 0x5aeb, 0xffff, 0x8410, 0x0000, 0x0020, 0x0000, 0x0000, 0x0000, 0x0000, 0x0000, 0x0000,
    0x0000, 0x0000, 0x0000, 0x0020, 0x0000, 0x2945, 0x630c, 0x2945, 0xffff, 0xffdf, 0xffdf, 0xffff,
    0xffff, 0xffff, 0xffff, 0xffff, 0xffff, 0xffff, 0xffff, 0xffdf, 0xffff, 0x94d2, 0x8430, 0xffff,
    0x738e, 0xffff, 0xffdf, 0xffff, 0xffff, 0xffff, 0xffff, 0xffff, 0xffff, 0xffff, 0xffff, 0xffff,
    0xffff, 0xffff, 0xffff, 0xffff, 0xffff, 0xffff, 0xffff, 0xffff, 0xffff, 0xffff, 0xffdf, 0xffff,
    0xe71c, 0x39e7, 0xef7d, 0xf79e, 0xffff, 0x94b2, 0x52aa, 0x2124, 0x0000, 0x0000, 0x0000, 0x0000,
    0x0000, 0x18c3, 0x630c, 0x0000, 0x0841, 0x0000, 0x18c3, 0xef5d, 0xffdf, 0xf7be, 0xffff, 0xffff,
    0xffff, 0xffdf, 0xce59, 0x0000, 0x5acb, 0x7bef, 0x0000, 0x0020, 0x0000, 0x0000, 0x0000, 0x0000,
    0xbdd7, 0xffff, 0xf79e, 0xffff, 0xbdf7, 0x528a, 0x4228, 0x738e, 0x8c71, 0xad75, 0xc638, 0xd69a,
    0xd69a, 0xce59, 0xce79, 0xce79, 0x738e, 0x5acb, 0xef5d, 0xb5b6, 0x0841, 0x0000, 0x0020, 0x0000,
    0x0000, 0x0000, 0x0000, 0x0000, 0x0000, 0x0000, 0x0000, 0x0020, 0x0000, 0x0861, 0xdebb, 0xef7d,
    0x2104, 0x0000, 0x0020, 0x0000, 0x0000, 0x0000, 0x0000, 0x0000, 0x0000, 0x0000, 0x0000, 0x0000,
    0x0000, 0x0000, 0x5aeb, 0x31a6, 0xef7d, 0xffdf, 0xffdf, 0xffff, 0xffff, 0xffff, 0xffff, 0xffff,
    0xffff, 0xffff, 0xffff, 0xffdf, 0xffff, 0x94d2, 0x8430, 0xffff, 0x736e, 0xffff, 0xffdf, 0xffff,
    0xffff, 0xffff, 0xffff, 0xffff, 0xffff, 0xffff, 0xffff, 0xffff, 0xffff, 0xffff, 0xffff, 0xffff,
    0xffff, 0xffff, 0xffff, 0xffff, 0xffff, 0xffff, 0xffdf, 0xffff, 0xad55, 0x630c, 0xffff, 0xef7d,
    0xffff, 0x8430, 0x4a49, 0x0861, 0x0000, 0x0000, 0x0000, 0x0000, 0x0000, 0x10a2, 0x5b0c, 0x0000,
    0x0861, 0x0000, 0x5aec, 0xffff, 0xffff, 0xffff, 0xf7be, 0xe73c, 0xf79e, 0xffff, 0xffff, 0x630c,
    0x0000, 0xe73c, 0x4a49, 0x0000, 0x0841, 0x0000, 0x0020, 0x0000, 0x94b2, 0xffff, 0xf79e, 0xffff,
    0xe71c, 0xf79e, 0xffff, 0xffff, 0xffff, 0xffff, 0xffff, 0xffff, 0xffff, 0xffff, 0xffff, 0xffff,
    0xffff, 0xc659, 0x9492, 0xffff, 0xbdf7, 0x10a2, 0x0000, 0x0020, 0x0000, 0x0000, 0x0000, 0x0000,
    0x0000, 0x0000, 0x0000, 0x0000, 0x0000, 0x0000, 0x6b4d, 0xffff, 0xad75, 0x0000, 0x0841, 0x0000,
    0x0000, 0x0000, 0x0000, 0x0000, 0x0000, 0x0000, 0x0000, 0x0000, 0x0020, 0x0000, 0x4208, 0x4228,
    0xdedb, 0xffff, 0xf7be, 0xffff, 0xffff, 0xffff, 0xffff, 0xffff, 0xffff, 0xffff, 0xffff, 0xffdf,
    0xffff, 0x94b2, 0x8410, 0xffff, 0x738e, 0xffff, 0xffdf, 0xffff, 0xffff, 0xffff, 0xffff, 0xffff,
    0xffff, 0xffff, 0xffff, 0xffff, 0xffff, 0xffff, 0xffff, 0xffff, 0xffff, 0xffff, 0xffff, 0xffff,
    0xffff, 0xffff, 0xffdf, 0xffff, 0x73ce, 0x9492, 0xffff, 0xf79e, 0xffff, 0x6b4d, 0x2125, 0x0020,
    0x0020, 0x0020, 0x0020, 0x0000, 0x0000, 0x10a2, 0x634c, 0x0020, 0x0861, 0x0020, 0xc618, 0xef7d,
    0x9cf3, 0x5b0c, 0x4228, 0x31a6, 0x4208, 0x6b4d, 0xdedb, 0xf79e, 0x2945, 0x7bcf, 0xffff, 0x4a49,
    0x0000, 0x0000, 0x0861, 0x0000, 0x5aeb, 0xffff, 0xf79e, 0xffff, 0xffff, 0xffff, 0xffff, 0xffdf,
    0xffff, 0xffdf, 0xffdf, 0xffdf, 0xffff, 0xffff, 0xffdf, 0xffdf, 0xf7df, 0xffff, 0xffff, 0xf7be,
    0xffff, 0xd6ba, 0x39c7, 0x0000, 0x0020, 0x0000, 0x0000, 0x0000, 0x0000, 0x0000, 0x0000, 0x0000,
    0x0020, 0x0841, 0x0861, 0xd69a, 0xffff, 0x52aa, 0x0000, 0x0840, 0x0000, 0x0000, 0x0000, 0x0000,
    0x0000, 0x0000, 0x0000, 0x0000, 0x0000, 0x0000, 0x1082, 0x31a6, 0xd6ba, 0xffff, 0xf7be, 0xffff,
    0xffff, 0xffff, 0xffff, 0xffff, 0xffff, 0xffff, 0xffff, 0xffdf, 0xffff, 0x94b2, 0x8410, 0xffff,
    0x738e, 0xffff, 0xffdf, 0xffff, 0xffff, 0xffff, 0xffff, 0xffff, 0xffff, 0xffff, 0xffff, 0xffff,
    0xffff, 0xffff, 0xffff, 0xffff, 0xffff, 0xffff, 0xffff, 0xffff, 0xffff, 0xffff, 0xffff, 0xffff,
    0x630c, 0xbdf7, 0xffff, 0xf7be, 0xffff, 0x4a49, 0x0020, 0x0020, 0x0000, 0x0000, 0x0000, 0x0000,
    0x0000, 0x0861, 0x73ae, 0x0861, 0x0020, 0x18a3, 0x9492, 0x7bcf, 0x94b2, 0xb5d7, 0xd6ba, 0xdefb,
    0xdedb, 0xbdd7, 0xd69a, 0xffff, 0xe71c, 0x4a69, 0xce59, 0xffff, 0x8430, 0x1082, 0x0000, 0x0000,
    0x10a2, 0xef5d, 0xffff, 0xffdf, 0xffff, 0xffdf, 0xffff, 0xffdf, 0xef7e, 0xffff, 0xffff, 0xffff,
    0xffff, 0xffff, 0xffff, 0xffff, 0xffff, 0xffdf, 0xffff, 0xffff, 0xf7be, 0xffff, 0xffdf, 0x5aeb,
    0x0000, 0x0020, 0x0000, 0x0000, 0x0000, 0x0000, 0x0020, 0x0020, 0x0020, 0x0841, 0x0000, 0x4a49,
    0xffff, 0xe73c, 0x2104, 0x0000, 0x0020, 0x0000, 0x0000, 0x0000, 0x0000, 0x0000, 0x0000, 0x0000,
    0x0000, 0x0000, 0x0020, 0x0841, 0xd6ba, 0xffff, 0xf7be, 0xffff, 0xffff, 0xffff, 0xffff, 0xffff,
    0xffff, 0xffff, 0xffff, 0xffdf, 0xffff, 0x94b2, 0x8410, 0xffff, 0x738e, 0xffff, 0xffdf, 0xffff,
    0xffff, 0xffff, 0xffff, 0xffff, 0xffff, 0xffff, 0xffff, 0xffff, 0xffff, 0xffff, 0xffff, 0xffff,
    0xffff, 0xffff, 0xffff, 0xffff, 0xffff, 0xffff, 0xffff, 0xffdf, 0x4a69, 0xd69a, 0xffff, 0xffdf,
    0xf7be, 0x3186, 0x0000, 0x0841, 0x0000, 0x0000, 0x0000, 0x0000, 0x0000, 0x0000, 0x738e, 0x1082,
    0x0000, 0x4a69, 0xce79, 0xf7be, 0xffff, 0xffff, 0xffff, 0xffff, 0xffff, 0xffff, 0xffff, 0xffdf,
    0xffff, 0xef7d, 0xc638, 0xffff, 0xffff, 0xdedb, 0x7bcf, 0x2965, 0x0000, 0x528a, 0xf79e, 0xffdf,
    0xf7be, 0xffdf, 0xffff, 0xad75, 0xe71c, 0xffff, 0xffff, 0xffff, 0xffff, 0xffff, 0xffff, 0xffff,
    0xffff, 0xffff, 0xffff, 0xffff, 0xffff, 0xffdf, 0xffff, 0xa534, 0x0000, 0x0841, 0x0020, 0x0000,
    0x0000, 0x0000, 0x0000, 0x0000, 0x0000, 0x0000, 0x0020, 0x0000, 0x94b2, 0xffff, 0xc5f8, 0x0841,
    0x0000, 0x0000, 0x0000, 0x0000, 0x0000, 0x0000, 0x0000, 0x0000, 0x0000, 0x0000, 0x0841, 0x0000,
    0xbdf7, 0xffff, 0xf7be, 0xffff, 0xffff, 0xffff, 0xffff, 0xffff, 0xffff, 0xffff, 0xffff, 0xffdf,
    0xffff, 0x94b2, 0x8410, 0xffff, 0x738e, 0xffff, 0xffdf, 0xffff, 0xffff, 0xffff, 0xffff, 0xffff,
    0xffff, 0xffff, 0xffff, 0xffff, 0xffff, 0xffff, 0xffff, 0xffff, 0xffff, 0xffff, 0xffff, 0xffff,
    0xffff, 0xffff, 0xffff, 0xf79e, 0x4208, 0xdefb, 0xffff, 0xffff, 0xe73c, 0x18c3, 0x0000, 0x0020,
    0x0000, 0x0000, 0x0000, 0x0000, 0x0000, 0x0000, 0x630c, 0x2124, 0x0000, 0x9cf4, 0xffff, 0xf7be,
    0xf7be, 0xffdf, 0xffdf, 0xffdf, 0xffdf, 0xf7be, 0xffff, 0xffff, 0xffff, 0xffff, 0xffff, 0xffff,
    0xffff, 0xffff, 0xffff, 0xf79e, 0xc638, 0x9cf3, 0xe71c, 0xffff, 0xf7be, 0xffff, 0xce59, 0xad75,
    0xffff, 0xffff, 0xffff, 0xffff, 0xffff, 0xffff, 0xffff, 0xffff, 0xffff, 0xffff, 0xffff, 0xffff,
    0xffff, 0xffdf, 0xffff, 0x9cf3, 0x0000, 0x0841, 0x0020, 0x0000, 0x0000, 0x0000, 0x0000, 0x0000,
    0x0000, 0x0000, 0x0020, 0x0020, 0x1082, 0xd69a, 0xffff, 0x9cf3, 0x0000, 0x0841, 0x0020, 0x0000,
    0x0000, 0x0000, 0x0000, 0x0000, 0x0000, 0x0020, 0x0841, 0x0000, 0xa514, 0xffff, 0xf7be, 0xffff,
    0xffff, 0xffff, 0xffff, 0xffff, 0xffff, 0xffff, 0xffff, 0xffdf, 0xffff, 0x94b2, 0x8410, 0xffff,
    0x736e, 0xffff, 0xffdf, 0xffff, 0xffff, 0xffff, 0xffff, 0xffff, 0xffff, 0xffff, 0xffff, 0xffff,
    0xffff, 0xffff, 0xffff, 0xffff, 0xffff, 0xffff, 0xffff, 0xffff, 0xffff, 0xffff, 0xffff, 0xf79e,
    0x4208, 0xdefb, 0xffff, 0xffff, 0xd6ba, 0x0841, 0x0000, 0x0020, 0x0000, 0x0000, 0x0000, 0x0000,
    0x0020, 0x0000, 0x4a69, 0x4208, 0x0000, 0xce79, 0xffff, 0xffdf, 0xffff, 0xffff, 0xffff, 0xffdf,
    0xffff, 0xdefb, 0xc5f7, 0xffdf, 0xffff, 0xffff, 0xffff, 0xffff, 0xffff, 0xffff, 0xffdf, 0xffff,
    0xffff, 0xffff, 0xffff, 0xffff, 0xffff, 0xffff, 0xdedb, 0xf7be, 0xffff, 0xffff, 0xffff, 0xffff,
    0xffff, 0xffff, 0xffff, 0xffff, 0xffff, 0xffff, 0xffff, 0xffff, 0xffff, 0xffdf, 0xffff, 0xa534,
    0x0000, 0x0841, 0x0020, 0x0000, 0x0000, 0x0000, 0x0000, 0x0000, 0x0000, 0x0000, 0x0000, 0x0020,
    0x0000, 0x39c7, 0xf79e, 0xffff, 0x8430, 0x0000, 0x0840, 0x0020, 0x0000, 0x0000, 0x0000, 0x0000,
    0x0000, 0x0000, 0x0861, 0x0000, 0x8c71, 0xffff, 0xf7be, 0xffff, 0xffff, 0xffff, 0xffff, 0xffff,
    0xffff, 0xffff, 0xffff, 0xffdf, 0xffff, 0x94b2, 0x8410, 0xffff, 0x736e, 0xffff, 0xffdf, 0xffff,
    0xffff, 0xffff, 0xffff, 0xffff, 0xffff, 0xffff, 0xffff, 0xffff, 0xffff, 0xffff, 0xffff, 0xffff,
    0xffff, 0xffff, 0xffff, 0xffff, 0xffff, 0xffff, 0xffff, 0xffdf, 0x4228, 0xce79, 0xffff, 0xffff,
    0xd69a, 0x0020, 0x0000, 0x0020, 0x0000, 0x0000, 0x0000, 0x0020, 0x0020, 0x0000, 0x2945, 0x52aa,
    0x0841, 0xe73c, 0xffff, 0xffff, 0xffff, 0xffff, 0xffff, 0xffff, 0xffff, 0xffff, 0xce59, 0xbdd7,
    0xffff, 0xffdf, 0xffff, 0xffff, 0xffff, 0xffff, 0xffff, 0xffff, 0xffdf, 0xffdf, 0xffff, 0xffff,
    0xffff, 0xffff, 0xffff, 0xffff, 0xffff, 0xffff, 0xffff, 0xffff, 0xffff, 0xffff, 0xffff, 0xffff,
    0xffff, 0xffff, 0xffff, 0xffff, 0xffff, 0xffdf, 0xffff, 0xa514, 0x0000, 0x0841, 0x0020, 0x0000,
    0x0000, 0x0000, 0x0000, 0x0000, 0x0000, 0x0000, 0x0000, 0x0000, 0x0841, 0x0000, 0x52aa, 0xffdf,
    0xffff, 0x7bcf, 0x0000, 0x0020, 0x0000, 0x0000, 0x0000, 0x0000, 0x0000, 0x0000, 0x0841, 0x0000,
    0x73ae, 0xffff, 0xf7be, 0xffff, 0xffff, 0xffff, 0xffff, 0xffff, 0xffff, 0xffff, 0xffff, 0xffdf,
    0xffff, 0x94b2, 0x8410, 0xffff, 0x736e, 0xffff, 0xffdf, 0xffff, 0xffff, 0xffff, 0xffff, 0xffff,
    0xffff, 0xffff, 0xffff, 0xffff, 0xffff, 0xffff, 0xffff, 0xffff, 0xffff, 0xffff, 0xffff, 0xffff,
    0xffff, 0xffff, 0xffdf, 0xffff, 0x5b0b, 0xa534, 0xffff, 0xffff, 0xd69a, 0x0841, 0x0000, 0x0020,
    0x0000, 0x0000, 0x0000, 0x0000, 0x0020, 0x0020, 0x0841, 0x4a69, 0x31a6, 0xf79e, 0xffff, 0xffff,
    0xffff, 0xffff, 0xffff, 0xffff, 0xffff, 0xffff, 0xffff, 0xf79e, 0xffff, 0xffff, 0xffff, 0xffff,
    0xffff, 0xffff, 0xffff, 0xffff, 0xffff, 0xffff, 0xffff, 0xffff, 0xffff, 0xffff, 0xffff, 0xffff,
    0xffff, 0xffff, 0xffff, 0xffff, 0xffff, 0xffff, 0xffff, 0xffff, 0xffff, 0xffff, 0xffff, 0xffff,
    0xffff, 0xffdf, 0xffff, 0x9cf3, 0x0000, 0x0841, 0x0000, 0x0000, 0x0000, 0x0000, 0x0000, 0x0000,
    0x0000, 0x0000, 0x0000, 0x0000, 0x0000, 0x0020, 0x0000, 0x630c, 0xffdf, 0xffff, 0x7bcf, 0x0000,
    0x0020, 0x0020, 0x0000, 0x0000, 0x0000, 0x0000, 0x0841, 0x0000, 0x4228, 0xffff, 0xffdf, 0xffff,
    0xffff, 0xffff, 0xffff, 0xffff, 0xffff, 0xffff, 0xffff, 0xffdf, 0xffff, 0x94b2, 0x8410, 0xffff,
    0x738e, 0xffff, 0xffdf, 0xffff, 0xffff, 0xffff, 0xffff, 0xffff, 0xffff, 0xffff, 0xffff, 0xffff,
    0xffff, 0xffff, 0xffff, 0xffff, 0xffff, 0xffff, 0xffff, 0xffff, 0xffff, 0xffff, 0xffdf, 0xffff,
    0x9492, 0x632c, 0xffff, 0xffff, 0xd6ba, 0x0841, 0x0020, 0x0000, 0x0000, 0x0000, 0x0000, 0x0000,
    0x0000, 0x0020, 0x0000, 0x18e3, 0x52aa, 0xffdf, 0xffdf, 0xffdf, 0xffdf, 0xffff, 0xffff, 0xffff,
    0xffff, 0xffff, 0xffff, 0xffff, 0xffff, 0xffff, 0xffff, 0xffff, 0xffff, 0xffff, 0xffff, 0xffff,
    0xffff, 0xffff, 0xffff, 0xffff, 0xffff, 0xffff, 0xffff, 0xffff, 0xffff, 0xffff, 0xffff, 0xffff,
    0xffff, 0xffff, 0xffff, 0xffff, 0xffff, 0xffff, 0xffdf, 0xffdf, 0xffff, 0xffdf, 0xffff, 0x9492,
    0x0000, 0x0841, 0x0000, 0x0000, 0x0000, 0x0000, 0x0000, 0x0000, 0x0000, 0x0000, 0x0000, 0x0000,
    0x0000, 0x0020, 0x0841, 0x0000, 0x528a, 0xef7d, 0xffff, 0x94b2, 0x0020, 0x0000, 0x0820, 0x0000,
    0x0000, 0x0000, 0x0020, 0x0000, 0x3186, 0xf79e, 0xffff, 0xffdf, 0xffff, 0xffff, 0xffff, 0xffff,
    0xffff, 0xffff, 0xffff, 0xffdf, 0xffff, 0x94b2, 0x840f, 0xffff, 0x738e, 0xffff, 0xffdf, 0xffff,
    0xffff, 0xffff, 0xffff, 0xffff, 0xffff, 0xffff, 0xffff, 0xffff, 0xffff, 0xffff, 0xffff, 0xffff,
    0xffff, 0xffff, 0xffff, 0xffff, 0xffff, 0xffff, 0xffdf, 0xffff, 0xe71c, 0x39a7, 0xef5d, 0xffff,
    0xdedb, 0x1082, 0x0000, 0x10a2, 0x10a2, 0x0000, 0x0000, 0x0000, 0x0000, 0x0000, 0x0000, 0x0000,
    0x18c3, 0xdefc, 0xffff, 0xffdf, 0xffff, 0xffff, 0xffff, 0xffff, 0xffff, 0xffff, 0xffff, 0xffff,
    0xffff, 0xffff, 0xffff, 0xffff, 0xffff, 0xffff, 0xffff, 0xffff, 0xffff, 0xffff, 0xffff, 0xffff,
    0xffff, 0xffff, 0xffff, 0xf7be, 0xf7be, 0xffff, 0xffff, 0xffff, 0xffff, 0xffff, 0xffff, 0xffdf,
    0xffdf, 0xffdf, 0xffff, 0xffff, 0xffdf, 0xf7be, 0xffff, 0x7bef, 0x0000, 0x0020, 0x0000, 0x0000,
    0x0000, 0x0000, 0x0000, 0x0000, 0x0000, 0x0000, 0x0000, 0x0020, 0x0020, 0x0020, 0x0020, 0x0841,
    0x0000, 0x2945, 0xbdf7, 0xffff, 0xbdf7, 0x18e3, 0x0000, 0x0020, 0x0000, 0x0000, 0x0000, 0x10a2,
    0x5269, 0xce59, 0xffff, 0xffdf, 0xffff, 0xffff, 0xffff, 0xffff, 0xffff, 0xffff, 0xffff, 0xffdf,
    0xffff, 0x94b2, 0x8410, 0xffff, 0x738e, 0xffff, 0xffdf, 0xffff, 0xffff, 0xffff, 0xffff, 0xffff,
    0xffff, 0xffff, 0xffff, 0xffff, 0xffff, 0xffff, 0xffff, 0xffff, 0xffff, 0xffff, 0xffff, 0xffff,
    0xffff, 0xffff, 0xffdf, 0xffdf, 0xffff, 0x7bef, 0x73ae, 0xffff, 0xe73c, 0x2104, 0x0000, 0x4208,
    0x4208, 0x0000, 0x0020, 0x0000, 0x0000, 0x0000, 0x0000, 0x0020, 0x0000, 0xad55, 0xffff, 0xf7be,
    0xffff, 0xffff, 0xffff, 0xffff, 0xffff, 0xffff, 0xffff, 0xffff, 0xffff, 0xffff, 0xffff, 0xffff,
    0xffff, 0xffff, 0xffff, 0xffff, 0xffff, 0xffff, 0xffff, 0xffff, 0xffff, 0xffdf, 0xffdf, 0xd6ba,
    0xc618, 0xce59, 0xd6ba, 0xef7d, 0xffff, 0xffff, 0xffff, 0xffff, 0xffff, 0xffff, 0xce59, 0xad96,
    0xf79e, 0xf7be, 0xffff, 0x6b6d, 0x0000, 0x0020, 0x0000, 0x0000, 0x0000, 0x0000, 0x0020, 0x0020,
    0x0000, 0x0000, 0x0020, 0x0000, 0x0020, 0x0000, 0x0000, 0x0000, 0x0020, 0x0000, 0x0020, 0x73ae,
    0xffff, 0xf79e, 0x52ca, 0x0000, 0x0000, 0x0020, 0x0000, 0x18a2, 0x738e, 0xad55, 0xffff, 0xf7be,
    0xffff, 0xffff, 0xffff, 0xffff, 0xffff, 0xffff, 0xffff, 0xffdf, 0xffff, 0x94b2, 0x8410, 0xffff,
    0x738e, 0xffff, 0xffdf, 0xffff, 0xffff, 0xffff, 0xffff, 0xffff, 0xffff, 0xffff, 0xffff, 0xffff,
    0xffff, 0xffff, 0xffff, 0xffff, 0xffff, 0xffff, 0xffff, 0xffff, 0xffff, 0xffff, 0xffff, 0xffff,
    0xffdf, 0xf7be, 0x5aeb, 0xbdd7, 0xffff, 0x31a6, 0x0000, 0x5acb, 0x73ae, 0x0000, 0x0841, 0x0000,
    0x0000, 0x0000, 0x0000, 0x0020, 0x0000, 0x5b0c, 0xffff, 0xf7be, 0xffdf, 0xffff, 0xffff, 0xffff,
    0xffff, 0xffff, 0xffff, 0xffdf, 0xffdf, 0xffff, 0xffff, 0xffff, 0xffff, 0xffff, 0xffff, 0xffff,
    0xffff, 0xffff, 0xffff, 0xffff, 0xffdf, 0xffff, 0xffdf, 0x9cd3, 0xad75, 0xd69a, 0xe73c, 0xef7d,
    0xf79e, 0xef7d, 0xdedb, 0xb596, 0x7bcf, 0x39e8, 0x0020, 0x0000, 0x7baf, 0xf79e, 0xffff, 0x52aa,
    0x0000, 0x0020, 0x0000, 0x0000, 0x0000, 0x0000, 0x0020, 0x0020, 0x0841, 0xa514, 0xc618, 0x2104,
    0x0000, 0x0020, 0x0000, 0x0000, 0x0000, 0x0000, 0x0000, 0x0000, 0x2965, 0xb596, 0xffff, 0xb596,
    0x2124, 0x0000, 0x0000, 0x0861, 0x8c31, 0x8430, 0xffff, 0xf7be, 0xffdf, 0xffff, 0xffff, 0xffff,
    0xffff, 0xffff, 0xffff, 0xffdf, 0xffff, 0x94b2, 0x8410, 0xffff, 0x738e, 0xffff, 0xffdf, 0xffff,
    0xffff, 0xffff, 0xffff, 0xffff, 0xffff, 0xffff, 0xffff, 0xffff, 0xffff, 0xffff, 0xffff, 0xffff,
    0xffff, 0xffff, 0xffff, 0xffff, 0xffff, 0xffff, 0xffff, 0xffff, 0xffdf, 0xffff, 0xef7d, 0x632c,
    0xc618, 0x5aeb, 0x0000, 0x632c, 0xc638, 0x0000, 0x0020, 0x0000, 0x0000, 0x0000, 0x0000, 0x0020,
    0x0020, 0x18e3, 0xe73c, 0xffdf, 0xffff, 0xffdf, 0xffff, 0xffff, 0xffdf, 0xe73d, 0xce59, 0xd69a,
    0xffff, 0xffff, 0xffff, 0xffff, 0xffff, 0xffff, 0xffff, 0xffff, 0xffff, 0xffff, 0xffff, 0xffff,
    0xffff, 0xffdf, 0x9cd3, 0x0000, 0x0000, 0x1082, 0x2124, 0x3186, 0x2965, 0x2104, 0x1082, 0x0000,
    0x0000, 0x0000, 0x1082, 0x9492, 0xef7d, 0xf7be, 0xffff, 0x39e7, 0x0000, 0x0000, 0x0000, 0x0000,
    0x0000, 0x0000, 0x0000, 0x0000, 0x2104, 0xffff, 0xffdf, 0x738e, 0x18c2, 0x0000, 0x0000, 0x0000,
    0x0000, 0x0000, 0x0000, 0x0020, 0x0000, 0x0000, 0x4208, 0xb5b6, 0xe71c, 0x94b2, 0x2945, 0x0000,
    0x9492, 0x7bcf, 0xef7d, 0xffdf, 0xffdf, 0xffff, 0xffff, 0xffff, 0xffff, 0xffff, 0xffff, 0xffdf,
    0xffff, 0x94b2, 0x8410, 0xffff, 0x738e, 0xffff, 0xffdf, 0xffdf, 0xffff, 0xffff, 0xffff, 0xffff,
    0xffff, 0xffff, 0xffff, 0xffff, 0xffff, 0xffff, 0xffff, 0xffff, 0xffff, 0xffff, 0xffff, 0xffff,
    0xffff, 0xffff, 0xffff, 0xffff, 0xffff, 0xffdf, 0xffff, 0xef7d, 0xad55, 0x6b6d, 0x0000, 0x5aec,
    0xffff, 0x3186, 0x0000, 0x0820, 0x0020, 0x0000, 0x0000, 0x0020, 0x0841, 0x0000, 0xb5b6, 0xffdf,
    0xef7d, 0xffff, 0xffff, 0xffff, 0xffff, 0xf79e, 0xf79e, 0xce59, 0x8410, 0xf79e, 0xffdf, 0xffdf,
    0xffff, 0xffff, 0xffff, 0xffff, 0xffff, 0xffff, 0xffff, 0xffff, 0xffff, 0xffdf, 0xd69a, 0x9cf3,
    0x4228, 0x0000, 0x0000, 0x0000, 0x0000, 0x0000, 0x0000, 0x0000, 0x2945, 0x4a8a, 0xad75, 0xffff,
    0xf7df, 0xffdf, 0xef7d, 0x2124, 0x0000, 0x0020, 0x0000, 0x0000, 0x0000, 0x0000, 0x0020, 0x0000,
    0x39e7, 0xbdd7, 0x39c7, 0x39e7, 0x7bef, 0x6b4d, 0x0020, 0x0000, 0x0020, 0x0020, 0x0020, 0x0000,
    0x0020, 0x0020, 0x0000, 0x0000, 0x2945, 0x8430, 0xbdd7, 0x7bef, 0x8430, 0x5acb, 0xd67a, 0xffff,
    0xffff, 0xffff, 0xffff, 0xffff, 0xffff, 0xffff, 0xffff, 0xffdf, 0xffff, 0x94b2, 0x8410, 0xffff,
    0x738e, 0xffff, 0xffdf, 0xffff, 0xffff, 0xffff, 0xffff, 0xffff, 0xffff, 0xffff, 0xffff, 0xffff,
    0xffff, 0xffff, 0xffff, 0xffff, 0xffff, 0xffff, 0xffff, 0xffff, 0xffff, 0xffff, 0xffff, 0xffff,
    0xffff, 0xffff, 0xffdf, 0xf7be, 0xffff, 0xb5b6, 0x0000, 0x4228, 0xffff, 0x9492, 0x0000, 0x0841,
    0x0020, 0x0020, 0x0020, 0x0020, 0x0841, 0x0000, 0x8430, 0xffff, 0x4208, 0x8410, 0xc618, 0xce79,
    0xbdd7, 0x94b2, 0x4a69, 0x0000, 0x41e7, 0xf79e, 0xf7be, 0xffdf, 0xffff, 0xffff, 0xffff, 0xffff,
    0xffff, 0xffff, 0xffff, 0xffff, 0xffff, 0xffff, 0xffff, 0xffff, 0xf7be, 0xce59, 0xad55, 0x7bef,
    0x4a69, 0x4a69, 0x8c71, 0xa534, 0xef7d, 0xffff, 0xffff, 0xffdf, 0xf7be, 0xffff, 0xd69a, 0x0841,
    0x0020, 0x0820, 0x0000, 0x0000, 0x0000, 0x0000, 0x0000, 0x0000, 0x2124, 0x528a, 0xce79, 0xffff,
    0x6b4d, 0xef7d, 0xad75, 0x0000, 0x0000, 0x0000, 0x0000, 0x0000, 0x0000, 0x0000, 0x0000, 0x0000,
    0x0000, 0x0000, 0x0841, 0x4228, 0x738e, 0x5acb, 0x4a69, 0x94b2, 0xd6ba, 0xf7be, 0xf7be, 0xffdf,
    0xffff, 0xffff, 0xffff, 0xffdf, 0xffff, 0x94d2, 0x8410, 0xffff, 0x738e, 0xffff, 0xffdf, 0xffdf,
    0xffff, 0xffff, 0xffff, 0xffff, 0xffff, 0xffff, 0xffff, 0xffff, 0xffff, 0xffff, 0xffff, 0xffff,
    0xffff, 0xffff, 0xffff, 0xffff, 0xffff, 0xffff, 0xffff, 0xffff, 0xffff, 0xffff, 0xffff, 0xffdf,
    0xffdf, 0xf7be, 0x18e3, 0x2104, 0xffbf, 0xef5d, 0x2124, 0x0020, 0x0841, 0x0020, 0x0020, 0x0020,
    0x0040, 0x0000, 0x528a, 0x73ae, 0x0000, 0x0000, 0x0000, 0x0841, 0x0000, 0x0000, 0x0000, 0x738e,
    0xffdf, 0xffdf, 0xffdf, 0xffff, 0xffff, 0xffff, 0xffff, 0xffff, 0xffff, 0xffff, 0xffff, 0xffff,
    0xffff, 0xffff, 0xffff, 0xffdf, 0xffff, 0xffff, 0xffff, 0xffff, 0xffff, 0xffff, 0xffff, 0xffff,
    0xffff, 0xffdf, 0xffff, 0xffff, 0xf79e, 0xffff, 0x9cf3, 0x0000, 0x0841, 0x0000, 0x0000, 0x0000,
    0x0000, 0x0000, 0x0000, 0x0000, 0x0861, 0xe73d, 0xffff, 0xffff, 0xa514, 0xc618, 0xe73c, 0x0841,
    0x0000, 0x0000, 0x0000, 0x0000, 0x0000, 0x0000, 0x0000, 0x0000, 0x0020, 0x0020, 0x0000, 0x0000,
    0x0000, 0x0000, 0x0000, 0x0000, 0x0020, 0x3a07, 0x8430, 0xe73c, 0xffff, 0xffff, 0xffff, 0xffdf,
    0xffff, 0x9cd3, 0x8410, 0xffff, 0x738e, 0xffff, 0xffdf, 0xffff, 0xffff, 0xffff, 0xffff, 0xffff,
    0xffff, 0xffff, 0xffff, 0xffff, 0xffff, 0xffff, 0xffff, 0xffff, 0xffff, 0xffff, 0xffff, 0xffff,
    0xffff, 0xffff, 0xffff, 0xffff, 0xffff, 0xffff, 0xffff, 0xffff, 0xffdf, 0xffff, 0x7bcf, 0x0000,
    0xd6ba, 0xffff, 0x6b6d, 0x0000, 0x0020, 0x0000, 0x0000, 0x0000, 0x0000, 0x0000, 0x18c3, 0x9cd3,
    0x630c, 0x1082, 0x0000, 0x0000, 0x10a2, 0x630c, 0xce79, 0xffff, 0xffff, 0xffff, 0xffff, 0xffff,
    0xffff, 0xffff, 0xffff, 0xffff, 0xffff, 0xffff, 0xffff, 0xffff, 0xffff, 0xffff, 0xffff, 0xffff,
    0xffff, 0xffff, 0xffff, 0xffdf, 0xffff, 0xffff, 0xffdf, 0xffdf, 0xffff, 0xffff, 0xffff, 0xffff,
    0xf7be, 0xffff, 0x630c, 0x0000, 0x0861, 0x0000, 0x0000, 0x0000, 0x0000, 0x0000, 0x0000, 0x0020,
    0x31a6, 0x94b2, 0xffff, 0xffff, 0xdedb, 0xdefb, 0xe71c, 0x10a2, 0x0000, 0x0020, 0x0020, 0x0000,
    0x0000, 0x0000, 0x0000, 0x0000, 0x0000, 0x0000, 0x0020, 0x0000, 0x39c7, 0x73ae, 0x41e7, 0xa535,
    0xb5b6, 0xdeda, 0xf79e, 0xffdf, 0xffdf, 0xffff, 0xffff, 0xffdf, 0xffff, 0x9cd3, 0x8410, 0xffff,
    0x738e, 0xffff, 0xffdf, 0xffdf, 0xffff, 0xffff, 0xffff, 0xffff, 0xffff, 0xffff, 0xffff, 0xffff,
    0xffff, 0xffff, 0xffff, 0xffff, 0xffff, 0xffff, 0xffff, 0xffff, 0xffff, 0xffff, 0xffff, 0xffff,
    0xffff, 0xffff, 0xffff, 0xffff, 0xffdf, 0xffdf, 0xef5d, 0x1082, 0x8c51, 0xffff, 0x4228, 0x2104,
    0x18e3, 0x0000, 0x0000, 0x0000, 0x0000, 0x0000, 0x0841, 0xdedb, 0xffff, 0xce59, 0xbdf7, 0xce59,
    0xdefb, 0xffff, 0xffff, 0xf7be, 0xffdf, 0xffff, 0xffdf, 0xffff, 0xffff, 0xffff, 0xffff, 0xffff,
    0xffff, 0xffff, 0xffff, 0xffff, 0xffff, 0xffff, 0xffff, 0xffff, 0xffff, 0xffff, 0xffff, 0xffff,
    0xffff, 0xffff, 0xffff, 0xffff, 0xffff, 0xffff, 0xffff, 0xffff, 0xffff, 0xf79e, 0x2124, 0x0000,
    0x0020, 0x0000, 0x0000, 0x0000, 0x0000, 0x0020, 0x0841, 0x0020, 0xce59, 0x738e, 0xe71c, 0xffff,
    0xffdf, 0xffff, 0xdedb, 0x1082, 0x0000, 0x0020, 0x0000, 0x0000, 0x0000, 0x0000, 0x0000, 0x0000,
    0x0000, 0x0000, 0x0020, 0x0000, 0x2965, 0xef7d, 0x6b6d, 0xffff, 0xffff, 0xffff, 0xffff, 0xffff,
    0xffff, 0xffff, 0xffff, 0xffdf, 0xffff, 0x94b2, 0x8410, 0xffff, 0x738e, 0xffff, 0xffdf, 0xffff,
    0xffff, 0xffff, 0xffff, 0xffff, 0xffff, 0xffff, 0xffff, 0xffff, 0xffff, 0xffff, 0xffff, 0xffff,
    0xffff, 0xffff, 0xffff, 0xffff, 0xffff, 0xffff, 0xffff, 0xffff, 0xffff, 0xffff, 0xffff, 0xffff,
    0xffff, 0xf7be, 0xffff, 0xa534, 0x2104, 0xef7d, 0x2965, 0x10a2, 0x7bef, 0x10a2, 0x0000, 0x0020,
    0x0000, 0x0841, 0x0000, 0xad55, 0xffff, 0xffdf, 0xffff, 0xffff, 0xffff, 0xffdf, 0xffdf, 0xffdf,
    0xffff, 0x8c51, 0xe71c, 0xffff, 0xffdf, 0xffff, 0xffff, 0xffff, 0xffff, 0xffff, 0xffff, 0xffff,
    0xffff, 0xffff, 0xffff, 0xffff, 0xffff, 0xffff, 0xffff, 0xffff, 0xffff, 0xffff, 0xffff, 0xffff,
    0xffff, 0xffff, 0xffff, 0xffdf, 0xffff, 0xbdd7, 0x0000, 0x0020, 0x0020, 0x0020, 0x0020, 0x0020,
    0x0020, 0x0841, 0x0020, 0x18c3, 0xf79e, 0xad55, 0xc638, 0xffff, 0xf79e, 0xffff, 0xc618, 0x0000,
    0x0000, 0x0000, 0x0000, 0x0000, 0x0000, 0x0000, 0x0000, 0x0000, 0x0000, 0x0000, 0x0000, 0x0000,
    0x0000, 0xbdf7, 0x8410, 0xd69a, 0xffff, 0xf7be, 0xffff, 0xffff, 0xffff, 0xffff, 0xffff, 0xffdf,
    0xffff, 0x94b2, 0x8410, 0xffff, 0x736e, 0xffff, 0xffdf, 0xffff, 0xffff, 0xffff, 0xffff, 0xffff,
    0xffff, 0xffff, 0xffff, 0xffff, 0xffff, 0xffff, 0xffff, 0xffff, 0xffff, 0xffff, 0xffff, 0xffff,
    0xffff, 0xffff, 0xffff, 0xffff, 0xffff, 0xffff, 0xffff, 0xffff, 0xffff, 0xffff, 0xf7be, 0xffff,
    0x8430, 0x5aeb, 0x2945, 0x0000, 0x2124, 0x8c71, 0x2945, 0x0000, 0x0840, 0x0861, 0x0000, 0x8c30,
    0xffff, 0xf79e, 0xf7bf, 0xffdf, 0xffff, 0xffff, 0xffff, 0xffdf, 0xffff, 0x9492, 0xef7d, 0xffff,
    0xffdf, 0xffff, 0xffff, 0xffff, 0xffff, 0xffff, 0xffff, 0xffff, 0xffff, 0xffff, 0xffff, 0xffff,
    0xffff, 0xffff, 0xffff, 0xffff, 0xffff, 0xffff, 0xffff, 0xffff, 0xffff, 0xffff, 0xffdf, 0xf79e,
    0xffff, 0x5acb, 0x0000, 0x0020, 0x0000, 0x0000, 0x0000, 0x0020, 0x0020, 0x0841, 0x0000, 0x4a49,
    0xffff, 0xd69a, 0xe73c, 0xf79e, 0xf79e, 0xffff, 0x6b8e, 0x0000, 0x0020, 0x0000, 0x0000, 0x0000,
    0x0000, 0x0000, 0x0000, 0x0000, 0x0000, 0x0000, 0x0000, 0x0820, 0x0000, 0x6b6d, 0xad75, 0xad75,
    0xffff, 0xf7be, 0xffff, 0xffff, 0xffff, 0xffff, 0xffff, 0xffdf, 0xffff, 0x94b2, 0x8410, 0xffff,
    0x736e, 0xffff, 0xffdf, 0xffff, 0xffff, 0xffff, 0xffff, 0xffff, 0xffff, 0xffff, 0xffff, 0xffff,
    0xffff, 0xffff, 0xffff, 0xffff, 0xffff, 0xffff, 0xffff, 0xffff, 0xffff, 0xffff, 0xffff, 0xffff,
    0xffff, 0xffff, 0xffff, 0xffff, 0xffff, 0xffdf, 0xffdf, 0xffbf, 0xffff, 0x7bef, 0x0000, 0x2965,
    0x0000, 0x2104, 0x9492, 0x39e7, 0x0000, 0x0841, 0x0000, 0x5aeb, 0xffff, 0xf79e, 0xffff, 0xffff,
    0xffff, 0xffff, 0xffff, 0xffff, 0xffff, 0xffff, 0xffff, 0xffff, 0xffff, 0xffff, 0xffff, 0xffff,
    0xffff, 0xffff, 0xffff, 0xffff, 0xffff, 0xffff, 0xffff, 0xffff, 0xffff, 0xffff, 0xffff, 0xffff,
    0xffff, 0xffff, 0xffff, 0xffff, 0xffff, 0xffff, 0xffdf, 0xffdf, 0xd6ba, 0x0861, 0x0020, 0x0000,
    0x0000, 0x0000, 0x0000, 0x0000, 0x0000, 0x0020, 0x0000, 0x9492, 0xffff, 0xef5d, 0xad55, 0xdedb,
    0xffff, 0xd6ba, 0x0861, 0x0020, 0x0020, 0x0000, 0x0000, 0x0000, 0x0000, 0x0000, 0x0000, 0x0000,
    0x0000, 0x0020, 0x0020, 0x0820, 0x0020, 0x18c3, 0xb596, 0xa514, 0xffff, 0xffdf, 0xffff, 0xffff,
    0xffff, 0xffff, 0xffff, 0xffdf, 0xffff, 0x94b2, 0x8410, 0xffff, 0x736e, 0xffff, 0xffdf, 0xffdf,
    0xffff, 0xffff, 0xffff, 0xffff, 0xffff, 0xffff, 0xffff, 0xffff, 0xffff, 0xffff, 0xffff, 0xffff,
    0xffff, 0xffff, 0xffff, 0xffff, 0xffff, 0xffff, 0xffff, 0xffff, 0xffff, 0xffff, 0xffff, 0xffff,
    0xffff, 0xffff, 0xffff, 0xffdf, 0xffff, 0x8c91, 0x0862, 0x8430, 0x0020, 0x0000, 0x0861, 0x7bef,
    0x6b8d, 0x18e3, 0x0000, 0x4a49, 0xffff, 0xffdf, 0xffff, 0xffff, 0xffff, 0xffff, 0xffff, 0xffff,
    0xffff, 0xffff, 0xffff, 0xffff, 0xffff, 0xffff, 0xffff, 0xffff, 0xffff, 0xffff, 0xffff, 0xffff,
    0xffff, 0xffff, 0xffff, 0xffff, 0xffff, 0xffff, 0xffff, 0xffff, 0xffff, 0xffff, 0xffff, 0xffff,
    0xffff, 0xffff, 0xffdf, 0xffff, 0x632c, 0x0000, 0x0861, 0x18c3, 0x0000, 0x0000, 0x0000, 0x0000,
    0x0000, 0x0000, 0x0000, 0x94b2, 0xa534, 0x8c51, 0xce79, 0xffff, 0xf7be, 0x39e7, 0x0000, 0x0020,
    0x0000, 0x0000, 0x0000, 0x0000, 0x0000, 0x0020, 0x0020, 0x0020, 0x0020, 0x0000, 0x0000, 0x0000,
    0x0840, 0x0000, 0x7bf0, 0xbdd7, 0xf79e, 0xffff, 0xffff, 0xffff, 0xffff, 0xffff, 0xffff, 0xffdf,
    0xffff, 0x94b2, 0x8410, 0xffff, 0x738e, 0xffff, 0xffdf, 0xffff, 0xffff, 0xffff, 0xffff, 0xffff,
    0xffff, 0xffff, 0xffff, 0xffff, 0xffff, 0xffff, 0xffff, 0xffff, 0xffff, 0xffff, 0xffff, 0xffff,
    0xffff, 0xffff, 0xffff, 0xffff, 0xffff, 0xffff, 0xffff, 0xffff, 0xffff, 0xffff, 0xffdf, 0xffdf,
    0xffff, 0x2945, 0x632c, 0x9492, 0x0000, 0x0861, 0x0000, 0x0000, 0x39e7, 0x630c, 0x2104, 0x1082,
    0xa514, 0xef7d, 0xffff, 0xffff, 0xffff, 0xffff, 0xffff, 0xffff, 0xffff, 0xffff, 0xffff, 0xffff,
    0xffff, 0xffff, 0xffff, 0xffff, 0xffff, 0xffff, 0xffff, 0xffff, 0xffff, 0xffff, 0xffff, 0xffff,
    0xffff, 0xffff, 0xffff, 0xffff, 0xffff, 0xffff, 0xffff, 0xffff, 0xffff, 0xf79e, 0xffff, 0xb5b6,
    0x0000, 0x0000, 0x9492, 0x4208, 0x0000, 0x0000, 0x0000, 0x0000, 0x0020, 0x0000, 0x2945, 0xa514,
    0xc618, 0xf7be, 0xffff, 0xef7d, 0x4228, 0x0000, 0x0841, 0x0020, 0x0000, 0x0000, 0x0000, 0x0020,
    0x0000, 0x1082, 0x3186, 0x0000, 0x0000, 0x0000, 0x0000, 0x0000, 0x0000, 0x0000, 0x2104, 0xd69a,
    0xf7be, 0xffdf, 0xffdf, 0xffdf, 0xffff, 0xffff, 0xffff, 0xffdf, 0xffff, 0x94b2, 0x8410, 0xffff,
    0x738e, 0xffff, 0xffdf, 0xffff, 0xffff, 0xffff, 0xffff, 0xffff, 0xffff, 0xffff, 0xffff, 0xffff,
    0xffff, 0xffff, 0xffff, 0xffff, 0xffff, 0xffff, 0xffff, 0xffff, 0xffff, 0xffff, 0xffff, 0xffff,
    0xffff, 0xffff, 0xffff, 0xffff, 0xffff, 0xffff, 0xf7be, 0xffff, 0xce59, 0x0020, 0xdefc, 0x7c0f,
    0x0000, 0x0841, 0x0020, 0x0000, 0x0000, 0x0000, 0x0020, 0x10a2, 0x7bef, 0xbdf7, 0xffff, 0xffff,
    0xffff, 0xffff, 0xffff, 0xffff, 0xffff, 0xffff, 0xffff, 0xffff, 0xffff, 0xffff, 0xffff, 0xffff,
    0xffff, 0xffff, 0xffff, 0xffff, 0xffff, 0xffff, 0xffff, 0xffff, 0xffff, 0xffff, 0xffff, 0xffff,
    0xffff, 0xffff, 0xffff, 0xffff, 0xffff, 0xffff, 0xbdf7, 0x0020, 0x0861, 0xa514, 0xef7d, 0x1082,
    0x0000, 0x0000, 0x0000, 0x0000, 0x0861, 0x0000, 0x8410, 0xffff, 0xffdf, 0xffff, 0xce79, 0x2966,
    0x0000, 0x0841, 0x0000, 0x0000, 0x0000, 0x0000, 0x0000, 0x0000, 0x0000, 0x0882, 0x634c, 0x0000,
    0x0000, 0x0000, 0x0000, 0x0000, 0x0000, 0x0841, 0x0000, 0x8c71, 0xffff, 0xf7be, 0xffdf, 0xffdf,
    0xffff, 0xffff, 0xffff, 0xffdf, 0xffff, 0x94b2, 0x8410, 0xffff, 0x738e, 0xffff, 0xffdf, 0xffdf,
    0xffff, 0xffff, 0xffff, 0xffff, 0xffff, 0xffff, 0xffff, 0xffff, 0xffff, 0xffff, 0xffff, 0xffff,
    0xffff, 0xffff, 0xffff, 0xffff, 0xffff, 0xffff, 0xffff, 0xffff, 0xffff, 0xffff, 0xffff, 0xffff,
    0xffff, 0xffff, 0xf7be, 0xffff, 0x630c, 0x630c, 0xffff, 0x4a49, 0x0000, 0x0841, 0x0000, 0x0000,
    0x0000, 0x0841, 0x0000, 0x2104, 0xffff, 0xffff, 0xffff, 0xffff, 0xffff, 0xffff, 0xffff, 0xffff,
    0xffff, 0xffff, 0xffff, 0xffff, 0xffff, 0xffff, 0xffff, 0xffff, 0xffff, 0xffff, 0xffff, 0xffff,
    0xffff, 0xffff, 0xffff, 0xffff, 0xffff, 0xffff, 0xffff, 0xffff, 0xffff, 0xffff, 0xffdf, 0xffdf,
    0xe73c, 0x8c51, 0x18c3, 0x5acb, 0xd69a, 0xffff, 0xbe17, 0x0000, 0x0841, 0x0020, 0x0000, 0x0020,
    0x0020, 0x0020, 0xce7a, 0xffff, 0xf79e, 0x94b2, 0x0882, 0x0000, 0x0841, 0x0020, 0x0000, 0x0000,
    0x0000, 0x0000, 0x0000, 0x0000, 0x0000, 0x0020, 0x738e, 0x3186, 0x0000, 0x0000, 0x0000, 0x0000,
    0x0000, 0x0020, 0x0000, 0x2124, 0xf7be, 0xffff, 0xffff, 0xffff, 0xffff, 0xffff, 0xffff, 0xffdf,
    0xffff, 0x94b2, 0x8410, 0xffff, 0x738e, 0xffff, 0xffdf, 0xffff, 0xffff, 0xffff, 0xffff, 0xffff,
    0xffff, 0xffff, 0xffff, 0xffff, 0xffff, 0xffff, 0xffff, 0xffff, 0xffff, 0xffff, 0xffff, 0xffff,
    0xffff, 0xffff, 0xffff, 0xffff, 0xffff, 0xffff, 0xffff, 0xffff, 0xffff, 0xffdf, 0xffff, 0xe71c,
    0x2124, 0xe71c, 0xef7d, 0x10a2, 0x0000, 0x0841, 0x1082, 0x0000, 0x0000, 0x0020, 0x0000, 0x0861,
    0xdefb, 0xffff, 0xffff, 0xffff, 0xffff, 0xffff, 0xffff, 0xffff, 0xffff, 0xffff, 0xffff, 0xffff,
    0xffff, 0xffff, 0xffdf, 0xffff, 0xffff, 0xffff, 0xffff, 0xffff, 0xffff, 0xffff, 0xffff, 0xffff,
    0xffff, 0xffff, 0xffff, 0xffff, 0xffff, 0xffff, 0xffff, 0xffff, 0xc618, 0xa514, 0xdefb, 0xffff,
    0xffdf, 0xffff, 0x8c71, 0x0000, 0x0861, 0x0020, 0x0020, 0x0020, 0x0000, 0x10a2, 0xad75, 0x9492,
    0x2965, 0x0000, 0x0000, 0x0000, 0x0000, 0x0000, 0x0000, 0x0000, 0x0000, 0x0000, 0x0000, 0x0000,
    0x0020, 0x0000, 0x632c, 0x73ae, 0x5aeb, 0x0000, 0x0020, 0x0000, 0x0000, 0x0000, 0x0020, 0x0000,
    0xa514, 0xffff, 0xf7be, 0xffff, 0xffff, 0xffff, 0xffff, 0xffdf, 0xffff, 0x94b2, 0x8410, 0xffff,
    0x738e, 0xffff, 0xffdf, 0xffff, 0xffff, 0xffff, 0xffff, 0xffff, 0xffff, 0xffff, 0xffff, 0xffff,
    0xffff, 0xffff, 0xffff, 0xffff, 0xffff, 0xffff, 0xffff, 0xffff, 0xffff, 0xffff, 0xffff, 0xffff,
    0xffff, 0xffff, 0xffff, 0xffff, 0xffdf, 0xf7be, 0xffff, 0x632c, 0x5aeb, 0xffff, 0x7bef, 0x0000,
    0x0020, 0x1082, 0x2104, 0x0000, 0x0020, 0x0020, 0x0020, 0x0000, 0xb5b6, 0xffff, 0xffbf, 0xffdf,
    0xffdf, 0xffff, 0xffff, 0xffff, 0xffff, 0xffff, 0xffff, 0xffff, 0xffff, 0xffff, 0xffff, 0xffff,
    0xffff, 0xffff, 0xffff, 0xffff, 0xffff, 0xffff, 0xffff, 0xffff, 0xffff, 0xffff, 0xffff, 0xffff,
    0xffff, 0xffff, 0xffff, 0xffff, 0xffff, 0xffff, 0xffff, 0xf7bf, 0xf79e, 0xffff, 0x52aa, 0x0000,
    0x0841, 0x0000, 0x0000, 0x0020, 0x0020, 0x0000, 0x0000, 0x0000, 0x0000, 0x0000, 0x0000, 0x0000,
    0x0000, 0x0000, 0x0000, 0x0000, 0x0000, 0x0000, 0x0000, 0x0000, 0x0020, 0x0000, 0x632c, 0x630c,
    0xe71c, 0x2104, 0x0000, 0x0840, 0x0020, 0x0020, 0x0841, 0x0020, 0x2945, 0xf79e, 0xf7be, 0xffdf,
    0xffff, 0xffff, 0xffff, 0xffdf, 0xffff, 0x9492, 0x83ef, 0xffff, 0x738e, 0xffff, 0xffdf, 0xffff,
    0xffff, 0xffff, 0xffff, 0xffff, 0xffff, 0xffff, 0xffff, 0xffff, 0xffff, 0xffff, 0xffff, 0xffff,
    0xffff, 0xffff, 0xffff, 0xffff, 0xffff, 0xffff, 0xffff, 0xffff, 0xffff, 0xffff, 0xffff, 0xffff,
    0xffdf, 0xffdf, 0xd69a, 0x18c3, 0xe73c, 0xce7a, 0x0020, 0x0840, 0x0020, 0x1082, 0x2945, 0x0000,
    0x0020, 0x0000, 0x0020, 0x0000, 0x738e, 0xffff, 0xf7be, 0xffdf, 0xffff, 0xffff, 0xffff, 0xffff,
    0xffff, 0xffff, 0xffff, 0xffff, 0xffff, 0xd6ba, 0xc638, 0xe71c, 0xffff, 0xffff, 0xffff, 0xffff,
    0xffff, 0xffff, 0xffff, 0xffff, 0xffff, 0xffff, 0xffff, 0xffff, 0xffff, 0xffff, 0xffff, 0xffff,
    0xffff, 0xffdf, 0xffdf, 0xffdf, 0xffdf, 0xffdf, 0x2125, 0x0000, 0x0040, 0x0000, 0x0000, 0x0000,
    0x0000, 0x0000, 0x0000, 0x0020, 0x0000, 0x0000, 0x0000, 0x0000, 0x0000, 0x0000, 0x0000, 0x0000,
    0x0000, 0x0000, 0x0000, 0x0000, 0x0840, 0x0000, 0x6b4d, 0x5aec, 0xf79e, 0xbdd7, 0x0000, 0x0840,
    0x0820, 0x0820, 0x0820, 0x0841, 0x0000, 0x8430, 0xffff, 0xf7be, 0xffff, 0xffff, 0xffff, 0xffdf,
    0xffff, 0x9492, 0x83f0, 0xffff, 0x738e, 0xffff, 0xffdf, 0xffff, 0xffff, 0xffff, 0xffff, 0xffff,
    0xffff, 0xffff, 0xffff, 0xffff, 0xffff, 0xffff, 0xffff, 0xffff, 0xffff, 0xffff, 0xffff, 0xffff,
    0xffff, 0xffff, 0xffff, 0xffff, 0xffff, 0xffff, 0xffff, 0xffdf, 0xffdf, 0xffff, 0x4208, 0x8c51,
    0xffdf, 0x4208, 0x3186, 0x0000, 0x0000, 0x0861, 0x3186, 0x0000, 0x0000, 0x0000, 0x0020, 0x0000,
    0x2104, 0xef7d, 0xf7be, 0xffdf, 0xffff, 0xffff, 0xffff, 0xffff, 0xffff, 0xffff, 0xffdf, 0xffff,
    0xd6ba, 0x5acb, 0xa514, 0x738e, 0x6b4d, 0xdefb, 0xffff, 0xffff, 0xffff, 0xffff, 0xffff, 0xffff,
    0xffff, 0xffff, 0xffff, 0xffff, 0xffff, 0xffff, 0xffff, 0xffff, 0xffff, 0xffff, 0xffff, 0xf7be,
    0xffff, 0xb596, 0x0020, 0x0000, 0x0000, 0x0000, 0x0000, 0x0000, 0x0000, 0x0000, 0x0000, 0x0000,
    0x0000, 0x0000, 0x0000, 0x0000, 0x0000, 0x0000, 0x0000, 0x0000, 0x0000, 0x0000, 0x0000, 0x0000,
    0x0020, 0x0000, 0x5acb, 0x6b2c, 0xd69a, 0xffff, 0x6b4d, 0x0000, 0x0841, 0x0000, 0x0000, 0x0000,
    0x0000, 0x1082, 0xdedb, 0xffff, 0xf7be, 0xffdf, 0xffdf, 0xf7be, 0xffff, 0x9492, 0x8410, 0xffff,
    0x738e, 0xffff, 0xffdf, 0xffff, 0xffff, 0xffff, 0xffff, 0xffff, 0xffff, 0xffff, 0xffff, 0xffff,
    0xffff, 0xffff, 0xffff, 0xffff, 0xffff, 0xffff, 0xffff, 0xffff, 0xffff, 0xffff, 0xffff, 0xffff,
    0xffff, 0xffff, 0xffff, 0xf7be, 0xffff, 0x9d14, 0x31a6, 0xffff, 0x39e7, 0x8c71, 0x528a, 0x0000,
    0x0020, 0x0862, 0x39e7, 0x0000, 0x0000, 0x0000, 0x0000, 0x0841, 0x0000, 0x8430, 0xffff, 0xf7be,
    0xffff, 0xffff, 0xffff, 0xffff, 0xffff, 0xffff, 0xffff, 0xffff, 0xffdf, 0xffff, 0xffff, 0xffff,
    0xd6db, 0xef5d, 0xffff, 0xffff, 0xffff, 0xffff, 0xffff, 0xffff, 0xffff, 0xffff, 0xffff, 0xffff,
    0xffff, 0xffff, 0xffff, 0xffff, 0xffff, 0xffff, 0xffdf, 0xffff, 0xc639, 0x10a2, 0x0020, 0x0020,
    0x0000, 0x0000, 0x0000, 0x0000, 0x0841, 0x0000, 0x0000, 0x0000, 0x0000, 0x0000, 0x0000, 0x0000,
    0x0000, 0x0000, 0x0000, 0x0000, 0x0000, 0x0000, 0x0000, 0x0020, 0x0821, 0x0000, 0x4a28, 0x738e,
    0xbdd7, 0xffff, 0xef7d, 0x2124, 0x0000, 0x0000, 0x0000, 0x0000, 0x0841, 0x0000, 0x52aa, 0xffff,
    0xf7be, 0xffdf, 0xffdf, 0xffdf, 0xffff, 0x94b2, 0x8410, 0xffff, 0x738e, 0xffff, 0xffdf, 0xffdf,
    0xffff, 0xffff, 0xffff, 0xffff, 0xffff, 0xffff, 0xffff, 0xffff, 0xffff, 0xffff, 0xffff, 0xffff,
    0xffff, 0xffff, 0xffff, 0xffff, 0xffff, 0xffff, 0xffff, 0xffff, 0xffff, 0xffff, 0xffdf, 0xffff,
    0xdefb, 0x2104, 0xd69a, 0x4a49, 0x6b2d, 0xe71c, 0x0841, 0x0020, 0x0020, 0x0020, 0x4a69, 0x0040,
    0x0000, 0x0000, 0x0000, 0x0020, 0x0020, 0x0861, 0xce79, 0xffff, 0xf79e, 0xffdf, 0xffdf, 0xffff,
    0xffff, 0xffff, 0xffff, 0xffff, 0xffff, 0xffff, 0xffdf, 0xffff, 0xffff, 0xffff, 0xffff, 0xffff,
    0xffff, 0xffff, 0xffff, 0xffff, 0xffff, 0xffff, 0xffff, 0xffff, 0xffff, 0xffff, 0xffff, 0xffff,
    0xffff, 0xf7be, 0xffff, 0xd6ba, 0x18c3, 0x0000, 0x0020, 0x0000, 0x0000, 0x0000, 0x0000, 0x0841,
    0x2945, 0x0000, 0x0000, 0x0000, 0x0000, 0x0000, 0x0000, 0x0000, 0x0000, 0x0000, 0x0000, 0x0000,
    0x0000, 0x0000, 0x0000, 0x0000, 0x0020, 0x0000, 0x3186, 0x8410, 0x9cd3, 0xffff, 0xffff, 0xad55,
    0x0000, 0x0020, 0x0020, 0x0000, 0x0000, 0x0020, 0x0000, 0xbdd7, 0xffff, 0xffdf, 0xffdf, 0xffdf,
    0xffff, 0x94b2, 0x8410, 0xffff, 0x738e, 0xffff, 0xffdf, 0xffff, 0xffff, 0xffff, 0xffff, 0xffff,
    0xffff, 0xffff, 0xffff, 0xffff, 0xffff, 0xffff, 0xffff, 0xffff, 0xffff, 0xffff, 0xffff, 0xffff,
    0xffff, 0xffff, 0xffff, 0xffff, 0xffff, 0xffdf, 0xf7be, 0xffdf, 0x4208, 0x8c71, 0x5aeb, 0x5acb,
    0xffff, 0x94b2, 0x0000, 0x0841, 0x0020, 0x0000, 0x4a69, 0x10a2, 0x0000, 0x0020, 0x0020, 0x0020,
    0x0841, 0x0000, 0x2124, 0xdefb, 0xffff, 0xf7be, 0xffff, 0xffff, 0xffff, 0xffff, 0xffff, 0xffff,
    0xffff, 0xffff, 0xffff, 0xffff, 0xffff, 0xffff, 0xffff, 0xffff, 0xffff, 0xffff, 0xffff, 0xffff,
    0xffff, 0xffff, 0xffff, 0xffff, 0xffff, 0xffff, 0xffff, 0xffdf, 0xffdf, 0xffff, 0xc618, 0x1082,
    0x0000, 0x0020, 0x0000, 0x0000, 0x0000, 0x0020, 0x0000, 0x2945, 0x2965, 0x0000, 0x0000, 0x0000,
    0x0000, 0x0000, 0x0000, 0x0000, 0x0000, 0x0000, 0x0000, 0x0000, 0x0000, 0x0000, 0x0000, 0x0000,
    0x0000, 0x0000, 0x1082, 0x8410, 0x8c71, 0xffff, 0xef7d, 0xffdf, 0x4207, 0x0000, 0x0841, 0x0000,
    0x0000, 0x0020, 0x2124, 0x4228, 0xffff, 0xf7be, 0xf7be, 0xffdf, 0xffff, 0x9492, 0x8410, 0xffff,
    0x738e, 0xffff, 0xffdf, 0xffff, 0xffff, 0xffff, 0xffff, 0xffff, 0xffff, 0xffff, 0xffff, 0xffff,
    0xffff, 0xffff, 0xffff, 0xffff, 0xffff, 0xffff, 0xffff, 0xffff, 0xffff, 0xffff, 0xffff, 0xffff,
    0xffff, 0xffdf, 0xffff, 0x738e, 0x528a, 0x528a, 0x632d, 0xffff, 0xffff, 0x52aa, 0x0000, 0x0020,
    0x0000, 0x0000, 0x4a69, 0x2985, 0x0000, 0x0020, 0x0020, 0x0020, 0x0020, 0x0840, 0x0000, 0x2945,
    0xd6ba, 0xffff, 0xf7be, 0xffff, 0xffff, 0xffff, 0xffff, 0xffff, 0xffff, 0xffff, 0xffff, 0xffff,
    0xffff, 0xffff, 0xffff, 0xffff, 0xffff, 0xffff, 0xffff, 0xffff, 0xffff, 0xffff, 0xffff, 0xffff,
    0xffff, 0xffff, 0xffdf, 0xffff, 0xffff, 0x8c92, 0x18c3, 0x2124, 0x0020, 0x0000, 0x0000, 0x0000,
    0x0000, 0x0020, 0x0000, 0x5aeb, 0x10a2, 0x0000, 0x0000, 0x0000, 0x0000, 0x0000, 0x0000, 0x0000,
    0x0000, 0x0000, 0x0000, 0x0000, 0x0000, 0x0000, 0x0000, 0x0000, 0x0000, 0x0000, 0x0000, 0x8c71,
    0x7bef, 0xffdf, 0xef7d, 0xffff, 0xa534, 0x0000, 0x0020, 0x0000, 0x0020, 0x0000, 0x6b4d, 0x31a6,
    0xa534, 0xffff, 0xf7be, 0xffdf, 0xffff, 0x9492, 0x7bef, 0xffff, 0x738e, 0xffff, 0xffdf, 0xffff,
    0xffff, 0xffff, 0xffff, 0xffff, 0xffff, 0xffff, 0xffff, 0xffff, 0xffff, 0xffff, 0xffff, 0xffff,
    0xffff, 0xffff, 0xffff, 0xffff, 0xffff, 0xffff, 0xffff, 0xffff, 0xf79e, 0xffff, 0x94b3, 0x1082,
    0x3186, 0x73ae, 0xffff, 0xf7be, 0xef5d, 0x18e3, 0x0000, 0x0020, 0x0020, 0x0000, 0x31a6, 0x528a,
    0x0000, 0x0020, 0x0000, 0x0000, 0x0000, 0x0000, 0x0020, 0x0000, 0x10a2, 0xb596, 0xffff, 0xffdf,
    0xffdf, 0xffff, 0xffff, 0xffff, 0xffff, 0xffff, 0xffff, 0xffff, 0xffff, 0xffff, 0xffff, 0xffff,
    0xffff, 0xffff, 0xffff, 0xffff, 0xffff, 0xffff, 0xffff, 0xffff, 0xffdf, 0xffdf, 0xffff, 0xef5d,
    0x6b6d, 0x52aa, 0xd6bb, 0x7bef, 0x0000, 0x0861, 0x0020, 0x0020, 0x0020, 0x0000, 0x2124, 0x6b6d,
    0x0000, 0x0000, 0x0000, 0x0000, 0x0000, 0x0000, 0x0000, 0x0000, 0x0000, 0x0000, 0x0000, 0x0000,
    0x0000, 0x0000, 0x0000, 0x0000, 0x0000, 0x0020, 0x0000, 0x8451, 0x8410, 0xf79e, 0xf7be, 0xffff,
    0xdedb, 0x0841, 0x0000, 0x0000, 0x0841, 0x0000, 0x4a69, 0x94b2, 0x39c7, 0xffff, 0xffff, 0xf7be,
    0xffff, 0x9492, 0x7bef, 0xffff, 0x738e, 0xffff, 0xffdf, 0xffff, 0xffff, 0xffff, 0xffff, 0xffff,
    0xffff, 0xffff, 0xffff, 0xffff, 0xffff, 0xffff, 0xffff, 0xffff, 0xffff, 0xffff, 0xffff, 0xffff,
    0xffff, 0xffff, 0xffdf, 0xffdf, 0xffff, 0x9cf3, 0x0000, 0x0861, 0x9cd3, 0xffff, 0xef7d, 0xffff,
    0xad75, 0x0000, 0x0841, 0x0820, 0x0020, 0x0000, 0x10a2, 0x6b8e, 0x0020, 0x0020, 0x0000, 0x0000,
    0x0000, 0x0000, 0x0000, 0x0020, 0x0000, 0x0000, 0x8410, 0xffff, 0xffff, 0xffdf, 0xffff, 0xffff,
    0xffff, 0xffff, 0xffff, 0xffff, 0xffff, 0xffff, 0xffff, 0xffff, 0xffff, 0xffff, 0xffff, 0xffff,
    0xffff, 0xffff, 0xffff, 0xffdf, 0xffff, 0xffff, 0xd6ba, 0xa534, 0xbdd7, 0xffff, 0xffff, 0x6b6d,
    0x0000, 0x0861, 0x0020, 0x0020, 0x0020, 0x0000, 0x632c, 0x39e7, 0x0000, 0x0020, 0x0000, 0x0000,
    0x0000, 0x0000, 0x0000, 0x0000, 0x0000, 0x0000, 0x0000, 0x0000, 0x0000, 0x0000, 0x0000, 0x0000,
    0x0000, 0x0841, 0x0000, 0x6b6d, 0x9cf3, 0xdedb, 0xffdf, 0xffff, 0xe71c, 0x10a2, 0x0000, 0x0000,
    0x0841, 0x0000, 0x2945, 0xe73c, 0x2104, 0xce59, 0xffff, 0xf79e, 0xffff, 0x9492, 0x7bef, 0xffff,
    0x738e, 0xffff, 0xffdf, 0xffff, 0xffff, 0xffff, 0xffff, 0xffff, 0xffff, 0xffff, 0xffff, 0xffff,
    0xffff, 0xffff, 0xffff, 0xffff, 0xffff, 0xffff, 0xffff, 0xffff, 0xffff, 0xffdf, 0xf7be, 0xffff,
    0x8c51, 0x0000, 0x10a3, 0xbdf7, 0xffff, 0xf7be, 0xf7be, 0xffff, 0x5acb, 0x0000, 0x0841, 0x0020,
    0x0020, 0x0841, 0x0000, 0x6b6d, 0x2124, 0x0000, 0x0020, 0x0000, 0x0000, 0x0000, 0x0000, 0x0000,
    0x0000, 0x0020, 0x0000, 0x4208, 0xd69a, 0xffff, 0xffdf, 0xffdf, 0xffff, 0xffff, 0xffff, 0xffff,
    0xffff, 0xffff, 0xffff, 0xffff, 0xffff, 0xffff, 0xffff, 0xffff, 0xffff, 0xffdf, 0xffff, 0xffff,
    0xce59, 0x8410, 0xce59, 0xffff, 0xffff, 0xef7d, 0xffff, 0x738e, 0x0000, 0x0861, 0x0000, 0x0000,
    0x0000, 0x0861, 0x8410, 0x0841, 0x0000, 0x0000, 0x0000, 0x0000, 0x0000, 0x0000, 0x0000, 0x0000,
    0x0000, 0x0000, 0x0000, 0x0000, 0x0000, 0x0000, 0x0000, 0x0000, 0x0000, 0x0841, 0x0000, 0x4a49,
    0xb5b6, 0xce59, 0xffff, 0xffff, 0xd69a, 0x0841, 0x0020, 0x0020, 0x0841, 0x0000, 0x2104, 0xffff,
    0x5aeb, 0x738e, 0xffff, 0xef7d, 0xffff, 0x8c71, 0x7bef, 0xffff, 0x738e, 0xffff, 0xffdf, 0xffff,
    0xffff, 0xffff, 0xffff, 0xffff, 0xffff, 0xffff, 0xffff, 0xffff, 0xffff, 0xffff, 0xffff, 0xffff,
    0xffff, 0xffff, 0xffff, 0xffff, 0xffdf, 0xf7be, 0xffff, 0x7bcf, 0x0000, 0x39a7, 0xdedb, 0xffff,
    0xf7be, 0xffdf, 0xffff, 0xe71c, 0x1082, 0x0000, 0x0020, 0x0020, 0x0020, 0x0820, 0x0000, 0x4208,
    0x5aeb, 0x0000, 0x0020, 0x0000, 0x0000, 0x0000, 0x0000, 0x0000, 0x0000, 0x0000, 0x0020, 0x0000,
    0x0861, 0x8c51, 0xf7be, 0xffff, 0xf7be, 0xffff, 0xffff, 0xffff, 0xffff, 0xffff, 0xffff, 0xffff,
    0xffff, 0xffdf, 0xffdf, 0xffdf, 0xffff, 0xffff, 0xd6ba, 0x630c, 0x52aa, 0xd6ba, 0xffff, 0xffdf,
    0xffdf, 0xf79e, 0xffff, 0x7bce, 0x0000, 0x0841, 0x0000, 0x0020, 0x0000, 0x528a, 0x5aeb, 0x0000,
    0x0020, 0x0000, 0x0000, 0x0000, 0x0000, 0x0000, 0x0000, 0x0000, 0x0000, 0x0000, 0x0000, 0x0000,
    0x0000, 0x0000, 0x0000, 0x0000, 0x0000, 0x0040, 0x0000, 0x2104, 0xce59, 0xce79, 0xffdf, 0xffff,
    0xb596, 0x0000, 0x0840, 0x0020, 0x0841, 0x0000, 0x2945, 0xffff, 0xad75, 0x39c7, 0xffff, 0xf79e,
    0xffff, 0x8c71, 0x7bef, 0xffff, 0x738e, 0xffff, 0xffdf, 0xffff, 0xffff, 0xffff, 0xffff, 0xffff,
    0xffff, 0xffff, 0xffff, 0xffff, 0xffff, 0xffff, 0xffff, 0xffff, 0xffff, 0xffff, 0xffff, 0xffdf,
    0xffff, 0xffff, 0x632c, 0x0000, 0x736e, 0xf79e, 0xffff, 0xf7be, 0xffdf, 0xf7be, 0xffff, 0x8430,
    0x0000, 0x0841, 0x0020, 0x0020, 0x0020, 0x0820, 0x0000, 0x0841, 0x83f0, 0x0861, 0x0000, 0x0000,
    0x0000, 0x0000, 0x0000, 0x0000, 0x0000, 0x0000, 0x0000, 0x0000, 0x0000, 0x0000, 0x39c7, 0xc618,
    0xffff, 0xffff, 0xffdf, 0xffff, 0xffff, 0xffff, 0xffff, 0xffdf, 0xffff, 0xffff, 0xffff, 0xffdf,
    0xc618, 0x52aa, 0x0861, 0x7bcf, 0xffff, 0xffff, 0xffdf, 0xffff, 0xffff, 0xf79e, 0xffff, 0x7bef,
    0x0000, 0x0841, 0x0000, 0x0000, 0x0020, 0x9492, 0x10a2, 0x0000, 0x0000, 0x0000, 0x0000, 0x0000,
    0x0000, 0x0000, 0x0000, 0x0000, 0x0000, 0x0000, 0x0000, 0x0000, 0x0000, 0x0000, 0x0000, 0x0000,
    0x0000, 0x0020, 0x0000, 0x0841, 0xd69a, 0xffdf, 0xf77d, 0xffff, 0x738e, 0x0000, 0x0841, 0x0000,
    0x0841, 0x0000, 0x4228, 0xffff, 0xe73c, 0x31a6, 0xef5d, 0xffff, 0xffff, 0x8c71, 0x7bef, 0xffff,
    0x738e, 0xffff, 0xffdf, 0xffff, 0xffff, 0xffff, 0xffff, 0xffff, 0xffff, 0xffff, 0xffff, 0xffff,
    0xffff, 0xffff, 0xffff, 0xffff, 0xffff, 0xffff, 0xffdf, 0xffff, 0xf7be, 0x4a69, 0x0020, 0xad75,
    0xffff, 0xffdf, 0xf7be, 0xf7df, 0xf7be, 0xffdf, 0xe73d, 0x18e4, 0x0020, 0x0840, 0x0020, 0x0020,
    0x0020, 0x0020, 0x0841, 0x0000, 0x52aa, 0x5acb, 0x0000, 0x0020, 0x0000, 0x0000, 0x0000, 0x0000,
    0x0000, 0x0000, 0x0000, 0x0000, 0x0000, 0x0020, 0x0000, 0x0020, 0x6b8e, 0xef5d, 0xffff, 0xffdf,
    0xffff, 0xffff, 0xffff, 0xffff, 0xffff, 0xdedb, 0x8c71, 0x41e7, 0x0000, 0x18c3, 0xbdf7, 0xffff,
    0xf7be, 0xf7be, 0xffdf, 0xffdf, 0xffbf, 0xef7d, 0xffff, 0x7bef, 0x0000, 0x0861, 0x0841, 0x0000,
    0x52aa, 0x8410, 0x0000, 0x0841, 0x0000, 0x0000, 0x0000, 0x0000, 0x0000, 0x0000, 0x0000, 0x0000,
    0x0000, 0x0000, 0x0000, 0x0000, 0x0000, 0x0000, 0x0000, 0x0000, 0x0000, 0x0000, 0x0020, 0x0000,
    0xb596, 0xffff, 0xf7be, 0xf79e, 0x2945, 0x0000, 0x0020, 0x0000, 0x0841, 0x0000, 0x738e, 0xffff,
    0xffff, 0x4a69, 0xce79, 0xffff, 0xffff, 0x9492, 0x83ef, 0xffff, 0x738e, 0xffff, 0xffdf, 0xffff,
    0xffff, 0xffff, 0xffff, 0xffff, 0xffff, 0xffff, 0xffff, 0xffff, 0xffff, 0xffff, 0xffff, 0xffff,
    0xffff, 0xffdf, 0xffff, 0xef5d, 0x3186, 0x2124, 0xd6ba, 0xffff, 0xffdf, 0xffff, 0xffff, 0xffdf,
    0xf7be, 0xffff, 0x8c51, 0x0000, 0x0841, 0x0000, 0x0000, 0x0000, 0x0000, 0x0000, 0x0000, 0x0000,
    0x0841, 0x8c71, 0x18c3, 0x0000, 0x0020, 0x0000, 0x0000, 0x0000, 0x0000, 0x0000, 0x0000, 0x0000,
    0x0000, 0x0020, 0x0840, 0x0020, 0x0000, 0x2124, 0xa534, 0xf7be, 0xffdf, 0xf79e, 0xce59, 0x9492,
    0x4a49, 0x1082, 0x0000, 0x0000, 0x5acb, 0xf77e, 0xffff, 0xf7be, 0xffdf, 0xffdf, 0xffdf, 0xf7be,
    0xffdf, 0xffdf, 0xffff, 0x7bcf, 0x0000, 0x0861, 0x0020, 0x0020, 0xad55, 0x2945, 0x0000, 0x0020,
    0x0000, 0x0000, 0x0000, 0x0000, 0x0000, 0x0000, 0x0000, 0x0000, 0x0000, 0x0000, 0x0000, 0x0000,
    0x0000, 0x0000, 0x0000, 0x0000, 0x0000, 0x0000, 0x0020, 0x0000, 0x9cd3, 0xffff, 0xffff, 0xb596,
    0x0000, 0x0020, 0x0000, 0x0000, 0x0020, 0x0000, 0xb596, 0xffff, 0xffff, 0x5aeb, 0xb596, 0xffff,
    0xffff, 0x9492, 0x8410, 0xffff, 0x738e, 0xffff, 0xffdf, 0xffff, 0xffff, 0xffff, 0xffff, 0xffff,
    0xffff, 0xffff, 0xffff, 0xffff, 0xffff, 0xffff, 0xffff, 0xffff, 0xf7be, 0xffff, 0xe71c, 0x18e3,
    0x39e7, 0xf79e, 0xffff, 0xf7be, 0xffff, 0xffff, 0xffff, 0xffdf, 0xffff, 0xef5d, 0x1904, 0x0000,
    0x0000, 0x0000, 0x0000, 0x0000, 0x0000, 0x0000, 0x0000, 0x0000, 0x0000, 0x3186, 0x8c51, 0x0000,
    0x0000, 0x0020, 0x0020, 0x0000, 0x0000, 0x0000, 0x0000, 0x0000, 0x0000, 0x0000, 0x0000, 0x0000,
    0x0020, 0x0000, 0x0000, 0x3186, 0x4208, 0x2124, 0x0020, 0x0000, 0x0000, 0x0000, 0x1082, 0x94b2,
    0xffff, 0xffff, 0xffdf, 0xffff, 0xffff, 0xffff, 0xffff, 0xffff, 0xffde, 0xc618, 0x73ae, 0x18e3,
    0x0000, 0x0020, 0x0000, 0x52aa, 0x8c71, 0x0000, 0x0000, 0x0000, 0x0000, 0x0000, 0x0000, 0x0000,
    0x0000, 0x0000, 0x0000, 0x0000, 0x0000, 0x0000, 0x0000, 0x0000, 0x0000, 0x0000, 0x0000, 0x0000,
    0x0000, 0x0000, 0x0020, 0x0000, 0x83f0, 0xffff, 0xffdf, 0x4228, 0x0000, 0x0020, 0x0020, 0x0020,
    0x0000, 0x2124, 0xf77e, 0xf7be, 0xffff, 0x632c, 0xad55, 0xffff, 0xffff, 0x9492, 0x8410, 0xffff,
    0x738e, 0xffff, 0xffdf, 0xffff, 0xffff, 0xffff, 0xffff, 0xffff, 0xffff, 0xffff, 0xffff, 0xffff,
    0xffff, 0xffff, 0xffff, 0xffdf, 0xffff, 0xe71c, 0x18c3, 0x4a69, 0xffff, 0xffff, 0xf7be, 0xffff,
    0xffff, 0xffff, 0xffff, 0xf79e, 0xffff, 0x8410, 0x0000, 0x0841, 0x0000, 0x0000, 0x0000, 0x0000,
    0x0000, 0x0000, 0x0000, 0x0000, 0x0020, 0x0000, 0x4a69, 0x8430, 0x0861, 0x0000, 0x0840, 0x0020,
    0x0020, 0x0000, 0x0000, 0x0000, 0x0000, 0x0000, 0x0000, 0x0000, 0x0000, 0x0000, 0x0000, 0x0000,
    0x0000, 0x0000, 0x0000, 0x1082, 0x0020, 0x4a49, 0xd69a, 0xffff, 0xffdf, 0xffdf, 0xffff, 0xffff,
    0xffff, 0xffff, 0xd6da, 0x8430, 0x31a6, 0x0000, 0x0000, 0x0000, 0x0020, 0x0000, 0x0000, 0xa514,
    0x3186, 0x0000, 0x0020, 0x0000, 0x0000, 0x0000, 0x0000, 0x0000, 0x0000, 0x0000, 0x0000, 0x0000,
    0x0000, 0x0000, 0x0000, 0x0000, 0x0000, 0x0000, 0x0000, 0x0000, 0x0000, 0x0000, 0x0020, 0x0000,
    0x6b4d, 0xffff, 0xa514, 0x0000, 0x0841, 0x0820, 0x0020, 0x0841, 0x0000, 0x94b2, 0xffff, 0xf7be,
    0xffff, 0x632c, 0xb596, 0xffff, 0xffff, 0x9492, 0x83ef, 0xffff, 0x738e, 0xffff, 0xffdf, 0xffff,
    0xffff, 0xffff, 0xffff, 0xffff, 0xffff, 0xffff, 0xffff, 0xffff, 0xffff, 0xffff, 0xffdf, 0xffdf,
    0xef5d, 0x18e3, 0x4a6a, 0xffff, 0xffdf, 0xffdf, 0xffff, 0xffff, 0xffff, 0xffff, 0xffdf, 0xffff,
    0xdefb, 0x1082, 0x0000, 0x0020, 0x0000, 0x0000, 0x0000, 0x0000, 0x0000, 0x0000, 0x0000, 0x0020,
    0x0020, 0x0020, 0x0000, 0x4a69, 0x9492, 0x10a2, 0x0000, 0x0020, 0x0020, 0x0000, 0x0000, 0x0000,
    0x0000, 0x0000, 0x0000, 0x0000, 0x0000, 0x0000, 0x0000, 0x0000, 0x0000, 0x0861, 0x0000, 0x5aeb,
    0xc638, 0xffdf, 0xffff, 0xffdf, 0xffff, 0xffff, 0xffff, 0xffdf, 0xbdd7, 0x5aeb, 0x1082, 0x0000,
    0x0000, 0x0000, 0x0020, 0x0000, 0x0841, 0x0000, 0x4a69, 0xce59, 0x0000, 0x0020, 0x0020, 0x0000,
    0x0000, 0x0000, 0x0000, 0x0000, 0x0000, 0x0000, 0x0000, 0x0000, 0x0000, 0x0000, 0x0000, 0x0000,
    0x0000, 0x0000, 0x0000, 0x0000, 0x0000, 0x0000, 0x0020, 0x0000, 0x6b6d, 0xf79e, 0x18e3, 0x0000,
    0x0020, 0x0000, 0x0020, 0x0000, 0x31a6, 0xf7be, 0xf7be, 0xffdf, 0xffff, 0x630c, 0xd67a, 0xffff,
    0xffff, 0x8c71, 0x7bef, 0xffff, 0x738e, 0xffff, 0xffdf, 0xffff, 0xffff, 0xffff, 0xffff, 0xffff,
    0xffff, 0xffff, 0xffff, 0xffff, 0xffff, 0xffdf, 0xffff, 0xffff, 0x31a6, 0x4228, 0xffff, 0xffdf,
    0xffdf, 0xffff, 0xffff, 0xffff, 0xffff, 0xffff, 0xf7be, 0xffff, 0x630c, 0x0000, 0x0020, 0x0000,
    0x0000, 0x0000, 0x0000, 0x0000, 0x0000, 0x0000, 0x0020, 0x18c3, 0x0020, 0x0000, 0x0020, 0x0000,
    0x3186, 0x73ae, 0x2965, 0x0020, 0x0020, 0x0000, 0x0000, 0x0000, 0x0000, 0x0000, 0x0000, 0x0000,
    0x0000, 0x0000, 0x0000, 0x0000, 0x2945, 0x2965, 0x0000, 0x52aa, 0xffff, 0xf79e, 0xf7be, 0xffdf,
    0xffff, 0xf7be, 0xa514, 0x39c7, 0x0000, 0x0000, 0x0000, 0x0840, 0x0020, 0x0020, 0x0020, 0x0020,
    0x0020, 0x0841, 0xb596, 0xb5b6, 0x0020, 0x0020, 0x0020, 0x0000, 0x0000, 0x0000, 0x0000, 0x0000,
    0x0000, 0x0000, 0x0000, 0x0000, 0x0000, 0x0000, 0x0000, 0x0000, 0x0000, 0x0000, 0x0000, 0x0000,
    0x0000, 0x0000, 0x0020, 0x0000, 0x73ae, 0x5aeb, 0x0000, 0x0020, 0x0000, 0x0020, 0x0020, 0x0020,
    0xc638, 0xffff, 0xf7be, 0xffff, 0xef7d, 0x5acb, 0xf79e, 0xffdf, 0xffff, 0x8c71, 0x7bef, 0xffff,
    0x738e, 0xffff, 0xffdf, 0xffff, 0xffff, 0xffff, 0xffff, 0xffff, 0xffff, 0xffff, 0xffff, 0xffff,
    0xffff, 0xf7be, 0xffff, 0x632c, 0x2104, 0xf7be, 0xf7de, 0xffdf, 0xffff, 0xffdf, 0xffdf, 0xffdf,
    0xffff, 0xffbe, 0xffff, 0xb5b6, 0x0020, 0x0841, 0x0020, 0x0000, 0x0000, 0x0000, 0x0000, 0x0000,
    0x0020, 0x0000, 0x2104, 0x2965, 0x0000, 0x0000, 0x0000, 0x0000, 0x0000, 0x0841, 0x39c7, 0x10a2,
    0x0000, 0x0000, 0x0000, 0x0000, 0x0000, 0x0000, 0x0000, 0x0000, 0x0000, 0x0000, 0x0000, 0x0000,
    0x632c, 0x3186, 0x0000, 0x4228, 0xffdf, 0xf79e, 0xf7be, 0xffff, 0xb596, 0x3186, 0x0000, 0x0000,
    0x0000, 0x0020, 0x0020, 0x0000, 0x0000, 0x0020, 0x0000, 0x1061, 0x0000, 0x738e, 0x6b4d, 0x7bef,
    0x18c3, 0x0000, 0x0000, 0x0000, 0x0000, 0x0000, 0x0000, 0x0000, 0x0000, 0x0000, 0x0000, 0x0000,
    0x0000, 0x0000, 0x0000, 0x0000, 0x0000, 0x0000, 0x0000, 0x0000, 0x0000, 0x0000, 0x0000, 0x0000,
    0x18c3, 0x0000, 0x0000, 0x0000, 0x0000, 0x0840, 0x0000, 0x8c51, 0xffff, 0xf7be, 0xffbe, 0xffff,
    0xb596, 0x73ae, 0xffff, 0xef7d, 0xffff, 0x8c91, 0x7bef, 0xffff, 0x738e, 0xffff, 0xffdf, 0xffff,
    0xffff, 0xffff, 0xffff, 0xffff, 0xffff, 0xffff, 0xffff, 0xffff, 0xffdf, 0xffff, 0xad75, 0x0000,
    0xd67a, 0xffff, 0xf7be, 0xffdf, 0xffdf, 0xffff, 0xffff, 0xffdf, 0xffdf, 0xffff, 0xef7d, 0x2124,
    0x0000, 0x0020, 0x0000, 0x0000, 0x0000, 0x0000, 0x0000, 0x0020, 0x0020, 0x0020, 0x5acb, 0x1082,
    0x0000, 0x0000, 0x0000, 0x0000, 0x0000, 0x0000, 0x0000, 0x0000, 0x0000, 0x0000, 0x0000, 0x0000,
    0x0000, 0x0000, 0x0000, 0x0000, 0x0000, 0x0000, 0x0020, 0x0000, 0x18e3, 0x8c51, 0x0020, 0x4208,
    0xffff, 0xef7d, 0xffff, 0x8c51, 0x0000, 0x0000, 0x0020, 0x0000, 0x0000, 0x0000, 0x0000, 0x0000,
    0x0000, 0x0000, 0x0841, 0x5aeb, 0x31a7, 0x94b2, 0x0000, 0x83f0, 0x18e3, 0x0000, 0x0020, 0x0000,
    0x0000, 0x0000, 0x0000, 0x0000, 0x0000, 0x0000, 0x0000, 0x0000, 0x0000, 0x0000, 0x0000, 0x0000,
    0x0000, 0x0000, 0x0000, 0x0000, 0x0000, 0x0000, 0x0000, 0x0000, 0x0000, 0x0000, 0x0020, 0x0000,
    0x0000, 0x0000, 0x630c, 0xffff, 0xffbf, 0xffdf, 0xf7be, 0xffff, 0x6b6d, 0xd69a, 0xffff, 0xf79e,
    0xffff, 0x9492, 0x7bef, 0xffff, 0x738e, 0xffff, 0xffdf, 0xffff, 0xffff, 0xffff, 0xffff, 0xffff,
    0xffff, 0xffff, 0xffff, 0xf7be, 0xffdf, 0xef7d, 0x10a2, 0x6b2d, 0xffff, 0xf79e, 0xffdf, 0xffdf,
    0xffdf, 0xffff, 0xffff, 0xffdf, 0xf79e, 0xffff, 0x6b4d, 0x0000, 0x0841, 0x0000, 0x0000, 0x0000,
    0x0000, 0x0020, 0x0020, 0x0020, 0x0000, 0x4a49, 0x4a69, 0x0000, 0x0020, 0x0000, 0x0000, 0x0000,
    0x0000, 0x0000, 0x0000, 0x0000, 0x0000, 0x0000, 0x0000, 0x0000, 0x0000, 0x0000, 0x0000, 0x0000,
    0x0000, 0x0000, 0x0000, 0x0020, 0x0000, 0x738e, 0x52aa, 0x31a6, 0xffff, 0xffff, 0x9492, 0x0000,
    0x0841, 0x0020, 0x0000, 0x0000, 0x0000, 0x0000, 0x0000, 0x0000, 0x0020, 0x0000, 0x39c7, 0x9492,
    0x8c71, 0x2104, 0x0000, 0x6b6d, 0x39e7, 0x0000, 0x0020, 0x0020, 0x0000, 0x0000, 0x0000, 0x0000,
    0x0000, 0x0000, 0x0000, 0x0000, 0x0000, 0x0000, 0x0000, 0x0000, 0x0000, 0x0000, 0x0000, 0x0000,
    0x0000, 0x0000, 0x0000, 0x0020, 0x0020, 0x0841, 0x0000, 0x2104, 0x3186, 0x1082, 0xe73c, 0xffff,
    0xf7be, 0xf7be, 0xffff, 0xbdf7, 0x9492, 0xffff, 0xffdf, 0xffdf, 0xffff, 0x9492, 0x8410, 0xffff,
    0x738e, 0xffff, 0xffdf, 0xffff, 0xffff, 0xffff, 0xffff, 0xffff, 0xffff, 0xffff, 0xffff, 0xffdf,
    0xffff, 0x7bef, 0x0000, 0xdedb, 0xffff, 0xf7be, 0xffdf, 0xffdf, 0xffdf, 0xffdf, 0xffdf, 0xffdf,
    0xffff, 0xbdf7, 0x0000, 0x0020, 0x0020, 0x0000, 0x0000, 0x0000, 0x0000, 0x0000, 0x0000, 0x0000,
    0x1082, 0x8430, 0x0841, 0x0000, 0x0000, 0x0000, 0x0000, 0x0000, 0x0000, 0x0000, 0x0000, 0x0000,
    0x0000, 0x0000, 0x0000, 0x0000, 0x0000, 0x0000, 0x0000, 0x0000, 0x0000, 0x0000, 0x0000, 0x0000,
    0x0000, 0x2945, 0x8c51, 0x4208, 0xffff, 0xd6ba, 0x0841, 0x0020, 0x0020, 0x0020, 0x0000, 0x0000,
    0x0000, 0x0000, 0x0000, 0x0020, 0x0020, 0x0000, 0xad55, 0xad75, 0x2945, 0x0000, 0x0000, 0x4208,
    0x7bcf, 0x0000, 0x0841, 0x0020, 0x0000, 0x0000, 0x0000, 0x0000, 0x0000, 0x0000, 0x0000, 0x0000,
    0x0000, 0x0000, 0x0000, 0x0000, 0x0000, 0x0000, 0x0000, 0x0000, 0x0000, 0x0000, 0x0000, 0x0020,
    0x0000, 0x0000, 0x4a6a, 0x7bef, 0x10a2, 0x0841, 0xc638, 0xffff, 0xf7be, 0xffdf, 0xe73c, 0x94b2,
    0xf7be, 0xffdf, 0xffdf, 0xffdf, 0xffff, 0x94b2, 0x8410, 0xffff, 0x738e, 0xffff, 0xffdf, 0xffff,
    0xffff, 0xffff, 0xffff, 0xffff, 0xffff, 0xffff, 0xffdf, 0xffff, 0xef7d, 0x1082, 0x39c7, 0xffff,
    0xffdf, 0xffdf, 0xffff, 0xffff, 0xffdf, 0xffdf, 0xf7be, 0xf7be, 0xf7be, 0x31a6, 0x0000, 0x0020,
    0x0000, 0x0000, 0x0000, 0x0000, 0x0000, 0x0000, 0x0020, 0x0000, 0x7bcf, 0x4208, 0x0000, 0x0020,
    0x0000, 0x0000, 0x0000, 0x0000, 0x0000, 0x0000, 0x0000, 0x0000, 0x0000, 0x0000, 0x0000, 0x0000,
    0x0000, 0x0000, 0x0000, 0x0000, 0x0000, 0x0000, 0x0000, 0x0000, 0x0020, 0x0000, 0x8c71, 0x7bcf,
    0xffff, 0x5b0c, 0x0000, 0x0861, 0x0020, 0x0000, 0x0000, 0x0000, 0x0000, 0x0000, 0x0000, 0x0020,
    0x0020, 0x738e, 0xa514, 0x1082, 0x0000, 0x0020, 0x0020, 0x0020, 0x7bcf, 0x3186, 0x0000, 0x0020,
    0x0000, 0x0000, 0x0000, 0x0000, 0x0000, 0x0000, 0x0000, 0x0000, 0x0000, 0x0000, 0x0000, 0x0000,
    0x0000, 0x0000, 0x0000, 0x0000, 0x0000, 0x0020, 0x0000, 0x0000, 0x2104, 0x9cd3, 0x8c51, 0x0841,
    0x0861, 0x3186, 0xad75, 0xffff, 0xffdf, 0xffff, 0xdedb, 0xf79e, 0xffff, 0xffff, 0xffff, 0xffdf,
    0xffff, 0x94b2, 0x8410, 0xffff, 0x738e, 0xffff, 0xffdf, 0xffff, 0xffff, 0xffff, 0xffff, 0xffff,
    0xffff, 0xffdf, 0xf7be, 0xffff, 0xb596, 0x0000, 0x8410, 0xffff, 0xffdf, 0xffff, 0xffff, 0xffff,
    0xffff, 0xffff, 0xf7be, 0xffff, 0x8c51, 0x0000, 0x0861, 0x0000, 0x0000, 0x0000, 0x0000, 0x0000,
    0x0000, 0x0020, 0x0000, 0x4228, 0x8c71, 0x0000, 0x0020, 0x0000, 0x0000, 0x0000, 0x0000, 0x0000,
    0x0000, 0x0000, 0x0000, 0x0000, 0x0000, 0x0000, 0x0000, 0x0000, 0x0000, 0x0000, 0x0000, 0x0000,
    0x0000, 0x0000, 0x0000, 0x0020, 0x0841, 0x0000, 0x7bef, 0xc618, 0xe71c, 0x0861, 0x0000, 0x0020,
    0x0000, 0x0000, 0x0000, 0x0000, 0x0000, 0x0000, 0x0000, 0x0000, 0x4228, 0x52cb, 0x0000, 0x0000,
    0x0000, 0x0000, 0x0000, 0x0000, 0x0861, 0x632c, 0x2103, 0x0020, 0x0020, 0x0000, 0x0000, 0x0000,
    0x0000, 0x0000, 0x0000, 0x0000, 0x0000, 0x0000, 0x0000, 0x0000, 0x0000, 0x0000, 0x0000, 0x0000,
    0x0000, 0x0000, 0x0841, 0x7bef, 0xce79, 0x632c, 0x0000, 0x0000, 0x2945, 0x5acb, 0x9cf3, 0xffff,
    0xffdf, 0xffff, 0xffff, 0xffff, 0xffdf, 0xffff, 0xffff, 0xffdf, 0xffff, 0x9492, 0x8410, 0xffff,
    0x738e, 0xffff, 0xffdf, 0xffff, 0xffff, 0xffff, 0xffff, 0xffff, 0xffff, 0xffdf, 0xf79e, 0xffff,
    0x73ae, 0x0000, 0xad55, 0xffff, 0xffdf, 0xffff, 0xffff, 0xffff, 0xffff, 0xf7be, 0xffff, 0xb596,
    0x0861, 0x0000, 0x0000, 0x0000, 0x0000, 0x0000, 0x0000, 0x0000, 0x0000, 0x0000, 0x1082, 0xbdf8,
    0x2124, 0x0000, 0x0020, 0x0000, 0x0000, 0x0000, 0x0000, 0x0000, 0x0000, 0x0000, 0x0000, 0x0000,
    0x0000, 0x0000, 0x0000, 0x0000, 0x0000, 0x0000, 0x0000, 0x0000, 0x0020, 0x0000, 0x0000, 0x0020,
    0x0841, 0x0000, 0x630c, 0xd6ba, 0x94b2, 0x0000, 0x0020, 0x0000, 0x0000, 0x0000, 0x0000, 0x0000,
    0x0000, 0x0000, 0x0000, 0x0000, 0x0020, 0x0000, 0x0000, 0x0000, 0x0000, 0x0000, 0x0000, 0x0020,
    0x0000, 0x0000, 0x2104, 0x0000, 0x0000, 0x0000, 0x0000, 0x0000, 0x0000, 0x0000, 0x0020, 0x0020,
    0x0000, 0x0000, 0x0000, 0x0000, 0x0000, 0x0000, 0x0000, 0x0000, 0x0020, 0x6b4d, 0xd6ba, 0xad55,
    0x1904, 0x0000, 0x0861, 0x0000, 0x8410, 0x738e, 0x8c71, 0xffff, 0xffdf, 0xffff, 0xffff, 0xffff,
    0xffff, 0xffff, 0xffff, 0xffdf, 0xffff, 0x9492, 0x83ef, 0xffff, 0x738e, 0xffff, 0xffdf, 0xffff,
    0xffff, 0xffff, 0xffff, 0xffff, 0xffff, 0xffff, 0xf7be, 0xffff, 0x4228, 0x0000, 0xc618, 0xffff,
    0xffdf, 0xffff, 0xffff, 0xffdf, 0xffdf, 0xffff, 0x8c71, 0x0000, 0x0000, 0x0020, 0x0000, 0x0000,
    0x0000, 0x0000, 0x0000, 0x0000, 0x0841, 0x0000, 0xa514, 0x8410, 0x0000, 0x0841, 0x0020, 0x0000,
    0x0000, 0x0000, 0x0000, 0x0000, 0x0000, 0x0000, 0x0000, 0x0000, 0x0000, 0x0000, 0x0000, 0x0000,
    0x0000, 0x0000, 0x0000, 0x0020, 0x0000, 0x1082, 0x2945, 0x0020, 0x0861, 0x0000, 0x5acb, 0xf79e,
    0x52aa, 0x0000, 0x0020, 0x0000, 0x0000, 0x0000, 0x0000, 0x0000, 0x0000, 0x0000, 0x0000, 0x0000,
    0x0000, 0x0000, 0x0000, 0x0000, 0x0000, 0x0020, 0x0000, 0x0000, 0x3186, 0x9cf3, 0xd6ba, 0x9cd3,
    0x4228, 0x10a2, 0x0000, 0x0000, 0x0000, 0x0000, 0x0000, 0x0000, 0x0000, 0x0000, 0x0000, 0x0020,
    0x0000, 0x0000, 0x0861, 0x52aa, 0xb5b6, 0xad75, 0x4228, 0x0000, 0x0000, 0x0820, 0x0020, 0x0020,
    0xd69a, 0x4a89, 0x9492, 0xffff, 0xffdf, 0xffff, 0xffff, 0xffff, 0xffff, 0xffff, 0xffff, 0xffdf,
    0xffff, 0x9492, 0x7bef, 0xffff, 0x738e, 0xffff, 0xffdf, 0xffff, 0xffff, 0xffff, 0xffff, 0xffff,
    0xffff, 0xffff, 0xf7be, 0xffdf, 0x31a6, 0x0000, 0xbdd7, 0xffff, 0xffdf, 0xffff, 0xffdf, 0xffff,
    0xffff, 0x738e, 0x0000, 0x0020, 0x0020, 0x0000, 0x0000, 0x0000, 0x0000, 0x0000, 0x0000, 0x0020,
    0x0000, 0x4a49, 0xe71c, 0x31a6, 0x0000, 0x0020, 0x0000, 0x0000, 0x0000, 0x0000, 0x0000, 0x0000,
    0x0000, 0x0000, 0x0000, 0x0000, 0x0000, 0x0000, 0x0000, 0x0000, 0x0000, 0x0000, 0x0000, 0x0000,
    0x18c3, 0x5acb, 0x2104, 0x0000, 0x0861, 0x0000, 0x4228, 0xffdf, 0x18c3, 0x0000, 0x0020, 0x0000,
    0x0000, 0x0000, 0x0000, 0x0000, 0x0000, 0x0000, 0x0000, 0x0000, 0x0000, 0x0000, 0x0000, 0x0000,
    0x0020, 0x0000, 0x18c3, 0x94b2, 0xf7be, 0xffff, 0xffff, 0xffff, 0xffff, 0xdefb, 0xbdd7, 0xad75,
    0xad55, 0xa534, 0x9cf3, 0x8430, 0x5aeb, 0x2965, 0x0000, 0x0000, 0x0841, 0x0020, 0x4a69, 0x738e,
    0x3186, 0x0000, 0x0000, 0x0820, 0x0020, 0x0000, 0x0000, 0x3186, 0xef7d, 0x18e3, 0xb596, 0xffff,
    0xffdf, 0xffff, 0xffff, 0xffff, 0xffff, 0xffff, 0xffff, 0xffdf, 0xffff, 0x9492, 0x7bef, 0xffff,
    0x738e, 0xffff, 0xffdf, 0xffff, 0xffff, 0xffff, 0xffff, 0xffff, 0xffff, 0xffdf, 0xf7be, 0xffdf,
    0x39c6, 0x0000, 0xa514, 0xffff, 0xffdf, 0xffdf, 0xffff, 0xf79e, 0x5acb, 0x0000, 0x0841, 0x0020,
    0x0000, 0x0000, 0x0000, 0x0000, 0x0000, 0x0000, 0x0020, 0x0000, 0x0020, 0xce59, 0xa534, 0x31a6,
    0x0000, 0x0020, 0x0000, 0x0000, 0x0000, 0x0000, 0x0000, 0x0000, 0x0020, 0x0820, 0x0020, 0x0000,
    0x0000, 0x0000, 0x0000, 0x0000, 0x0000, 0x1082, 0x4249, 0x94b2, 0x2965, 0x0020, 0x0000, 0x0000,
    0x0000, 0x3a08, 0xbdf7, 0x9492, 0x2945, 0x0841, 0x0000, 0x0820, 0x0020, 0x0000, 0x0000, 0x0000,
    0x0000, 0x0000, 0x0000, 0x0000, 0x0000, 0x0000, 0x0020, 0x0000, 0x0000, 0x528a, 0xdedb, 0xffff,
    0xffdf, 0xffdf, 0xffff, 0xffdf, 0xffff, 0xffff, 0xffff, 0xffff, 0xffff, 0xffff, 0xffff, 0xffff,
    0xffff, 0xf79e, 0xb5b6, 0x4a49, 0x0000, 0x0000, 0x0020, 0x0000, 0x0000, 0x0020, 0x0820, 0x0020,
    0x0020, 0x0020, 0x0000, 0x7bef, 0xce79, 0x0821, 0xdefb, 0xffff, 0xffdf, 0xffff, 0xffff, 0xffff,
    0xffff, 0xffff, 0xffff, 0xffdf, 0xffff, 0x9492, 0x8410, 0xffff, 0x73ae, 0xffff, 0xffdf, 0xffff,
    0xffff, 0xffff, 0xffff, 0xffff, 0xffff, 0xffdf, 0xf79e, 0xffff, 0x528a, 0x0000, 0x6b4d, 0xffff,
    0xf79e, 0xffff, 0xef5d, 0x4208, 0x0000, 0x0020, 0x0020, 0x0000, 0x0000, 0x0000, 0x0000, 0x0000,
    0x0000, 0x0000, 0x0841, 0x0000, 0x738e, 0xd6ba, 0x9492, 0x3186, 0x0000, 0x0020, 0x0000, 0x0000,
    0x0000, 0x0000, 0x0000, 0x0820, 0x0000, 0x0000, 0x0841, 0x2945, 0x4228, 0x5aec, 0x73ae, 0x8430,
    0xad75, 0xdedb, 0xffff, 0xbdf7, 0x0000, 0x0861, 0x0020, 0x0861, 0xad75, 0xd6ba, 0xad55, 0x3186,
    0xdedb, 0xd6ba, 0x2965, 0x0000, 0x0841, 0x0020, 0x0020, 0x0020, 0x0000, 0x0000, 0x0000, 0x0000,
    0x0000, 0x0020, 0x0000, 0x0861, 0x9492, 0xffff, 0xffff, 0xffdf, 0xffff, 0xffff, 0xffff, 0xffff,
    0xffff, 0xffff, 0xffdf, 0xffdf, 0xffdf, 0xffdf, 0xffff, 0xffdf, 0xffdf, 0xffff, 0xffff, 0xffff,
    0xa514, 0x0861, 0x0000, 0x0841, 0x0020, 0x0020, 0x0020, 0x0020, 0x0020, 0x0020, 0x0000, 0xd6ba,
    0x52aa, 0x39c7, 0xffff, 0xf79e, 0xffdf, 0xffff, 0xffff, 0xffff, 0xffff, 0xffff, 0xffff, 0xffdf,
    0xffff, 0x94b2, 0x8410, 0xffff, 0x73ae, 0xffff, 0xffdf, 0xffff, 0xffff, 0xffff, 0xffff, 0xffff,
    0xffff, 0xffff, 0xf79e, 0xffff, 0x8430, 0x0000, 0x18e3, 0xe71c, 0xffff, 0xdefb, 0x2965, 0x0000,
    0x0841, 0x0000, 0x0000, 0x0000, 0x0000, 0x0000, 0x0000, 0x0020, 0x0020, 0x0020, 0x0000, 0x10a2,
    0xef3d, 0x9cf3, 0xb5d6, 0x18c2, 0x0000, 0x0020, 0x0000, 0x0000, 0x0000, 0x0000, 0x0000, 0x0000,
    0x18e3, 0x7bcf, 0xce39, 0xf79e, 0xffff, 0xffff, 0xffff, 0xffff, 0xffff, 0xffff, 0xffff, 0x6b4d,
    0x0000, 0x0861, 0x1062, 0xce79, 0x94b2, 0x31a6, 0x6b4d, 0x630c, 0x2965, 0xb5b6, 0xef5d, 0x18c3,
    0x0020, 0x0020, 0x0000, 0x0000, 0x0000, 0x0000, 0x0000, 0x0020, 0x0841, 0x0000, 0x31a6, 0xce79,
    0xffff, 0xffdf, 0xffff, 0xffff, 0xffff, 0xffff, 0xffff, 0xffff, 0xffff, 0xffff, 0xffff, 0xffff,
    0xffff, 0xffff, 0xffff, 0xffff, 0xffff, 0xffff, 0xffdf, 0xf7be, 0xffff, 0xce79, 0x18e3, 0x0000,
    0x0020, 0x0000, 0x0000, 0x0000, 0x0841, 0x0000, 0x4a69, 0xb5b6, 0x0000, 0xb5b6, 0xffff, 0xf7be,
    0xffdf, 0xffdf, 0xffff, 0xffff, 0xffff, 0xffff, 0xffff, 0xffdf, 0xffff, 0x94b2, 0x8410, 0xffff,
    0x738e, 0xffff, 0xffdf, 0xffff, 0xffff, 0xffff, 0xffff, 0xffff, 0xffff, 0xffff, 0xf7be, 0xffff,
    0xd69a, 0x0841, 0x0000, 0x6b4d, 0xdedb, 0x2104, 0x0000, 0x0020, 0x0000, 0x0000, 0x0000, 0x0000,
    0x0000, 0x0000, 0x0000, 0x0000, 0x0020, 0x0841, 0x0000, 0x8410, 0xef7d, 0x9492, 0xf79e, 0x10a2,
    0x0000, 0x0020, 0x0000, 0x0000, 0x0000, 0x0000, 0x0000, 0x6b6d, 0xe73c, 0xffff, 0xffff, 0xffff,
    0xffff, 0xffff, 0xffff, 0xffdf, 0xffdf, 0xffdf, 0xffff, 0x4208, 0x0000, 0x0000, 0xa514, 0x9cd3,
    0x4a49, 0xef7d, 0xffff, 0xffff, 0xce79, 0x2945, 0xe73c, 0x9492, 0x0000, 0x0020, 0x0000, 0x0000,
    0x0000, 0x0000, 0x0020, 0x0000, 0x0000, 0x6b2d, 0xf7be, 0xffff, 0xffbf, 0xffff, 0xffff, 0xffff,
    0xffff, 0xffff, 0xffff, 0xffff, 0xffff, 0xffff, 0xffff, 0xffff, 0xffff, 0xffff, 0xffff, 0xffff,
    0xffff, 0xffff, 0xffff, 0xffff, 0xf7be, 0xffff, 0xce79, 0x10a2, 0x0020, 0x0000, 0x0000, 0x0000,
    0x0000, 0x0861, 0x9492, 0x1082, 0x4a69, 0xffff, 0xffdf, 0xffff, 0xffff, 0xffff, 0xffff, 0xffff,
    0xffff, 0xffff, 0xffff, 0xffdf, 0xffff, 0x94b2, 0x8410, 0xffff, 0x738e, 0xffff, 0xffdf, 0xffff,
    0xffff, 0xffff, 0xffff, 0xffff, 0xffff, 0xffff, 0xffff, 0xffdf, 0xffff, 0x52aa, 0x0000, 0x0861,
    0x18c3, 0x0000, 0x0020, 0x0000, 0x0000, 0x0000, 0x0000, 0x0000, 0x0000, 0x0000, 0x0000, 0x0000,
    0x0020, 0x0020, 0x0861, 0xe73c, 0xb596, 0xc618, 0x9cf3, 0x0861, 0x0020, 0x18e3, 0x2124, 0x0861,
    0x0000, 0x0861, 0xad55, 0xffff, 0xffff, 0xf7be, 0xffdf, 0xffdf, 0xffdf, 0xffdf, 0xffff, 0xffff,
    0xffdf, 0xffff, 0xffdf, 0x2945, 0x0000, 0x2945, 0xd69a, 0x4208, 0xffdf, 0xffff, 0xf7be, 0xf79e,
    0xffff, 0x8c71, 0x83f0, 0xe71c, 0x0000, 0x0000, 0x0020, 0x0000, 0x0000, 0x0020, 0x0000, 0x0841,
    0x94b2, 0xffff, 0xffff, 0xffdf, 0xffff, 0xffff, 0xffff, 0xffff, 0xffff, 0xffff, 0xffff, 0xffff,
    0xffff, 0xffff, 0xffff, 0xffff, 0xffff, 0xffff, 0xffff, 0xffff, 0xffff, 0xffff, 0xffff, 0xffff,
    0xffff, 0xf7be, 0xffff, 0xa514, 0x0000, 0x0020, 0x0000, 0x0000, 0x0000, 0x2124, 0x10c3, 0x18e3,
    0xe73c, 0xffdf, 0xffbf, 0xffff, 0xffff, 0xffff, 0xffff, 0xffff, 0xffff, 0xffff, 0xffff, 0xffdf,
    0xffff, 0x94b2, 0x8410, 0xffff, 0x73ae, 0xffff, 0xffdf, 0xffff, 0xffff, 0xffff, 0xffff, 0xffff,
    0xffdf, 0xffdf, 0xffdf, 0xf7be, 0xffdf, 0xdedb, 0x2104, 0x0020, 0x0000, 0x0020, 0x0020, 0x0000,
    0x0000, 0x0000, 0x0000, 0x0000, 0x0000, 0x0000, 0x0000, 0x0000, 0x0821, 0x0000, 0x528a, 0xffff,
    0x9492, 0xbdd7, 0x1082, 0x0000, 0x0840, 0x0040, 0x10a2, 0x0861, 0x1062, 0xc618, 0xffff, 0xf7be,
    0xffdf, 0xffff, 0xffff, 0xffff, 0xffff, 0xffff, 0xffff, 0xffdf, 0xffdf, 0xffdf, 0xf79e, 0x2124,
    0x0000, 0x632c, 0x8410, 0x7bef, 0xffff, 0xffdf, 0xffff, 0xf7be, 0xffdf, 0xbdf7, 0x630c, 0xef5d,
    0x0841, 0x0000, 0x0020, 0x0020, 0x0841, 0x0000, 0x18e3, 0xbdf7, 0xffff, 0xffdf, 0xffff, 0xffff,
    0xffff, 0xffff, 0xffff, 0xffff, 0xffff, 0xffff, 0xffff, 0xffff, 0xffff, 0xffff, 0xffff, 0xffff,
    0xffff, 0xffff, 0xffff, 0xffff, 0xffff, 0xffff, 0xffff, 0xffff, 0xffff, 0xffff, 0xf7be, 0xffff,
    0x4228, 0x0000, 0x0841, 0x0000, 0x0841, 0x0000, 0x18e3, 0xd6ba, 0xffff, 0xffdf, 0xffff, 0xffff,
    0xffff, 0xffff, 0xffff, 0xffff, 0xffff, 0xffff, 0xffff, 0xffdf, 0xffff, 0x94b2, 0x8410, 0xffff,
    0x7bcf, 0xffff, 0xffdf, 0xffdf, 0xffff, 0xffff, 0xffff, 0xffff, 0xffff, 0xffff, 0xffff, 0xffdf,
    0xf7be, 0xffff, 0x630c, 0x0000, 0x0841, 0x0000, 0x0000, 0x18e3, 0x0000, 0x0000, 0x0000, 0x0000,
    0x0000, 0x0000, 0x0000, 0x0000, 0x0020, 0x0000, 0xa514, 0xffdf, 0x8410, 0x6b6e, 0x0000, 0x0841,
    0x0020, 0x0020, 0x0020, 0x0000, 0xad75, 0xffff, 0xf79e, 0xffff, 0xffff, 0xffff, 0xffff, 0xffff,
    0xffff, 0xffff, 0xffff, 0xffff, 0xffdf, 0xffdf, 0xffdf, 0x2965, 0x0000, 0x7bcf, 0x6b4d, 0x8c71,
    0xffff, 0xf7be, 0xffdf, 0xf79e, 0xffff, 0x7bef, 0x8430, 0xd6ba, 0x0000, 0x0020, 0x0020, 0x0841,
    0x0000, 0x3166, 0xdefb, 0xffff, 0xf7be, 0xffff, 0xffff, 0xffff, 0xffff, 0xffff, 0xffff, 0xffff,
    0xffff, 0xffff, 0xffff, 0xffff, 0xffff, 0xffff, 0xffff, 0xffff, 0xffff, 0xffff, 0xffff, 0xffff,
    0xffff, 0xffff, 0xffff, 0xffff, 0xffff, 0xffff, 0xf79e, 0xffff, 0xb5b6, 0x0000, 0x0841, 0x0020,
    0x0000, 0x39e8, 0xe71c, 0xffff, 0xffde, 0xffff, 0xffff, 0xffff, 0xffff, 0xffff, 0xffff, 0xffff,
    0xffff, 0xffff, 0xffff, 0xffdf, 0xffff, 0x94b2, 0x8410, 0xffff, 0x73ae, 0xffff, 0xffdf, 0xffff,
    0xffff, 0xffff, 0xffff, 0xffff, 0xffff, 0xffff, 0xffff, 0xffdf, 0xffff, 0xb596, 0x0020, 0x0841,
    0x0841, 0x0000, 0x52ab, 0x52cb, 0x0000, 0x0000, 0x0000, 0x0000, 0x0000, 0x0000, 0x0000, 0x0020,
    0x0000, 0x0841, 0xdefb, 0xce79, 0x52aa, 0x2965, 0x0000, 0x0000, 0x0000, 0x0020, 0x0000, 0x736e,
    0xffff, 0xffdf, 0xffdf, 0xffff, 0xffff, 0xffff, 0xffff, 0xffff, 0xffff, 0xffff, 0xffff, 0xffff,
    0xffdf, 0xffdf, 0xffff, 0x528a, 0x0000, 0x6b4d, 0xa534, 0x52cb, 0xffff, 0xffdf, 0xffdf, 0xffff,
    0xd69a, 0x18e3, 0xf79e, 0x73ae, 0x0000, 0x0020, 0x0020, 0x0000, 0x4228, 0xef5d, 0xffff, 0xf7be,
    0xffff, 0xffff, 0xffff, 0xffff, 0xffff, 0xffff, 0xffff, 0xffff, 0xffff, 0xffff, 0xffff, 0xffff,
    0xffff, 0xffff, 0xffff, 0xffff, 0xffff, 0xffff, 0xffff, 0xffff, 0xffff, 0xffff, 0xffff, 0xffdf,
    0xffdf, 0xf7be, 0xf7be, 0xffdf, 0xffdf, 0x31a6, 0x0000, 0x10a2, 0x8410, 0xffff, 0xffff, 0xffdf,
    0xffff, 0xffff, 0xffff, 0xffff, 0xffff, 0xffff, 0xffff, 0xffff, 0xffff, 0xffff, 0xffff, 0xffdf,
    0xffff, 0x94b2, 0x8410, 0xffff, 0x738e, 0xffff, 0xffdf, 0xffff, 0xffff, 0xffff, 0xffff, 0xffff,
    0xffff, 0xffff, 0xffdf, 0xffff, 0xef5d, 0x2104, 0x0000, 0x0841, 0x0000, 0x41e8, 0xdebb, 0x10a2,
    0x0000, 0x0000, 0x0000, 0x0000, 0x0000, 0x0000, 0x0000, 0x0041, 0x0000, 0x2104, 0xffff, 0x9cf3,
    0x18e3, 0x0841, 0x0000, 0x0000, 0x0000, 0x0020, 0x0000, 0x8430, 0xffff, 0xf7be, 0xffdf, 0xffdf,
    0xffff, 0xffff, 0xffff, 0xffff, 0xffff, 0xffff, 0xffff, 0xffff, 0xffff, 0xffdf, 0xffff, 0x8c51,
    0x0000, 0x2124, 0xef5d, 0x39e7, 0x9492, 0xf79e, 0xe73c, 0x9cf3, 0x2125, 0xb5b6, 0xce79, 0x0020,
    0x0841, 0x0841, 0x0000, 0x630c, 0xf7be, 0xffff, 0xffdf, 0xffff, 0xffff, 0xffff, 0xffff, 0xffff,
    0xffff, 0xffff, 0xffff, 0xffff, 0xffff, 0xffff, 0xffff, 0xffff, 0xffff, 0xffff, 0xffff, 0xffff,
    0xffff, 0xffff, 0xffff, 0xffff, 0xffff, 0xffdf, 0xffdf, 0xffff, 0xffff, 0xffff, 0xffff, 0xffdf,
    0xef7d, 0x6b6d, 0x0020, 0x8430, 0xc618, 0xce59, 0xdedb, 0xef7e, 0xffff, 0xffff, 0xffff, 0xffff,
    0xffff, 0xffff, 0xffff, 0xffff, 0xffff, 0xffff, 0xffff, 0xffdf, 0xffff, 0x94b2, 0x8410, 0xffff,
    0x738e, 0xffff, 0xffdf, 0xffff, 0xffff, 0xffff, 0xffff, 0xffff, 0xffff, 0xffdf, 0xf79e, 0xffff,
    0x73ae, 0x0000, 0x0861, 0x0020, 0x18c3, 0xef5d, 0xad75, 0x0000, 0x0841, 0x0020, 0x0000, 0x0000,
    0x0000, 0x0000, 0x0000, 0x0841, 0x0000, 0x4208, 0xffff, 0x73ae, 0x0000, 0x0020, 0x0000, 0x0000,
    0x0000, 0x0000, 0x0020, 0x1082, 0xd6ba, 0xffdf, 0xf7be, 0xffdf, 0xffff, 0xffff, 0xffff, 0xffff,
    0xffff, 0xffff, 0xffff, 0xffff, 0xffff, 0xffdf, 0xffff, 0xce79, 0x0841, 0x0000, 0x8410, 0xf7be,
    0x6b6d, 0x2966, 0x4228, 0x632c, 0xdefb, 0xd6db, 0x10a3, 0x0020, 0x0020, 0x0000, 0x83f0, 0xffff,
    0xffdf, 0xffdf, 0xffff, 0xffff, 0xffff, 0xffff, 0xffff, 0xffff, 0xffff, 0xffff, 0xffff, 0xffff,
    0xffff, 0xffff, 0xffff, 0xffff, 0xffff, 0xffff, 0xffff, 0xffff, 0xffff, 0xffff, 0xffdf, 0xffff,
    0xffff, 0xffff, 0xffff, 0xf79e, 0xce59, 0x9cd3, 0x632c, 0x39e7, 0x18e3, 0x0841, 0x0000, 0x0841,
    0x0000, 0x0020, 0x0861, 0x2124, 0x52aa, 0xce59, 0xffff, 0xffdf, 0xffff, 0xffff, 0xffff, 0xffff,
    0xffff, 0xffff, 0xffff, 0xffdf, 0xffff, 0x94b2, 0x8410, 0xffff, 0x738e, 0xffff, 0xffdf, 0xffdf,
    0xffff, 0xffff, 0xffff, 0xffff, 0xffff, 0xffdf, 0xffdf, 0xdefb, 0x1082, 0x0020, 0x0841, 0x0000,
    0xad76, 0xffff, 0x6b4d, 0x0000, 0x0861, 0x0020, 0x0000, 0x0000, 0x0000, 0x0000, 0x0000, 0x0841,
    0x0000, 0x5aeb, 0xffff, 0x4a69, 0x0000, 0x0840, 0x0020, 0x0000, 0x0000, 0x0000, 0x0841, 0x0000,
    0x528a, 0xffff, 0xf7be, 0xffff, 0xffff, 0xffff, 0xffff, 0xffff, 0xffff, 0xffff, 0xffff, 0xffff,
    0xffff, 0xffdf, 0xf7be, 0xffdf, 0x528a, 0x0020, 0x0000, 0x7bcf, 0xad55, 0x738e, 0xe71c, 0xe73c,
    0x8c71, 0x0861, 0x0020, 0x0020, 0x0861, 0xa4f4, 0xffff, 0xf7be, 0xffdf, 0xffff, 0xffff, 0xffff,
    0xffff, 0xffff, 0xffff, 0xffff, 0xffff, 0xffff, 0xffff, 0xffff, 0xffff, 0xffff, 0xffff, 0xffff,
    0xffff, 0xffff, 0xffff, 0xffdf, 0xffdf, 0xffff, 0xffff, 0xffff, 0xd6ba, 0x9cf3, 0x5acb, 0x2124,
    0x0841, 0x0000, 0x0000, 0x0000, 0x0000, 0x0000, 0x0000, 0x0000, 0x0000, 0x0000, 0x0000, 0x0000,
    0x0000, 0x632c, 0xffff, 0xf79e, 0xffdf, 0xffff, 0xffff, 0xffff, 0xffff, 0xffff, 0xffff, 0xffdf,
    0xffff, 0x94b2, 0x8410, 0xffff, 0x738e, 0xffff, 0xffdf, 0xffdf, 0xffff, 0xffff, 0xffff, 0xffff,
    0xffff, 0xffdf, 0xffff, 0x8c71, 0x0000, 0x1082, 0x0000, 0x5acb, 0xffff, 0xf7be, 0x3a07, 0x0000,
    0x0841, 0x0000, 0x0000, 0x0000, 0x0000, 0x0000, 0x0000, 0x0841, 0x0000, 0x5acb, 0xffff, 0x3186,
    0x0000, 0x0020, 0x0000, 0x0000, 0x0000, 0x0000, 0x0020, 0x0020, 0x0000, 0xad55, 0xffff, 0xf7be,
    0xffff, 0xffff, 0xffff, 0xffff, 0xffff, 0xffff, 0xffff, 0xffff, 0xffdf, 0xffdf, 0xf7be, 0xffff,
    0x8c51, 0x0000, 0x0000, 0x0000, 0x0000, 0x2104, 0x31a6, 0x0861, 0x0000, 0x0000, 0x0000, 0x0020,
    0xb5b6, 0xffff, 0xf79e, 0xffff, 0xffff, 0xffff, 0xffff, 0xffff, 0xffff, 0xffff, 0xffff, 0xffff,
    0xffff, 0xffff, 0xffff, 0xffff, 0xffff, 0xffff, 0xffff, 0xffff, 0xffff, 0xffdf, 0xffff, 0xffff,
    0xffff, 0xd6ba, 0x8c91, 0x4208, 0x0861, 0x0000, 0x0000, 0x0000, 0x0000, 0x0020, 0x0020, 0x0020,
    0x0000, 0x0000, 0x0000, 0x0000, 0x0000, 0x0000, 0x0000, 0x0841, 0x0000, 0x6b6d, 0xffff, 0xf79e,
    0xffdf, 0xffff, 0xffff, 0xffff, 0xffff, 0xffff, 0xffff, 0xffdf, 0xffff, 0x94b2, 0x8410, 0xffff,
    0x736e, 0xffff, 0xffdf, 0xffdf, 0xffff, 0xffff, 0xffff, 0xffff, 0xffdf, 0xffdf, 0xffff, 0x4228,
    0x0000, 0x0841, 0x0841, 0xce79, 0xffff, 0xef5d, 0x2104, 0x0000, 0x0841, 0x0000, 0x0000, 0x0000,
    0x0000, 0x0000, 0x0000, 0x0841, 0x0000, 0x4a49, 0xffff, 0x2945, 0x0000, 0x0020, 0x0000, 0x0000,
    0x0000, 0x0000, 0x0020, 0x0841, 0x0020, 0x18e3, 0xe71c, 0xffff, 0xef7d, 0xffff, 0xffff, 0xffff,
    0xffff, 0xffff, 0xffff, 0xffdf, 0xffdf, 0xffdf, 0xffdf, 0xffdf, 0x6b4d, 0x8410, 0x0000, 0x0020,
    0x0020, 0x0000, 0x0000, 0x0000, 0x0000, 0x0041, 0x5b0c, 0x630c, 0xffff, 0xffdf, 0xffdf, 0xffff,
    0xffff, 0xffff, 0xffff, 0xffff, 0xffff, 0xffff, 0xffff, 0xffff, 0xffff, 0xffff, 0xffff, 0xffff,
    0xffff, 0xffff, 0xffff, 0xffff, 0xffff, 0xffff, 0xef7d, 0xa534, 0x4a69, 0x1062, 0x0000, 0x0000,
    0x0000, 0x0000, 0x0000, 0x0000, 0x0000, 0x0000, 0x0000, 0x0000, 0x0000, 0x0000, 0x0000, 0x0000,
    0x0000, 0x0000, 0x0000, 0x0841, 0x0000, 0x738e, 0xffff, 0xf79e, 0xffdf, 0xffff, 0xffff, 0xffff,
    0xffff, 0xffff, 0xffff, 0xffdf, 0xffff, 0x94b2, 0x8410, 0xffff, 0x738e, 0xffff, 0xffdf, 0xffff,
    0xffff, 0xffff, 0xffff, 0xffff, 0xf7be, 0xffff, 0xef5d, 0x18c3, 0x0020, 0x0000, 0x528a, 0xffff,
    0xffff, 0xe71c, 0x10a2, 0x0000, 0x0020, 0x0000, 0x0000, 0x0000, 0x0000, 0x0020, 0x0020, 0x0841,
    0x0000, 0x2945, 0xf7be, 0x39e7, 0x0000, 0x0020, 0x0000, 0x0000, 0x0000, 0x0000, 0x0000, 0x0000,
    0x0020, 0x0000, 0x52aa, 0xe71c, 0xa514, 0xffff, 0xffdf, 0xffdf, 0xffff, 0xffff, 0xffff, 0xffff,
    0xffff, 0xffdf, 0xffff, 0xd6ba, 0x632c, 0xffff, 0x9cf3, 0x0861, 0x0000, 0x0000, 0x0000, 0x0861,
    0x4a49, 0xce79, 0x9cd3, 0x9492, 0xffff, 0xffdf, 0xffff, 0xffff, 0xffff, 0xffff, 0xffff, 0xffff,
    0xffff, 0xffff, 0xffff, 0xffff, 0xffff, 0xffff, 0xffff, 0xffff, 0xffdf, 0xffff, 0xffff, 0xffff,
    0xce59, 0x6b6e, 0x2104, 0x0000, 0x0000, 0x0000, 0x0020, 0x0000, 0x0000, 0x0000, 0x0000, 0x0000,
    0x0000, 0x0000, 0x0000, 0x0000, 0x0000, 0x0000, 0x0000, 0x0000, 0x0000, 0x0000, 0x0000, 0x0020,
    0x0000, 0x7bcf, 0xffff, 0xf79e, 0xffdf, 0xffff, 0xffff, 0xffff, 0xffff, 0xffff, 0xffff, 0xffdf,
    0xffff, 0x94b2, 0x8410, 0xffff, 0x738e, 0xffff, 0xffdf, 0xffff, 0xffff, 0xffff, 0xffff, 0xffff,
    0xf7be, 0xffff, 0xc638, 0x0841, 0x1082, 0x0000, 0x9cd3, 0xffff, 0xffff, 0xe71c, 0x10a2, 0x0000,
    0x0020, 0x0000, 0x0000, 0x0000, 0x0000, 0x0020, 0x0020, 0x0020, 0x0020, 0x0841, 0xbdf7, 0x2965,
    0x0000, 0x0020, 0x0020, 0x0000, 0x0000, 0x0000, 0x0000, 0x0000, 0x0000, 0x0000, 0x0020, 0x3166,
    0xb5b6, 0xffff, 0xf7be, 0xffdf, 0xffdf, 0xffff, 0xffff, 0xffff, 0xffff, 0xffdf, 0xffff, 0x9cd3,
    0x8410, 0xffff, 0xffff, 0xce79, 0x31a6, 0x52aa, 0x8c51, 0xce79, 0xffff, 0xffff, 0x4a49, 0xe71c,
    0xffff, 0xffdf, 0xffdf, 0xffff, 0xffff, 0xffff, 0xffff, 0xffff, 0xffff, 0xffff, 0xffff, 0xffff,
    0xffff, 0xffdf, 0xffdf, 0xffff, 0xffff, 0xd6ba, 0x6b2d, 0x4228, 0x0020, 0x0000, 0x0000, 0x0020,
    0x0020, 0x0000, 0x0000, 0x0000, 0x0000, 0x0000, 0x0000, 0x0000, 0x0000, 0x0000, 0x0000, 0x0000,
    0x0000, 0x0000, 0x0000, 0x0000, 0x0000, 0x0000, 0x0000, 0x0020, 0x0000, 0x8c51, 0xffff, 0xf7be,
    0xffff, 0xffff, 0xffff, 0xffff, 0xffff, 0xffff, 0xffff, 0xffdf, 0xffff, 0x94b2, 0x8410, 0xffff,
    0x73ae, 0xffff, 0xffdf, 0xffff, 0xffff, 0xffff, 0xffff, 0xffff, 0xf7be, 0xffff, 0xb5b6, 0x0000,
    0x1082, 0x0020, 0xce59, 0xffff, 0xffff, 0xef5d, 0x18e3, 0x0000, 0x0020, 0x0000, 0x0000, 0x0000,
    0x0000, 0x0000, 0x0020, 0x0020, 0x0820, 0x0000, 0x73ae, 0x39c7, 0x0000, 0x0000, 0x0000, 0x0000,
    0x0000, 0x0000, 0x0000, 0x0000, 0x0000, 0x0020, 0x0000, 0x0000, 0xbdf7, 0xffff, 0xf7be, 0xffdf,
    0xffff, 0xffff, 0xffff, 0xffff, 0xffff, 0xffdf, 0xffff, 0x5acb, 0xb596, 0xffff, 0xffdf, 0xef5d,
    0x9492, 0xffff, 0xffff, 0xffdf, 0xffff, 0x9cf3, 0x73ae, 0xffff, 0xf7be, 0xffdf, 0xffff, 0xffff,
    0xffff, 0xffff, 0xffff, 0xffff, 0xffff, 0xffff, 0xffff, 0xffff, 0xffff, 0xffff, 0xffff, 0xd6ba,
    0x738e, 0x10a2, 0x0000, 0x0000, 0x0000, 0x0020, 0x0000, 0x0000, 0x0000, 0x0000, 0x0000, 0x0000,
    0x0000, 0x0000, 0x0000, 0x0000, 0x0000, 0x0000, 0x0000, 0x0000, 0x0000, 0x0000, 0x0000, 0x0000,
    0x0000, 0x0000, 0x0000, 0x0000, 0x0000, 0x9cf3, 0xffff, 0xf7be, 0xffdf, 0xffff, 0xffff, 0xffff,
    0xffff, 0xffff, 0xffff, 0xffdf, 0xffff, 0x94b2, 0x8410, 0xffff, 0x73ae, 0xffff, 0xffdf, 0xffff,
    0xffff, 0xffff, 0xffff, 0xffff, 0xf7be, 0xffff, 0xbdf7, 0x0840, 0x0861, 0x0861, 0xdedb, 0xffdf,
    0xffdf, 0xffdf, 0x3186, 0x0000, 0x0841, 0x0000, 0x0000, 0x0000, 0x0000, 0x0000, 0x0000, 0x0000,
    0x0020, 0x0000, 0x2124, 0x6b6d, 0x0000, 0x0000, 0x0000, 0x0000, 0x0000, 0x0000, 0x0000, 0x0000,
    0x0000, 0x0020, 0x0840, 0x0020, 0x31a6, 0xf7be, 0xf7be, 0xffdf, 0xffff, 0xffff, 0xffff, 0xffdf,
    0xffdf, 0xffff, 0xef5d, 0x39e7, 0xe71c, 0xf7be, 0xffff, 0xad75, 0xc618, 0xffff, 0xf7be, 0xffdf,
    0xffff, 0x528a, 0xdedb, 0xffff, 0xffdf, 0xffff, 0xffff, 0xffff, 0xffff, 0xffff, 0xffff, 0xffff,
    0xffff, 0xffdf, 0xffff, 0xffff, 0xffff, 0xbdf7, 0x5acb, 0x0861, 0x0000, 0x0000, 0x0020, 0x0000,
    0x0000, 0x0000, 0x0000, 0x0000, 0x0000, 0x0000, 0x0000, 0x0000, 0x0000, 0x0000, 0x0000, 0x0000,
    0x0000, 0x0000, 0x0000, 0x0000, 0x0000, 0x0000, 0x0000, 0x0000, 0x0000, 0x0000, 0x0000, 0x0000,
    0x0000, 0xb596, 0xffff, 0xf7be, 0xffff, 0xffff, 0xffff, 0xffff, 0xffff, 0xffff, 0xffff, 0xffdf,
    0xffff, 0x94b2, 0x8410, 0xffff, 0x73ae, 0xffff, 0xffdf, 0xffff, 0xffff, 0xffff, 0xffff, 0xffff,
    0xf7be, 0xffdf, 0xe71c, 0x18c3, 0x0020, 0x0861, 0xdedb, 0xffdf, 0xf79e, 0xffff, 0x5acb, 0x0000,
    0x0841, 0x0000, 0x0000, 0x0000, 0x0000, 0x0000, 0x0000, 0x0000, 0x0020, 0x0020, 0x0000, 0x52aa,
    0x39e7, 0x0000, 0x0020, 0x0000, 0x0000, 0x0000, 0x0000, 0x0000, 0x0000, 0x0020, 0x0020, 0x0841,
    0x0000, 0x6b4d, 0xffff, 0xffdf, 0xffff, 0xffff, 0xffdf, 0xffdf, 0xf7be, 0xffff, 0xad75, 0x526a,
    0xffff, 0xf79e, 0xf7be, 0xb596, 0xffdf, 0xffdf, 0xffde, 0xffff, 0xad75, 0x630c, 0xffff, 0xffdf,
    0xffff, 0xffff, 0xffff, 0xffff, 0xffff, 0xffff, 0xffff, 0xffdf, 0xffff, 0xffff, 0xf79e, 0xa534,
    0x4228, 0x0020, 0x0000, 0x0000, 0x0020, 0x0000, 0x0000, 0x0000, 0x0000, 0x0000, 0x0000, 0x0000,
    0x0000, 0x0000, 0x0000, 0x0000, 0x0000, 0x0000, 0x0000, 0x0000, 0x0000, 0x0000, 0x0000, 0x0000,
    0x0000, 0x0000, 0x0000, 0x0000, 0x0000, 0x0000, 0x0000, 0x0000, 0x0000, 0xc618, 0xffff, 0xf7be,
    0xffff, 0xffff, 0xffff, 0xffff, 0xffff, 0xffff, 0xffff, 0xffdf, 0xffff, 0x94b2, 0x8410, 0xffff,
    0x738e, 0xffff, 0xffdf, 0xffff, 0xffff, 0xffff, 0xffff, 0xffff, 0xffdf, 0xffdf, 0xffff, 0x528a,
    0x0000, 0x0000, 0xad75, 0xffff, 0xef7d, 0xffff, 0x9cd3, 0x0000, 0x0841, 0x0000, 0x0000, 0x0000,
    0x0000, 0x0000, 0x0000, 0x0000, 0x0000, 0x0020, 0x0020, 0x0840, 0x630c, 0x1903, 0x0000, 0x0020,
    0x0000, 0x0000, 0x0000, 0x0000, 0x0000, 0x0000, 0x0000, 0x0000, 0x0020, 0x0000, 0x9cd3, 0xffff,
    0xf79e, 0xffdf, 0xffff, 0xffff, 0xf79e, 0xffff, 0x738e, 0x8c31, 0xffff, 0xffff, 0xdefb, 0xce59,
    0xffff, 0xffdf, 0xf7be, 0xffff, 0x4a69, 0xbdf7, 0xffff, 0xf7be, 0xffff, 0xffff, 0xffff, 0xffff,
    0xffff, 0xffdf, 0xffff, 0xffff, 0xef5d, 0x8c71, 0x2945, 0x0000, 0x0000, 0x0000, 0x0020, 0x0000,
    0x0000, 0x0000, 0x0000, 0x0000, 0x0000, 0x0000, 0x0000, 0x0000, 0x0000, 0x0000, 0x0000, 0x0000,
    0x0000, 0x0000, 0x0000, 0x0000, 0x0000, 0x0000, 0x0000, 0x0000, 0x0000, 0x0000, 0x0000, 0x0000,
    0x0000, 0x0000, 0x0000, 0x0000, 0x0000, 0xce79, 0xffff, 0xffdf, 0xffff, 0xffff, 0xffff, 0xffff,
    0xffff, 0xffff, 0xffff, 0xffdf, 0xffff, 0x94b2, 0x8410, 0xffff, 0x738e, 0xffff, 0xffdf, 0xffff,
    0xffff, 0xffff, 0xffff, 0xffff, 0xffff, 0xffdf, 0xffff, 0xc618, 0x0020, 0x0841, 0x2965, 0xe6fc,
    0xffff, 0xf79e, 0xe71c, 0x1082, 0x0000, 0x0000, 0x0000, 0x0000, 0x0000, 0x0000, 0x0000, 0x0000,
    0x0000, 0x0000, 0x0020, 0x0000, 0x0861, 0x52aa, 0x10a2, 0x0000, 0x0020, 0x0000, 0x0000, 0x0000,
    0x0000, 0x0000, 0x0000, 0x0000, 0x0020, 0x0000, 0x0841, 0xc618, 0xffff, 0xf7be, 0xffff, 0xffff,
    0xffff, 0xffff, 0x4208, 0xce59, 0xffff, 0xffff, 0xce59, 0xef7d, 0xffff, 0xf7be, 0xffff, 0xbdf7,
    0x4a29, 0xffff, 0xffbf, 0xffdf, 0xffdf, 0xffdf, 0xffff, 0xffdf, 0xffff, 0xffff, 0xe73c, 0x8430,
    0x2104, 0x0000, 0x0000, 0x0000, 0x0000, 0x0000, 0x0000, 0x0000, 0x0000, 0x0000, 0x0000, 0x0000,
    0x0000, 0x0000, 0x0000, 0x0000, 0x0000, 0x0000, 0x0000, 0x0000, 0x0000, 0x0000, 0x0000, 0x0000,
    0x0000, 0x0000, 0x0000, 0x0000, 0x0000, 0x0000, 0x0000, 0x0000, 0x0000, 0x0000, 0x0020, 0x0000,
    0x0861, 0xdedb, 0xffff, 0xffdf, 0xffff, 0xffff, 0xffff, 0xffff, 0xffff, 0xffff, 0xffff, 0xffdf,
    0xffff, 0x94b2, 0x8410, 0xffff, 0x738e, 0xffff, 0xffdf, 0xffdf, 0xffff, 0xffff, 0xffff, 0xffff,
    0xffff, 0xffff, 0xf7be, 0xffff, 0x8410, 0x0000, 0x0020, 0x2104, 0xc617, 0xffff, 0xffff, 0x7bef,
    0x0000, 0x0841, 0x0000, 0x0000, 0x0000, 0x0000, 0x0000, 0x0000, 0x0000, 0x0000, 0x0000, 0x0000,
    0x0000, 0x0861, 0x4208, 0x18c3, 0x0000, 0x0000, 0x0000, 0x0000, 0x0000, 0x0000, 0x0000, 0x0000,
    0x0000, 0x0020, 0x0000, 0x2104, 0xe71c, 0xffff, 0xf7be, 0xffff, 0xffff, 0xd6ba, 0x39c7, 0xf7be,
    0xffff, 0xf7be, 0xc618, 0xffff, 0xffdf, 0xffdf, 0xffff, 0x5acb, 0x9cf3, 0xffff, 0xf7be, 0xffdf,
    0xf7be, 0xf7be, 0xffff, 0xffff, 0xdefb, 0x7bef, 0x18c3, 0x0000, 0x0000, 0x0020, 0x0000, 0x0000,
    0x0000, 0x0000, 0x0000, 0x0000, 0x0000, 0x0000, 0x0000, 0x0000, 0x0000, 0x0000, 0x0000, 0x0000,
    0x0000, 0x0000, 0x0000, 0x0000, 0x0000, 0x0000, 0x0000, 0x0000, 0x0000, 0x0000, 0x0000, 0x0000,
    0x0000, 0x0000, 0x0000, 0x0000, 0x0000, 0x0000, 0x0020, 0x0000, 0x2104, 0xef7d, 0xffff, 0xffdf,
    0xffff, 0xffff, 0xffff, 0xffff, 0xffff, 0xffff, 0xffff, 0xffdf, 0xffff, 0x94b2, 0x8410, 0xffff,
    0x738e, 0xffff, 0xffdf, 0xffdf, 0xffff, 0xffff, 0xffff, 0xffff, 0xffff, 0xffff, 0xffff, 0xffdf,
    0xffff, 0x6b6d, 0x0000, 0x0020, 0x0020, 0x528a, 0xb5b6, 0xdefb, 0x31a6, 0x0000, 0x0841, 0x0000,
    0x0000, 0x0000, 0x0000, 0x0000, 0x0000, 0x0000, 0x0000, 0x0000, 0x0000, 0x0000, 0x0020, 0x2965,
    0x18c3, 0x0000, 0x0000, 0x0000, 0x0000, 0x0000, 0x0000, 0x0000, 0x0000, 0x0000, 0x0841, 0x0000,
    0x31a6, 0xf79e, 0xffdf, 0xf79e, 0xffff, 0x8c71, 0x632c, 0xffff, 0xffdf, 0xdedb, 0xd6ba, 0xffff,
    0xf7be, 0xffff, 0xe71c, 0x39e7, 0xf79e, 0xffdf, 0xffdf, 0xffdf, 0xffff, 0xffff, 0xdedb, 0x738e,
    0x1082, 0x0000, 0x0000, 0x0020, 0x0000, 0x0000, 0x0000, 0x0000, 0x0000, 0x0000, 0x0000, 0x0000,
    0x0000, 0x0000, 0x0000, 0x0000, 0x0000, 0x0000, 0x0000, 0x0000, 0x0000, 0x0000, 0x0000, 0x0000,
    0x0000, 0x0000, 0x0000, 0x0000, 0x0000, 0x0000, 0x0000, 0x0000, 0x0000, 0x0000, 0x0000, 0x0000,
    0x0000, 0x0000, 0x0020, 0x0000, 0x2965, 0xffdf, 0xffff, 0xffff, 0xffff, 0xffff, 0xffff, 0xffff,
    0xffff, 0xffff, 0xffff, 0xffdf, 0xffff, 0x94b2, 0x8410, 0xffff, 0x738e, 0xffff, 0xffdf, 0xffff,
    0xffff, 0xffff, 0xffff, 0xffff, 0xffff, 0xffff, 0xffff, 0xffdf, 0xffdf, 0xffff, 0xad75, 0x6b4d,
    0x73ae, 0x39e7, 0x2104, 0x4228, 0x52aa, 0x1082, 0x0000, 0x0020, 0x0000, 0x0000, 0x0000, 0x0000,
    0x0000, 0x0000, 0x0000, 0x0000, 0x0000, 0x0000, 0x0000, 0x0000, 0x10a2, 0x0861, 0x0000, 0x0000,
    0x0000, 0x0000, 0x0000, 0x0000, 0x0000, 0x0000, 0x0000, 0x0841, 0x0000, 0x528a, 0xffff, 0xef7d,
    0xffff, 0x5acb, 0xb596, 0xffff, 0xffdf, 0xce59, 0xef7d, 0xffff, 0xf79e, 0xffff, 0x8c51, 0x7bef,
    0xffff, 0xf79e, 0xffff, 0xffff, 0xdedb, 0x6b6d, 0x1082, 0x0000, 0x0000, 0x0020, 0x0000, 0x0000,
    0x0000, 0x0000, 0x0000, 0x0000, 0x0000, 0x0000, 0x0000, 0x0000, 0x0000, 0x0000, 0x0000, 0x0000,
    0x0000, 0x0000, 0x0000, 0x0000, 0x0000, 0x0000, 0x0000, 0x0000, 0x0000, 0x0000, 0x0000, 0x0000,
    0x0000, 0x0000, 0x0000, 0x0000, 0x0000, 0x0000, 0x0000, 0x0000, 0x0000, 0x0020, 0x0841, 0x0000,
    0x39e7, 0xffff, 0xffff, 0xffff, 0xffff, 0xffff, 0xffff, 0xffff, 0xffff, 0xffff, 0xffff, 0xffdf,
    0xffff, 0x94b2, 0x8410, 0xffff, 0x738e, 0xffff, 0xffdf, 0xffff, 0xffff, 0xffff, 0xffff, 0xffff,
    0xffff, 0xffff, 0xffff, 0xffff, 0xffff, 0xffff, 0xffff, 0xffff, 0xef5d, 0xffdf, 0xf79e, 0xe71c,
    0xef5d, 0xc618, 0x10a2, 0x0000, 0x0020, 0x0000, 0x0000, 0x0000, 0x0000, 0x0000, 0x0000, 0x0000,
    0x0000, 0x0000, 0x0000, 0x0000, 0x0000, 0x0000, 0x0000, 0x0000, 0x0000, 0x0000, 0x0000, 0x0000,
    0x0000, 0x0000, 0x0000, 0x0020, 0x0841, 0x0000, 0x738e, 0xffff, 0xef5d, 0x4a69, 0xf79e, 0xffff,
    0xf7be, 0xce59, 0xffff, 0xffdf, 0xffdf, 0xf7de, 0x4229, 0xd6ba, 0xffff, 0xffff, 0xdedb, 0x6b6d,
    0x1062, 0x0000, 0x0000, 0x0000, 0x0000, 0x0000, 0x0000, 0x0000, 0x0000, 0x0000, 0x0000, 0x0000,
    0x0000, 0x0000, 0x0000, 0x0000, 0x0000, 0x0000, 0x0000, 0x0000, 0x0000, 0x0000, 0x0000, 0x0000,
    0x0000, 0x0000, 0x0000, 0x0020, 0x0020, 0x0020, 0x0000, 0x0000, 0x0000, 0x0000, 0x0000, 0x0000,
    0x0000, 0x0000, 0x0000, 0x0000, 0x0000, 0x0000, 0x0000, 0x0000, 0x528a, 0xffff, 0xffdf, 0xffff,
    0xffff, 0xffff, 0xffff, 0xffff, 0xffff, 0xffff, 0xffff, 0xffdf, 0xffff, 0x94b2, 0x8410, 0xffff,
    0x738e, 0xffff, 0xffdf, 0xffff, 0xffff, 0xffff, 0xffff, 0xffff, 0xffff, 0xffff, 0xffff, 0xffff,
    0xffff, 0xffff, 0xffdf, 0xffff, 0xffff, 0xffdf, 0xffff, 0xffff, 0xffff, 0xffff, 0xd6ba, 0x4208,
    0x0000, 0x0020, 0x0000, 0x0000, 0x0000, 0x0000, 0x0000, 0x0000, 0x0000, 0x0000, 0x0000, 0x0000,
    0x0000, 0x0000, 0x0000, 0x0000, 0x0000, 0x0000, 0x0000, 0x0000, 0x0000, 0x0000, 0x0000, 0x0020,
    0x0020, 0x0841, 0x0000, 0x9cf4, 0xb5b6, 0x630c, 0xffff, 0xffff, 0xdefb, 0xd69a, 0xffff, 0xf7be,
    0xffff, 0xbdd7, 0x630c, 0xffff, 0xdedb, 0x6b6d, 0x0861, 0x0000, 0x0000, 0x0020, 0x0000, 0x0000,
    0x0000, 0x0000, 0x0000, 0x0000, 0x0000, 0x0000, 0x0000, 0x0000, 0x0000, 0x0000, 0x0000, 0x0000,
    0x0000, 0x0000, 0x0000, 0x0020, 0x0020, 0x0020, 0x0000, 0x0000, 0x0000, 0x0000, 0x0000, 0x0000,
    0x0000, 0x0000, 0x0000, 0x0000, 0x0000, 0x0861, 0x18c3, 0x2965, 0x4208, 0x528a, 0x632c, 0x7bcf,
    0x9472, 0x9cf3, 0xad75, 0xbdd7, 0xdefb, 0xffff, 0xffdf, 0xffff, 0xffff, 0xffff, 0xffff, 0xffff,
    0xffff, 0xffff, 0xffff, 0xffdf, 0xffff, 0x94b2, 0x8430, 0xffff, 0x738e, 0xffff, 0xffdf, 0xffff,
    0xffff, 0xffff, 0xffff, 0xffff, 0xffff, 0xffff, 0xffff, 0xffff, 0xffff, 0xffff, 0xffff, 0xffff,
    0xffff, 0xffff, 0xffff, 0xffff, 0xffdf, 0xf7be, 0xffff, 0x528a, 0x0020, 0x0841, 0x0000, 0x0000,
    0x0000, 0x0000, 0x0000, 0x0000, 0x0000, 0x0000, 0x0000, 0x0000, 0x0000, 0x0000, 0x0000, 0x0000,
    0x0000, 0x0000, 0x0000, 0x0000, 0x0000, 0x0000, 0x0000, 0x0000, 0x0000, 0x0000, 0x0000, 0x0861,
    0x31a6, 0xbdb7, 0xffff, 0xffff, 0xd69a, 0xef5d, 0xffdf, 0xf7be, 0xffff, 0x8410, 0x9cd3, 0x7bef,
    0x1082, 0x0000, 0x0020, 0x0840, 0x0000, 0x0000, 0x0000, 0x0000, 0x0000, 0x0000, 0x0000, 0x0000,
    0x0000, 0x0000, 0x0020, 0x0020, 0x0020, 0x0000, 0x0000, 0x0000, 0x0000, 0x0000, 0x0000, 0x0000,
    0x0000, 0x0000, 0x0000, 0x0000, 0x0861, 0x18e3, 0x3186, 0x4a49, 0x630c, 0x7bef, 0x94b2, 0xb596,
    0xce59, 0xd6bb, 0xe73c, 0xffdf, 0xffff, 0xffff, 0xffff, 0xffff, 0xffff, 0xffff, 0xffff, 0xffff,
    0xffff, 0xffff, 0xffff, 0xffff, 0xffff, 0xffff, 0xffff, 0xffff, 0xffff, 0xffff, 0xffff, 0xffdf,
    0xffff, 0x94b2, 0x8410, 0xffff
  },
  // READY
  {
    0xffdf, 0xffdf, 0xffff, 0xffff, 0xffff, 0xffff, 0xffff, 0xffff, 0xffff, 0xffff, 0xffff, 0xffff,
    0xffff, 0xffff, 0xffff, 0xffff, 0xffff, 0xffff, 0xffff, 0xff35, 0xffdd, 0xffff, 0xffff, 0xffff,
    0xffff, 0xffff, 0xffff, 0xffff, 0xffff, 0xffff, 0xffff, 0xffff, 0xffff, 0xffff, 0xffff, 0xffff,
    0xffff, 0xffff, 0xffff, 0xffff, 0xffff, 0xffff, 0xffff, 0xffff, 0xffff, 0xffff, 0xffff, 0xffff,
    0xffff, 0xffff, 0xffff, 0xffff, 0xffff, 0xffff, 0xffff, 0xffff, 0xffff, 0xffff, 0xffff, 0xffdf,
    0xffff, 0xce59, 0x0020, 0x0861, 0x0000, 0x18c3, 0xef7d, 0xffff, 0xf7bf, 0xffff, 0xffff, 0xffff,
    0xffff, 0xffff, 0xffff, 0xffff, 0xffff, 0xffff, 0xffff, 0xffff, 0xffff, 0xffff, 0xffff, 0xffff,
    0xffff, 0xffff, 0xffff, 0xffff, 0xffff, 0xffff, 0xffff, 0xffff, 0xffff, 0xffff, 0xffff, 0xffff,
    0xffff, 0xffff, 0xffff, 0xffff, 0xffff, 0xffff, 0xffff, 0xffff, 0xffff, 0xffff, 0xffff, 0xffff,
    0xffff, 0xffff, 0xffff, 0xffff, 0xffff, 0xffff, 0xffff, 0xffff, 0xffff, 0xffff, 0xffff, 0xffff,
    0xffff, 0xf7be, 0xffff, 0x7bef, 0x94b2, 0xffff, 0xf79e, 0xf7be, 0xffdf, 0xffdf, 0xffff, 0xffff,
    0xffff, 0xffff, 0xffff, 0xffff, 0xffff, 0xffff, 0xffff, 0xffff, 0xffff, 0xffff, 0xffff, 0xffff,
    0xffff, 0xffff, 0xfffe, 0xfe4a, 0xffbb, 0xffff, 0xffff, 0xffff, 0xffff, 0xffff, 0xffff, 0xffff,
    0xffff, 0xffff, 0xffff, 0xffff, 0xffff, 0xffff, 0xffff, 0xffff, 0xffff, 0xffff, 0xffff, 0xffff,
    0xffff, 0xffff, 0xffff, 0xffff, 0xffff, 0xffff, 0xffff, 0xffff, 0xffff, 0xffff, 0xffff, 0xffff,
    0xffff, 0xffff, 0xffff, 0xffff, 0xffff, 0xffff, 0xffff, 0xffdf, 0xffff, 0x738e, 0x0000, 0x10a2,
    0x0000, 0x7bcf, 0xffff, 0xf7be, 0xffff, 0xffff, 0xffff, 0xffff, 0xffff, 0xffff, 0xffff, 0xffff,
    0xffff, 0xffff, 0xffff, 0xffff, 0xffff, 0xffff, 0xffff, 0xffff, 0xffff, 0xffff, 0xffff, 0xffff,
    0xffff, 0xffff, 0xffff, 0xffff, 0xffff, 0xffff, 0xffff, 0xffff, 0xffff, 0xffff, 0xffff, 0xffff,
    0xffff, 0xffff, 0xffff, 0xffff, 0xffff, 0xffff, 0xffff, 0xffff, 0xffff, 0xffff, 0xffff, 0xffff,
    0xffff, 0xffff, 0xffff, 0xffff, 0xffff, 0xffff, 0xffff, 0xffff, 0xffff, 0xf7be, 0xffff, 0x7bef,
    0x94b2, 0xffff, 0xf79e, 0xf7be, 0xffdf, 0xffdf, 0xffff, 0xffff, 0xffff, 0xffff, 0xffff, 0xffff,
    0xffff, 0xffff, 0xffff, 0xffff, 0xffff, 0xffff, 0xffff, 0xffff, 0xffff, 0xffff, 0xffbb, 0xfda1,
    0xff77, 0xffff, 0xffff, 0xffff, 0xffff, 0xffff, 0xffff, 0xffff, 0xffff, 0xffff, 0xffff, 0xffff,
    0xffff, 0xffff, 0xffff, 0xffff, 0xffff, 0xffff, 0xffff, 0xffff, 0xffff, 0xffff, 0xffff, 0xffff,
    0xffff, 0xffff, 0xffff, 0xffff, 0xffff, 0xffff, 0xffff, 0xffff, 0xffff, 0xffff, 0xffff, 0xffff,
    0xffff, 0xffff, 0xffdf, 0xffdf, 0xffff, 0x39e7, 0x0000, 0x1082, 0x0020, 0xbdf7, 0xffff, 0xffdf,
    0xffff, 0xffff, 0xffff, 0xffff, 0xffff, 0xffff, 0xffff, 0xffff, 0xffff, 0xffff, 0xffff, 0xffff,
    0xffff, 0xffff, 0xffff, 0xffff, 0xffff, 0xffff, 0xffff, 0xffff, 0xffff, 0xffff, 0xffff, 0xffff,
    0xffff, 0xffff, 0xffff, 0xffff, 0xffff, 0xffff, 0xffff, 0xffff, 0xffff, 0xffff, 0xffff, 0xffff,
    0xffff, 0xffff, 0xffff, 0xffff, 0xffff, 0xffff, 0xffff, 0xffff, 0xffff, 0xffff, 0xffff, 0xffff,
    0xffff, 0xffff, 0xffff, 0xffff, 0xffff, 0xf7be, 0xffff, 0x7bef, 0x94b2, 0xffff, 0xf79e, 0xf7be,
    0xffdf, 0xffdf, 0xffff, 0xffff, 0xffff, 0xffff, 0xffff, 0xffff, 0xffff, 0xffff, 0xffff, 0xffff,
    0xffff, 0xffff, 0xffff, 0xffff, 0xfffe, 0xffff, 0xff35, 0xfd60, 0xfef1, 0xffff, 0xffff, 0xffff,
    0xffff, 0xffff, 0xffff, 0xffff, 0xffff, 0xffff, 0xffff, 0xffff, 0xffff, 0xffff, 0xffff, 0xffff,
    0xffff, 0xffff, 0xffff, 0xffff, 0xffff, 0xffff, 0xffff, 0xffff, 0xffff, 0xffff, 0xffff, 0xffff,
    0xffff, 0xffff, 0xffff, 0xffff, 0xffff, 0xffff, 0xffff, 0xffff, 0xffff, 0xffff, 0xffdf, 0xffdf,
    0xf7de, 0x2965, 0x0000, 0x0841, 0x10a2, 0xdefb, 0xffdf, 0xffdf, 0xffff, 0xffff, 0xffff, 0xffff,
    0xffff, 0xffff, 0xffff, 0xffff, 0xffff, 0xffff, 0xffff, 0xffff, 0xffff, 0xffff, 0xffff, 0xffff,
    0xffff, 0xffff, 0xffff, 0xffff, 0xffff, 0xffff, 0xffff, 0xffff, 0xffff, 0xffff, 0xffff, 0xffff,
    0xffff, 0xffff, 0xffff, 0xffff, 0xffff, 0xffff, 0xffff, 0xffff, 0xffff, 0xffff, 0xffff, 0xffff,
    0xffff, 0xffff, 0xffff, 0xffff, 0xffff, 0xffff, 0xffff, 0xffff, 0xffff, 0xffff, 0xffff, 0xffff,
    0xffff, 0xf7be, 0xffff, 0x7bef, 0x94b2, 0xffff, 0xf79e, 0xf7be, 0xffdf, 0xffdf, 0xffff, 0xffff,
    0xffff, 0xffff, 0xffff, 0xffff, 0xffff, 0xffff, 0xffff, 0xffff, 0xffff, 0xffff, 0xffff, 0xffff,
    0xffde, 0xffff, 0xfead, 0xfd60, 0xfe49, 0xffff, 0xffff, 0xffff, 0xffff, 0xffff, 0xffff, 0xffff,
    0xffff, 0xffff, 0xffff, 0xffff, 0xffff, 0xffff, 0xffff, 0xffff, 0xffff, 0xffff, 0xffff, 0xffff,
    0xffff, 0xffff, 0xffff, 0xffff, 0xffff, 0xffff, 0xffff, 0xffff, 0xffff, 0xffff, 0xffff, 0xffff,
    0xffff, 0xffff, 0xffff, 0xffff, 0xffff, 0xffff, 0xffff, 0xffdf, 0xffff, 0x4a69, 0x0000, 0x0841,
    0x2124, 0xef5d, 0xf7df, 0xffdf, 0xffff, 0xffff, 0xffff, 0xffff, 0xffff, 0xffff, 0xffff, 0xffff,
    0xffff, 0xffff, 0xffff, 0xffff, 0xffff, 0xffff, 0xffff, 0xffff, 0xffff, 0xffff, 0xffff, 0xffff,
    0xffff, 0xffff, 0xffff, 0xffff, 0xffff, 0xffff, 0xffff, 0xffff, 0xffff, 0xffff, 0xffff, 0xffff,
    0xffff, 0xffff, 0xffff, 0xffff, 0xffff, 0xffff, 0xffff, 0xffff, 0xffff, 0xffff, 0xffff, 0xffff,
    0xffff, 0xffff, 0xffff, 0xffff, 0xffff, 0xffff, 0xffff, 0xffff, 0xffff, 0xf7be, 0xffff, 0x7bef,
    0x94b2, 0xffff, 0xf79e, 0xf7be, 0xffdf, 0xffdf, 0xffff, 0xffff, 0xffff, 0xffff, 0xffff, 0xffff,
    0xffff, 0xffff, 0xffff, 0xffff, 0xffff, 0xffff, 0xffff, 0xffff, 0xffff, 0xfffe, 0xfe05, 0xf580,
    0xfdc3, 0xffbb, 0xffff, 0xfffe, 0xffff, 0xffff, 0xffff, 0xffff, 0xffff, 0xffff, 0xffff, 0xffff,
    0xffff, 0xffff, 0xffff, 0xffff, 0xffff, 0xffff, 0xffff, 0xffff, 0xffff, 0xffff, 0xffff, 0xffff,
    0xffff, 0xffff, 0xffff, 0xffff, 0xffff, 0xffff, 0xffff, 0xffff, 0xffff, 0xffff, 0xffff, 0xffff,
    0xffff, 0xffff, 0xffff, 0xffdf, 0xffff, 0x9492, 0x0000, 0x0861, 0x2945, 0xef7d, 0xffde, 0xf7be,
    0xffff, 0xffff, 0xffff, 0xffff, 0xffff, 0xffff, 0xffff, 0xffff, 0xffff, 0xffff, 0xffff, 0xffff,
    0xffff, 0xffff, 0xffff, 0xffff, 0xffff, 0xffff, 0xffff, 0xffff, 0xffff, 0xffff, 0xffff, 0xffff,
    0xffff, 0xffff, 0xffff, 0xffff, 0xffff, 0xffff, 0xffff, 0xffff, 0xffff, 0xffff, 0xffff, 0xffff,
    0xffff, 0xffff, 0xffff, 0xffff, 0xffff, 0xffff, 0xffff, 0xffff, 0xffff, 0xffff, 0xffff, 0xffff,
    0xffff, 0xffff, 0xffff, 0xffff, 0xffff, 0xf7be, 0xffff, 0x7bef, 0x94b2, 0xffff, 0xf79e, 0xf7be,
    0xffdf, 0xffdf, 0xffff, 0xffff, 0xffff, 0xffff, 0xffff, 0xffff, 0xffff, 0xffff, 0xffff, 0xffff,
    0xffff, 0xffff, 0xffff, 0xffff, 0xffff, 0xff57, 0xfda1, 0xfda2, 0xfd80, 0xff13, 0xffff, 0xffde,
    0xffff, 0xffff, 0xffff, 0xffff, 0xffff, 0xffff, 0xffff, 0xffff, 0xffff, 0xffff, 0xffff, 0xffff,
    0xffff, 0xffff, 0xffff, 0xffff, 0xffff, 0xffff, 0xffff, 0xffff, 0xffff, 0xffff, 0xffff, 0xffff,
    0xffff, 0xffff, 0xffff, 0xffff, 0xffff, 0xffff, 0xffff, 0xffff, 0xffff, 0xffff, 0xffff, 0xf7be,
    0xffdf, 0xef5d, 0x2104, 0x0841, 0x18e3, 0xe73c, 0xffff, 0xffbe, 0xffff, 0xffff, 0xffff, 0xffff,
    0xffff, 0xffdf, 0xffdf, 0xffdf, 0xffdf, 0xffff, 0xffff, 0xffff, 0xffff, 0xffff, 0xffff, 0xffff,
    0xffff, 0xffff, 0xffff, 0xffff, 0xffff, 0xffff, 0xffff, 0xffff, 0xffff, 0xffff, 0xffff, 0xffff,
    0xffff, 0xffff, 0xffff, 0xffff, 0xffff, 0xffff, 0xffff, 0xffff, 0xffff, 0xffff, 0xffff, 0xffff,
    0xffff, 0xffff, 0xffff, 0xffff, 0xffff, 0xffff, 0xffff, 0xffff, 0xffff, 0xffff, 0xffff, 0xffff,
    0xffff, 0xf7be, 0xffff, 0x7bef, 0x94b2, 0xffff, 0xf79e, 0xf7be, 0xffdf, 0xffdf, 0xffff, 0xffff,
    0xffff, 0xffff, 0xffff, 0xffff, 0xffff, 0xffff, 0xffff, 0xffff, 0xffff, 0xffff, 0xffff, 0xffff,
    0xffff, 0xfe8c, 0xfda0, 0xfdc2, 0xfda0, 0xfe28, 0xffff, 0xffff, 0xffff, 0xffff, 0xffff, 0xffff,
    0xffff, 0xffff, 0xffff, 0xffff, 0xffff, 0xffff, 0xffff, 0xffff, 0xffff, 0xffff, 0xffff, 0xffff,
    0xffff, 0xffff, 0xffff, 0xffff, 0xffff, 0xffff, 0xffff, 0xffff, 0xffff, 0xffff, 0xffff, 0xffff,
    0xffff, 0xffff, 0xffff, 0xffff, 0xffff, 0xffff, 0xffff, 0xffdf, 0xf7be, 0xffff, 0xa554, 0x0000,
    0x0000, 0xbdd7, 0xffff, 0xf7be, 0xffff, 0xffff, 0xffff, 0xffff, 0xffff, 0xffff, 0xffff, 0xffff,
    0xffff, 0xffff, 0xffff, 0xffdf, 0xffdf, 0xffdf, 0xffff, 0xffff, 0xffff, 0xffff, 0xffff, 0xffff,
    0xffff, 0xffff, 0xffff, 0xffff, 0xffff, 0xffff, 0xffff, 0xffff, 0xffff, 0xffff, 0xffff, 0xffff,
    0xffff, 0xffff, 0xffff, 0xffff, 0xffff, 0xffff, 0xffff, 0xffff, 0xffff, 0xffff, 0xffff, 0xffff,
    0xffff, 0xffff, 0xffff, 0xffff, 0xffff, 0xffff, 0xffff, 0xffff, 0xffff, 0xf7be, 0xffff, 0x7bef,
    0x94b2, 0xffff, 0xf79e, 0xf7be, 0xffdf, 0xffdf, 0xffff, 0xffff, 0xffff, 0xffff, 0xffff, 0xffff,
    0xffff, 0xffff, 0xffff, 0xffff, 0xffff, 0xffff, 0xffde, 0xffff, 0xffbb, 0xfde2, 0xfdc1, 0xfda1,
    0xfda1, 0xfd80, 0xff56, 0xffff, 0xffde, 0xffff, 0xffff, 0xffff, 0xffff, 0xffff, 0xffff, 0xffff,
    0xffff, 0xffff, 0xffff, 0xffff, 0xffff, 0xffff, 0xffff, 0xffff, 0xffff, 0xffff, 0xffff, 0xffff,
    0xffff, 0xffff, 0xffff, 0xffff, 0xffff, 0xffff, 0xffff, 0xffff, 0xffff, 0xffff, 0xffff, 0xffff,
    0xffff, 0xffff, 0xffff, 0xffff, 0xffff, 0xffdf, 0xffff, 0x8c71, 0x0020, 0x7bcf, 0xffff, 0xffdf,
    0xf79e, 0xef7d, 0xffdf, 0xf79e, 0xdedb, 0xc618, 0xbdd7, 0xb5b6, 0xc618, 0xdefb, 0xf79e, 0xffff,
    0xffff, 0xffff, 0xffff, 0xffff, 0xffdf, 0xffff, 0xffff, 0xffff, 0xffff, 0xffff, 0xffff, 0xffff,
    0xffff, 0xffff, 0xffff, 0xffff, 0xffff, 0xffff, 0xffff, 0xffff, 0xffff, 0xffff, 0xffff, 0xffff,
    0xffff, 0xffff, 0xffff, 0xffff, 0xffff, 0xffff, 0xffff, 0xffff, 0xffff, 0xffff, 0xffff, 0xffff,
    0xffff, 0xffff, 0xffff, 0xffff, 0xffff, 0xf7be, 0xffff, 0x7bef, 0x94b2, 0xffff, 0xf79e, 0xf7be,
    0xffdf, 0xffdf, 0xffff, 0xffff, 0xffff, 0xffff, 0xffff, 0xffff, 0xffff, 0xffff, 0xffff, 0xffff,
    0xffff, 0xffff, 0xffff, 0xffbc, 0xfe27, 0xfd80, 0xfda1, 0xfda0, 0xfda0, 0xfda0, 0xfde5, 0xff9a,
    0xffff, 0xffff, 0xffff, 0xffff, 0xffff, 0xffff, 0xffff, 0xffff, 0xffff, 0xffff, 0xffff, 0xffff,
    0xffff, 0xffff, 0xffff, 0xffff, 0xffff, 0xffff, 0xffff, 0xffff, 0xffff, 0xffff, 0xffff, 0xffff,
    0xffff, 0xffff, 0xffff, 0xffff, 0xffff, 0xffff, 0xffff, 0xffdf, 0xffdf, 0xffff, 0xffff, 0xffff,
    0xf7be, 0xdefb, 0xbdf7, 0xad75, 0x31a6, 0x18e3, 0x9cd3, 0x2945, 0x2124, 0x18e3, 0x2124, 0x10c3,
    0x0000, 0x0000, 0x0000, 0x0000, 0x0000, 0x1082, 0x2945, 0x4a8a, 0x83f0, 0xb5b6, 0xef7d, 0xffff,
    0xffff, 0xffff, 0xffdf, 0xffdf, 0xffff, 0xffff, 0xffff, 0xffff, 0xffff, 0xffff, 0xffff, 0xffff,
    0xffff, 0xffff, 0xffff, 0xffff, 0xffff, 0xffff, 0xffff, 0xffff, 0xffff, 0xffff, 0xffff, 0xffff,
    0xffff, 0xffff, 0xffff, 0xffff, 0xffff, 0xffff, 0xffff, 0xffff, 0xffff, 0xffff, 0xffff, 0xffff,
    0xffff, 0xf7be, 0xffff, 0x7bef, 0x94b2, 0xffff, 0xf79e, 0xf7be, 0xffdf, 0xffdf, 0xffff, 0xffff,
    0xffff, 0xffff, 0xffff, 0xffff, 0xffff, 0xffff, 0xffff, 0xffff, 0xffff, 0xffdd, 0xff12, 0xfde4,
    0xfd80, 0xfda1, 0xfda1, 0xfda0, 0xfda1, 0xfdc1, 0xfda0, 0xfdc3, 0xfed0, 0xffbc, 0xffff, 0xffff,
    0xffff, 0xffff, 0xffff, 0xffff, 0xffff, 0xffff, 0xffff, 0xffff, 0xffff, 0xffff, 0xffff, 0xffff,
    0xffff, 0xffff, 0xffff, 0xffff, 0xffff, 0xffff, 0xffff, 0xffff, 0xffff, 0xffff, 0xffff, 0xffff,
    0xffff, 0xffdf, 0xffdf, 0xffff, 0xffff, 0xe71c, 0xa534, 0x630c, 0x2965, 0x2124, 0x39a7, 0x4a49,
    0x5aeb, 0x6b4d, 0x7bcf, 0x31a6, 0x0000, 0x0000, 0x18e3, 0x4228, 0x528a, 0x52aa, 0x52aa, 0x4208,
    0x18c3, 0x0000, 0x0000, 0x0000, 0x0000, 0x0000, 0x18c3, 0x52aa, 0xad55, 0xef7d, 0xffff, 0xffff,
    0xffdf, 0xffff, 0xffff, 0xffff, 0xffff, 0xffff, 0xffff, 0xffff, 0xffff, 0xffff, 0xffff, 0xffff,
    0xffff, 0xffff, 0xffff, 0xffff, 0xffff, 0xffff, 0xffff, 0xffff, 0xffff, 0xffff, 0xffff, 0xffff,
    0xffff, 0xffff, 0xffff, 0xffff, 0xffff, 0xffff, 0xffff, 0xffff, 0xffff, 0xf7be, 0xffff, 0x7bef,
    0x94b2, 0xffff, 0xf79e, 0xf7be, 0xffdf, 0xffdf, 0xffff, 0xffff, 0xffff, 0xffff, 0xffff, 0xffff,
    0xffff, 0xffff, 0xfffe, 0xff99, 0xfecf, 0xfde5, 0xfd80, 0xfda1, 0xfdc2, 0xfda1, 0xfda1, 0xfda1,
    0xfda0, 0xfda0, 0xfda1, 0xfda0, 0xfd80, 0xfde3, 0xfeae, 0xff78, 0xfffe, 0xffff, 0xffff, 0xffff,
    0xffff, 0xffff, 0xffff, 0xffff, 0xffff, 0xffff, 0xffff, 0xffff, 0xffff, 0xffff, 0xffff, 0xffff,
    0xffff, 0xffff, 0xffff, 0xffff, 0xffff, 0xffff, 0xffff, 0xffff, 0xffdf, 0xffff, 0xffff, 0xce59,
    0x632c, 0x10a2, 0x0000, 0x0000, 0x0000, 0x10a2, 0x3186, 0x4a49, 0x62ec, 0x8430, 0xa534, 0x73ae,
    0x0861, 0x4a8a, 0x630c, 0x52aa, 0x4208, 0x4228, 0x52aa, 0x6b8d, 0x8c71, 0x9492, 0x5aeb, 0x1082,
    0x0000, 0x0000, 0x0000, 0x0000, 0x0000, 0x18e3, 0x73ae, 0xd6ba, 0xffff, 0xffff, 0xffdf, 0xffff,
    0xffff, 0xffff, 0xffff, 0xffff, 0xffff, 0xffff, 0xffff, 0xffff, 0xffff, 0xffff, 0xffff, 0xffff,
    0xffff, 0xffff, 0xffff, 0xffff, 0xffff, 0xffff, 0xffff, 0xffff, 0xffff, 0xffff, 0xffff, 0xffff,
    0xffff, 0xffff, 0xffff, 0xffff, 0xffff, 0xf7be, 0xffff, 0x7bef, 0x94b2, 0xffff, 0xf79e, 0xf7be,
    0xffdf, 0xffdf, 0xffff, 0xffff, 0xffff, 0xffff, 0xffff, 0xffff, 0xffff, 0xff77, 0xfe28, 0xfd80,
    0xfd60, 0xfda0, 0xfda1, 0xfda0, 0xfda0, 0xfda0, 0xfda0, 0xfd80, 0xfd80, 0xfd80, 0xfd80, 0xfd80,
    0xfda1, 0xfda1, 0xfd80, 0xfda0, 0xfe47, 0xff76, 0xffff, 0xffff, 0xffff, 0xffff, 0xffff, 0xffff,
    0xffff, 0xffff, 0xffff, 0xffff, 0xffff, 0xffff, 0xffff, 0xffff, 0xffff, 0xffff, 0xffff, 0xffff,
    0xffff, 0xffff, 0xffdf, 0xffff, 0xffff, 0xd69a, 0x5acb, 0x0841, 0x0000, 0x0000, 0x0020, 0x0000,
    0x0000, 0x0000, 0x0000, 0x0000, 0x0000, 0x0000, 0x1082, 0x0861, 0x0020, 0x0841, 0x0000, 0x0000,
    0x0000, 0x0000, 0x0000, 0x0000, 0x0000, 0x3186, 0x8c71, 0xc618, 0x7bef, 0x1082, 0x0000, 0x0020,
    0x0020, 0x0000, 0x0000, 0x0861, 0x6b4c, 0xd6ba, 0xffff, 0xffff, 0xffdf, 0xffff, 0xffff, 0xffff,
    0xffff, 0xffff, 0xffff, 0xffff, 0xffff, 0xffff, 0xffff, 0xffff, 0xffff, 0xffff, 0xffff, 0xffff,
    0xffff, 0xffff, 0xffff, 0xffff, 0xffff, 0xffff, 0xffff, 0xffff, 0xffff, 0xffff, 0xffff, 0xffff,
    0xffff, 0xf7be, 0xffff, 0x7bef, 0x94b2, 0xffff, 0xf79e, 0xf7be, 0xffdf, 0xffdf, 0xffff, 0xffff,
    0xffff, 0xffff, 0xffff, 0xffff, 0xffff, 0xffde, 0xff9a, 0xff13, 0xfe48, 0xfda0, 0xfd60, 0xfd80,
    0xfd80, 0xfd80, 0xfda0, 0xfda0, 0xfda0, 0xfd80, 0xfd80, 0xfda1, 0xfd80, 0xfda0, 0xfe47, 0xff12,
    0xffba, 0xfffe, 0xffff, 0xffff, 0xffff, 0xffff, 0xffff, 0xffff, 0xffff, 0xffff, 0xffff, 0xffff,
    0xffff, 0xffff, 0xffff, 0xffff, 0xffff, 0xffff, 0xffff, 0xffff, 0xffdf, 0xffdf, 0xffff, 0xef5d,
    0x6b8e, 0x0020, 0x0000, 0x0020, 0x0841, 0x0020, 0x0000, 0x0000, 0x0000, 0x0000, 0x0000, 0x0000,
    0x0000, 0x0000, 0x0000, 0x0000, 0x0000, 0x0000, 0x0020, 0x0020, 0x0000, 0x0000, 0x0000, 0x0000,
    0x0000, 0x0000, 0x0000, 0x2104, 0xad55, 0xef5d, 0x7bcf, 0x0841, 0x0000, 0x0841, 0x0841, 0x0020,
    0x0000, 0x1082, 0x738e, 0xe73c, 0xffff, 0xffdf, 0xffdf, 0xffff, 0xffff, 0xffff, 0xffff, 0xffff,
    0xffff, 0xffff, 0xffff, 0xffff, 0xffff, 0xffff, 0xffff, 0xffff, 0xffff, 0xffff, 0xffff, 0xffff,
    0xffff, 0xffff, 0xffff, 0xffff, 0xffff, 0xffff, 0xffff, 0xffff, 0xffff, 0xf7be, 0xffff, 0x7bef,
    0x9492, 0xffff, 0xf79e, 0xf7be, 0xffdf, 0xffdf, 0xffff, 0xffff, 0xffff, 0xffff, 0xffff, 0xffff,
    0xffff, 0xffff, 0xffff, 0xffff, 0xffff, 0xff56, 0xfe28, 0xfd80, 0xfda0, 0xfdc1, 0xfda1, 0xfda1,
    0xfda1, 0xfda1, 0xfda1, 0xfd80, 0xfe26, 0xff35, 0xffff, 0xffff, 0xffff, 0xffff, 0xffff, 0xffff,
    0xffff, 0xffff, 0xffff, 0xffff, 0xffff, 0xffff, 0xffff, 0xffff, 0xffff, 0xffff, 0xffff, 0xffff,
    0xffff, 0xffff, 0xffff, 0xffdf, 0xffff, 0xffff, 0xad55, 0x1082, 0x0861, 0x4208, 0x1082, 0x0000,
    0x0000, 0x0000, 0x0000, 0x0000, 0x0000, 0x0000, 0x0000, 0x0000, 0x0000, 0x0000, 0x0000, 0x0000,
    0x0000, 0x0000, 0x0000, 0x0000, 0x0000, 0x0000, 0x0000, 0x0000, 0x0000, 0x0000, 0x0840, 0x0000,
    0x0000, 0x5aeb, 0xffff, 0xd6ba, 0x4208, 0x0000, 0x0020, 0x0020, 0x0020, 0x0000, 0x0000, 0x18e3,
    0xa514, 0xffff, 0xffff, 0xffdf, 0xffff, 0xffff, 0xffff, 0xffff, 0xffff, 0xffff, 0xffff, 0xffff,
    0xffff, 0xffff, 0xffff, 0xffff, 0xffff, 0xffff, 0xffff, 0xffff, 0xffff, 0xffff, 0xffff, 0xffff,
    0xffff, 0xffff, 0xffff, 0xffff, 0xffff, 0xf7be, 0xffff, 0x7bef, 0x9492, 0xffff, 0xf79e, 0xf7be,
    0xffdf, 0xffdf, 0xffff, 0xffff, 0xffff, 0xffff, 0xffff, 0xffff, 0xffff, 0xffff, 0xffff, 0xffdf,
    0xffdf, 0xffff, 0xffff, 0xff33, 0xfde1, 0xfdc1, 0xfdc1, 0xfda1, 0xfda1, 0xfdc1, 0xfda0, 0xfece,
    0xfffe, 0xffff, 0xffff, 0xffff, 0xffff, 0xffff, 0xffff, 0xffff, 0xffff, 0xffff, 0xffff, 0xffff,
    0xffff, 0xffff, 0xffff, 0xffff, 0xffff, 0xffff, 0xffff, 0xffff, 0xffff, 0xffff, 0xffdf, 0xffff,
    0xf7be, 0x5aeb, 0x0000, 0x5aeb, 0x7bef, 0x18c3, 0x0000, 0x0000, 0x0000, 0x0000, 0x0000, 0x0000,
    0x0000, 0x0000, 0x0000, 0x0000, 0x0000, 0x0000, 0x0000, 0x0000, 0x0000, 0x0000, 0x0000, 0x0000,
    0x0000, 0x0000, 0x0000, 0x0000, 0x0000, 0x0000, 0x0000, 0x0020, 0x0841, 0x0000, 0x3186, 0xef5d,
    0xffff, 0x8430, 0x0020, 0x0000, 0x0020, 0x0000, 0x0020, 0x0000, 0x0000, 0x5acb, 0xef5d, 0xffff,
    0xf7de, 0xffff, 0xffff, 0xffff, 0xffff, 0xffff, 0xffff, 0xffff, 0xffff, 0xffff, 0xffff, 0xffff,
    0xffff, 0xffff, 0xffff, 0xffff, 0xffff, 0xffff, 0xffff, 0xffff, 0xffff, 0xffff, 0xffff, 0xffff,
    0xffff, 0xf7be, 0xffff, 0x7bef, 0x9492, 0xffff, 0xf79e, 0xf7be, 0xffdf, 0xffdf, 0xffff, 0xffff,
    0xffff, 0xffff, 0xffff, 0xffff, 0xffff, 0xffff, 0xffff, 0xffff, 0xffff, 0xffff, 0xffde, 0xffff,
    0xff33, 0xfda0, 0xfda1, 0xfd80, 0xfda1, 0xfd80, 0xfe6b, 0xffff, 0xffff, 0xffff, 0xffff, 0xffff,
    0xffff, 0xffff, 0xffff, 0xffff, 0xffff, 0xffff, 0xffff, 0xffff, 0xffff, 0xffff, 0xffff, 0xffff,
    0xffff, 0xffff, 0xffff, 0xffff, 0xffff, 0xf7be, 0xffff, 0xd69a, 0x2945, 0x10a2, 0xbdb7, 0x8410,
    0x0020, 0x0000, 0x0000, 0x0000, 0x0000, 0x0000, 0x0000, 0x0000, 0x0000, 0x0000, 0x0000, 0x0000,
    0x0000, 0x0000, 0x0000, 0x0000, 0x0000, 0x0000, 0x0000, 0x0000, 0x0000, 0x0000, 0x0000, 0x0000,
    0x0000, 0x0000, 0x0000, 0x0000, 0x0000, 0x0841, 0x0000, 0x2965, 0xe73c, 0xffff, 0xc618, 0x2124,
    0x0000, 0x0840, 0x0000, 0x0020, 0x0841, 0x0000, 0x2124, 0xc618, 0xffff, 0xffdf, 0xffff, 0xffff,
    0xffff, 0xffff, 0xffff, 0xffff, 0xffff, 0xffff, 0xffff, 0xffff, 0xffff, 0xffff, 0xffff, 0xffff,
    0xffff, 0xffff, 0xffff, 0xffff, 0xffff, 0xffff, 0xffff, 0xffff, 0xffff, 0xf7be, 0xffff, 0x7bef,
    0x9492, 0xffff, 0xf79e, 0xf7be, 0xffdf, 0xffdf, 0xffff, 0xffff, 0xffff, 0xffff, 0xffff, 0xffff,
    0xffff, 0xffff, 0xffff, 0xffff, 0xffff, 0xffff, 0xffff, 0xffff, 0xffff, 0xfe06, 0xfd80, 0xfd80,
    0xfda0, 0xfda1, 0xff9a, 0xffff, 0xffff, 0xffff, 0xffff, 0xffff, 0xffff, 0xffff, 0xffff, 0xffff,
    0xffff, 0xffff, 0xffff, 0xffff, 0xffff, 0xffff, 0xffff, 0xffff, 0xffff, 0xffff, 0xffff, 0xffff,
    0xf7be, 0xffff, 0xad55, 0x0020, 0x4a49, 0xf7be, 0x7bef, 0x0000, 0x0020, 0x0020, 0x0000, 0x0000,
    0x0000, 0x0000, 0x0000, 0x0000, 0x0000, 0x0000, 0x0000, 0x0000, 0x0000, 0x0000, 0x0000, 0x0000,
    0x0000, 0x0000, 0x0000, 0x0000, 0x0000, 0x0000, 0x0000, 0x0000, 0x0000, 0x0000, 0x0000, 0x0000,
    0x0000, 0x0000, 0x0020, 0x0000, 0x4228, 0xf7be, 0xffff, 0xe73c, 0x4208, 0x0000, 0x0841, 0x0020,
    0x0820, 0x0841, 0x0000, 0x0841, 0x9cf3, 0xffff, 0xf7be, 0xffff, 0xffff, 0xffff, 0xffff, 0xffff,
    0xffff, 0xffff, 0xffff, 0xffff, 0xffff, 0xffff, 0xffff, 0xffff, 0xffff, 0xffff, 0xffff, 0xffff,
    0xffff, 0xffff, 0xffff, 0xffff, 0xffff, 0xf7be, 0xffff, 0x7bef, 0x94b2, 0xffff, 0xf79e, 0xf7be,
    0xffdf, 0xffdf, 0xffff, 0xffff, 0xffff, 0xffff, 0xffff, 0xffff, 0xffff, 0xffff, 0xffff, 0xffff,
    0xffff, 0xffff, 0xffff, 0xffff, 0xffff, 0xfef1, 0xfd60, 0xf582, 0xf560, 0xfe49, 0xffff, 0xffff,
    0xffff, 0xffff, 0xffff, 0xffff, 0xffff, 0xffff, 0xffff, 0xffff, 0xffff, 0xffff, 0xffff, 0xffff,
    0xffff, 0xffff, 0xffff, 0xffff, 0xffff, 0xffff, 0xffdf, 0xffdf, 0xffff, 0x8430, 0x0000, 0x73af,
    0xffff, 0x8430, 0x0000, 0x0841, 0x0000, 0x0000, 0x0000, 0x0000, 0x0000, 0x0000, 0x0000, 0x0000,
    0x0000, 0x0000, 0x0000, 0x0000, 0x0000, 0x0000, 0x0000, 0x0000, 0x0000, 0x0000, 0x0000, 0x0000,
    0x0000, 0x0000, 0x0000, 0x0000, 0x0000, 0x0000, 0x0000, 0x0000, 0x0000, 0x0000, 0x0000, 0x0841,
    0x0000, 0x8410, 0xffff, 0xffdf, 0xf7be, 0x4a69, 0x0000, 0x0841, 0x0000, 0x0000, 0x0020, 0x0020,
    0x0000, 0x8410, 0xffff, 0xf7be, 0xffdf, 0xffff, 0xffff, 0xffff, 0xffff, 0xffff, 0xffff, 0xffff,
    0xffff, 0xffff, 0xffff, 0xffff, 0xffff, 0xffff, 0xffff, 0xffff, 0xffff, 0xffff, 0xffff, 0xffff,
    0xffff, 0xf7be, 0xffff, 0x7bef, 0x94b2, 0xffff, 0xf79e, 0xf7be, 0xffdf, 0xffdf, 0xffff, 0xffff,
    0xffff, 0xffff, 0xffff, 0xffff, 0xffff, 0xffff, 0xffff, 0xffff, 0xffff, 0xffff, 0xffff, 0xffff,
    0xffff, 0xff9a, 0xfda1, 0xf582, 0xf560, 0xff12, 0xffff, 0xffde, 0xffff, 0xffff, 0xffff, 0xffff,
    0xffff, 0xffff, 0xffff, 0xffff, 0xffff, 0xffff, 0xffff, 0xffff, 0xffff, 0xffff, 0xffff, 0xffff,
    0xffff, 0xffff, 0xffdf, 0xffff, 0x6b6d, 0x0000, 0xa514, 0xffff, 0xad55, 0x0000, 0x0020, 0x0020,
    0x0000, 0x0000, 0x0000, 0x0000, 0x0000, 0x0000, 0x0000, 0x0000, 0x0000, 0x0000, 0x0000, 0x0000,
    0x0000, 0x0000, 0x0000, 0x0000, 0x0000, 0x0000, 0x0000, 0x0000, 0x0000, 0x0000, 0x0000, 0x0000,
    0x0000, 0x0000, 0x0000, 0x0000, 0x0000, 0x0000, 0x0020, 0x0020, 0x0020, 0x0841, 0xd69a, 0xffff,
    0xf7be, 0xf7be, 0x4a69, 0x0000, 0x0020, 0x0000, 0x0000, 0x0000, 0x0020, 0x0000, 0x6b6d, 0xffff,
    0xffdf, 0xffdf, 0xffff, 0xffff, 0xffff, 0xffff, 0xffff, 0xffff, 0xffff, 0xffff, 0xffff, 0xffff,
    0xffff, 0xffff, 0xffff, 0xffff, 0xffff, 0xffff, 0xffff, 0xffff, 0xffff, 0xf7be, 0xffff, 0x7bef,
    0x94b2, 0xffff, 0xf79e, 0xf7be, 0xffdf, 0xffdf, 0xffff, 0xffff, 0xffff, 0xffff, 0xffff, 0xffff,
    0xffff, 0xffff, 0xffff, 0xffff, 0xffff, 0xffff, 0xffff, 0xffff, 0xfffe, 0xffff, 0xfe48, 0xfd80,
    0xfdc3, 0xffbc, 0xffff, 0xfffe, 0xffff, 0xffff, 0xffff, 0xffff, 0xffff, 0xffff, 0xffff, 0xffff,
    0xffff, 0xffff, 0xffff, 0xffff, 0xffff, 0xffff, 0xffff, 0xffff, 0xffdf, 0xf7be, 0xffff, 0x630c,
    0x0020, 0xbdf7, 0xffff, 0xe71c, 0x18e3, 0x0020, 0x0020, 0x0000, 0x0000, 0x0000, 0x0000, 0x0000,
    0x0000, 0x0000, 0x0000, 0x0000, 0x0000, 0x0000, 0x0000, 0x0000, 0x0000, 0x0000, 0x0000, 0x0000,
    0x0000, 0x0861, 0x18c3, 0x0000, 0x0000, 0x0000, 0x0000, 0x0000, 0x0000, 0x0000, 0x0000, 0x0000,
    0x0000, 0x0000, 0x0020, 0x0020, 0x0841, 0x0000, 0x528a, 0xffff, 0xf79e, 0xffdf, 0xf79e, 0x31a7,
    0x0000, 0x0841, 0x0000, 0x0000, 0x0000, 0x0841, 0x0000, 0x6b4d, 0xffff, 0xf7be, 0xffdf, 0xffff,
    0xffff, 0xffff, 0xffff, 0xffff, 0xffff, 0xffff, 0xffff, 0xffff, 0xffff, 0xffff, 0xffff, 0xffff,
    0xffff, 0xffff, 0xffff, 0xffff, 0xffff, 0xf7be, 0xffff, 0x7bef, 0x94b2, 0xffff, 0xf79e, 0xf7be,
    0xffdf, 0xffdf, 0xffff, 0xffff, 0xffff, 0xffff, 0xffff, 0xffff, 0xffff, 0xffff, 0xffff, 0xffff,
    0xffff, 0xffff, 0xffff, 0xffff, 0xffde, 0xffff, 0xfed1, 0xfd60, 0xfe49, 0xffff, 0xffff, 0xffff,
    0xffff, 0xffff, 0xffff, 0xffff, 0xffff, 0xffff, 0xffff, 0xffff, 0xffff, 0xffff, 0xffff, 0xffff,
    0xffff, 0xffff, 0xffff, 0xffdf, 0xffdf, 0xffff, 0x6b4d, 0x0020, 0xce59, 0xffff, 0xffff, 0x6b6d,
    0x0000, 0x0841, 0x0020, 0x0000, 0x0000, 0x0000, 0x0000, 0x0000, 0x0000, 0x0000, 0x18c3, 0x0020,
    0x0000, 0x0000, 0x0000, 0x0000, 0x0000, 0x0000, 0x0000, 0x0000, 0x0000, 0x1082, 0x52aa, 0x0000,
    0x0000, 0x0000, 0x0000, 0x0000, 0x0000, 0x0000, 0x0000, 0x0000, 0x0000, 0x0000, 0x0000, 0x0000,
    0x0000, 0x0841, 0x0020, 0xbdd7, 0xffff, 0xf79e, 0xffff, 0xe71c, 0x2104, 0x0000, 0x0000, 0x0000,
    0x0000, 0x0000, 0x0020, 0x0000, 0x7bef, 0xffff, 0xf7be, 0xffdf, 0xffff, 0xffff, 0xffff, 0xffff,
    0xffff, 0xffff, 0xffff, 0xffff, 0xffff, 0xffff, 0xffff, 0xffff, 0xffff, 0xffff, 0xffff, 0xffff,
    0xffff, 0xf7be, 0xffff, 0x7bef, 0x94b2, 0xffff, 0xf79e, 0xf7be, 0xffdf, 0xffdf, 0xffff, 0xffff,
    0xffff, 0xffff, 0xffff, 0xffff, 0xffff, 0xffff, 0xffff, 0xffff, 0xffff, 0xffff, 0xffff, 0xffff,
    0xfffe, 0xffff, 0xff78, 0xfd60, 0xfecf, 0xffff, 0xffff, 0xffff, 0xffff, 0xffff, 0xffff, 0xffff,
    0xffff, 0xffff, 0xffff, 0xffff, 0xffff, 0xffff, 0xffff, 0xffff, 0xffff, 0xffff, 0xffff, 0xf7be,
    0xffff, 0x7bef, 0x0020, 0xce59, 0xffff, 0xffdf, 0xe71c, 0x10a2, 0x0000, 0x0000, 0x0000, 0x0000,
    0x0000, 0x0000, 0x0000, 0x0000, 0x0000, 0x2104, 0x4249, 0x0000, 0x0020, 0x0000, 0x0000, 0x0000,
    0x0000, 0x0000, 0x0000, 0x0000, 0x0000, 0x0000, 0x7bcf, 0x0861, 0x0000, 0x0020, 0x0000, 0x0000,
    0x0000, 0x0000, 0x0000, 0x0020, 0x0020, 0x0000, 0x0020, 0x0000, 0x0861, 0x0861, 0x0000, 0x528a,
    0xffff, 0xffdf, 0xf7be, 0xffff, 0xc638, 0x0841, 0x0020, 0x0020, 0x0000, 0x0000, 0x0020, 0x0841,
    0x0000, 0x9cf3, 0xffff, 0xffdf, 0xffff, 0xffff, 0xffff, 0xffff, 0xffff, 0xffff, 0xffff, 0xffff,
    0xffff, 0xffff, 0xffff, 0xffff, 0xffff, 0xffff, 0xffff, 0xffff, 0xffff, 0xf7be, 0xffff, 0x7bef,
    0x94b2, 0xffff, 0xf79e, 0xf7be, 0xffdf, 0xffdf, 0xffff, 0xffff, 0xffff, 0xffff, 0xffff, 0xffff,
    0xffff, 0xffff, 0xffff, 0xffff, 0xffff, 0xffff, 0xffff, 0xffff, 0xffff, 0xffff, 0xffdc, 0xfda2,
    0xff36, 0xffff, 0xffdf, 0xffff, 0xffff, 0xffff, 0xffff, 0xffff, 0xffff, 0xffff, 0xffff, 0xffff,
    0xffff, 0xffff, 0xffff, 0xffff, 0xffff, 0xffff, 0xf7be, 0xffff, 0x94b2, 0x0000, 0xbdf7, 0xffff,
    0xef5d, 0xffff, 0x8c51, 0x0000, 0x0020, 0x10a2, 0x0000, 0x0000, 0x0000, 0x0000, 0x0000, 0x0020,
    0x0000, 0x73cf, 0x2104, 0x0000, 0x0020, 0x0020, 0x0000, 0x0000, 0x0000, 0x0000, 0x0000, 0x0000,
    0x0020, 0x0000, 0x9492, 0x2965, 0x0000, 0x0020, 0x0000, 0x0000, 0x0000, 0x0000, 0x0000, 0x0000,
    0x0000, 0x0841, 0x0020, 0x2104, 0xce59, 0xce79, 0x6b6e, 0x1082, 0xd6ba, 0xffff, 0xf7be, 0xf79e,
    0xffff, 0x9492, 0x0000, 0x0020, 0x0000, 0x0000, 0x0000, 0x0000, 0x0020, 0x0841, 0xc638, 0xffff,
    0xf7be, 0xffff, 0xffff, 0xffff, 0xffff, 0xffff, 0xffff, 0xffff, 0xffff, 0xffff, 0xffff, 0xffff,
    0xffff, 0xffff, 0xffff, 0xffff, 0xffff, 0xf7be, 0xffff, 0x7bef, 0x94b2, 0xffff, 0xf79e, 0xf7be,
    0xffdf, 0xffdf, 0xffff, 0xffff, 0xffff, 0xffff, 0xffff, 0xffff, 0xffff, 0xffff, 0xffff, 0xffff,
    0xffff, 0xffff, 0xffff, 0xffff, 0xffff, 0xffff, 0xffff, 0xfe6b, 0xff9a, 0xffff, 0xffff, 0xffff,
    0xffff, 0xffff, 0xffff, 0xffff, 0xffff, 0xffff, 0xffff, 0xffff, 0xffff, 0xffff, 0xffff, 0xffff,
    0xffff, 0xffdf, 0xffff, 0xbdf7, 0x0000, 0x9cd3, 0xffff, 0xf79e, 0xf7be, 0xffff, 0x3186, 0x31a7,
    0xc618, 0x632c, 0x0000, 0x0841, 0x0020, 0x0020, 0x0840, 0x0000, 0x39e7, 0x8430, 0x0000, 0x0000,
    0x0000, 0x0000, 0x0000, 0x0000, 0x0000, 0x0000, 0x0000, 0x0000, 0x0021, 0x0000, 0xa534, 0x52aa,
    0x0000, 0x0841, 0x0000, 0x0000, 0x0000, 0x0000, 0x0000, 0x18c3, 0x4a48, 0x0020, 0x0000, 0x526a,
    0xffff, 0xffdf, 0xffff, 0xb5b6, 0xad75, 0xffff, 0xffdf, 0xffff, 0xffdf, 0xffff, 0x4a49, 0x0000,
    0x0841, 0x0000, 0x0000, 0x0000, 0x0841, 0x0000, 0x2124, 0xef5d, 0xffdf, 0xffdf, 0xffff, 0xffff,
    0xffff, 0xffff, 0xffff, 0xffff, 0xffff, 0xffff, 0xffff, 0xffff, 0xffff, 0xffff, 0xffff, 0xffff,
    0xffff, 0xf7be, 0xffff, 0x7bef, 0x94b2, 0xffff, 0xf79e, 0xf7be, 0xffdf, 0xffdf, 0xffff, 0xffff,
    0xffff, 0xffff, 0xffff, 0xffff, 0xffff, 0xffff, 0xffff, 0xffff, 0xfffe, 0xffff, 0xffff, 0xffff,
    0xffff, 0xffff, 0xffff, 0xff35, 0xffdd, 0xffff, 0xffff, 0xffff, 0xffff, 0xffff, 0xffff, 0xffff,
    0xffff, 0xffff, 0xffff, 0xffff, 0xffff, 0xffff, 0xffff, 0xffff, 0xf7be, 0xffff, 0xe73c, 0x0841,
    0x6b4d, 0xffff, 0xf7be, 0xffdf, 0xffff, 0xd6da, 0x7bef, 0xffff, 0xc638, 0x0000, 0x18e3, 0x0820,
    0x0840, 0x0020, 0x0841, 0x0000, 0x9cd3, 0x4228, 0x0000, 0x2965, 0x10a2, 0x0000, 0x0000, 0x0000,
    0x0000, 0x0000, 0x0000, 0x0000, 0x0041, 0x0000, 0xce59, 0x73ae, 0x0000, 0x0841, 0x0020, 0x0000,
    0x0861, 0x18e3, 0x0000, 0x9cd3, 0xffff, 0x9cf3, 0x0000, 0x4a49, 0xffff, 0xf79e, 0xf7be, 0xffff,
    0xffdf, 0xffff, 0xffff, 0xffff, 0xf7be, 0xffff, 0xd6ba, 0x0861, 0x0821, 0x0020, 0x0000, 0x0000,
    0x0000, 0x0020, 0x0000, 0x5aec, 0xffff, 0xf7be, 0xffdf, 0xffff, 0xffff, 0xffff, 0xffff, 0xffff,
    0xffff, 0xffff, 0xffff, 0xffff, 0xffff, 0xffff, 0xffff, 0xffff, 0xffff, 0xf7be, 0xffff, 0x7bef,
    0x94b2, 0xffff, 0xf79e, 0xf7be, 0xffdf, 0xffdf, 0xffff, 0xffff, 0xffff, 0xffff, 0xffff, 0xffff,
    0xffff, 0xffff, 0xfffe, 0xffff, 0xff33, 0xff56, 0xffff, 0xfffe, 0xffff, 0xffff, 0xffff, 0xffff,
    0xffff, 0xffff, 0xffff, 0xffff, 0xffff, 0xffff, 0xffff, 0xffff, 0xffff, 0xffff, 0xffff, 0xffff,
    0xffff, 0xffff, 0xffff, 0xffff, 0xf7be, 0xffff, 0x31c6, 0x39c7, 0xffdf, 0xf7be, 0xf7be, 0xffff,
    0xffdf, 0xf79e, 0xffff, 0xef5d, 0x10c2, 0x3a08, 0x6b6d, 0x0000, 0x0020, 0x0841, 0x0000, 0x2104,
    0xc618, 0x0841, 0x0000, 0x94b3, 0x18c3, 0x0841, 0x0841, 0x0000, 0x0000, 0x0000, 0x0000, 0x0020,
    0x0020, 0x1082, 0xf79e, 0x7c0f, 0x0000, 0x0841, 0x0020, 0x0020, 0x1082, 0x9cf3, 0x2104, 0x73ae,
    0xffff, 0xffff, 0x8430, 0x18e3, 0xf7be, 0xf7be, 0xffbf, 0xffbf, 0xffdf, 0xffff, 0xffdf, 0xffdf,
    0xffdf, 0xf7be, 0xffff, 0x73ae, 0x0000, 0x0841, 0x0020, 0x0020, 0x0020, 0x0820, 0x0841, 0x0000,
    0xad75, 0xffff, 0xf7be, 0xffff, 0xffff, 0xffff, 0xffff, 0xffff, 0xffff, 0xffff, 0xffff, 0xffff,
    0xffff, 0xffff, 0xffff, 0xffff, 0xffff, 0xf7be, 0xffff, 0x7bef, 0x94b2, 0xffff, 0xf79e, 0xf7be,
    0xffdf, 0xffdf, 0xffff, 0xffff, 0xffff, 0xffff, 0xffff, 0xffff, 0xffff, 0xffde, 0xffde, 0xffff,
    0xfe05, 0xfe49, 0xffff, 0xfffe, 0xffff, 0xffff, 0xffff, 0xffff, 0xffff, 0xffff, 0xffff, 0xffff,
    0xffff, 0xffff, 0xffff, 0xffff, 0xffff, 0xffff, 0xffff, 0xffff, 0xffff, 0xffff, 0xffdf, 0xf7be,
    0xffff, 0x73ae, 0x2104, 0xef7d, 0xffdf, 0xffdf, 0xffff, 0xe73c, 0xffdf, 0xffdf, 0xffdf, 0x4a49,
    0x0000, 0x31a6, 0x0861, 0x0000, 0x0000, 0x0021, 0x0000, 0x6b6d, 0xa514, 0x0000, 0x2124, 0xb596,
    0x0000, 0x2104, 0x1082, 0x0000, 0x0000, 0x0000, 0x0000, 0x10a2, 0x10a2, 0x39e7, 0xffff, 0x8410,
    0x0000, 0x0841, 0x0020, 0x0020, 0x0000, 0x18e3, 0x2124, 0x0000, 0xbdd7, 0xffff, 0xffff, 0x4228,
    0xa534, 0xffff, 0xffdf, 0xffff, 0xffff, 0xffff, 0xffff, 0xffdf, 0xffff, 0xffdf, 0xffdf, 0xe73c,
    0x2104, 0x0000, 0x0841, 0x0020, 0x0020, 0x0020, 0x0020, 0x0000, 0x2104, 0xef5d, 0xffff, 0xffdf,
    0xffff, 0xffff, 0xffff, 0xffff, 0xffff, 0xffff, 0xffff, 0xffff, 0xffff, 0xffff, 0xffff, 0xffff,
    0xffff, 0xf7be, 0xffff, 0x7bef, 0x94b2, 0xffff, 0xf79e, 0xf7be, 0xffdf, 0xffdf, 0xffff, 0xffff,
    0xffff, 0xffff, 0xffff, 0xffff, 0xffff, 0xffff, 0xffff, 0xfecf, 0xfd60, 0xfd80, 0xfef1, 0xffff,
    0xffff, 0xffff, 0xffff, 0xffff, 0xffff, 0xffff, 0xffff, 0xffff, 0xffff, 0xffff, 0xffff, 0xffff,
    0xffff, 0xffff, 0xffff, 0xffff, 0xffff, 0xffff, 0xffdf, 0xffff, 0xb5b6, 0x1082, 0xdedb, 0xffff,
    0xf79e, 0xffff, 0x8430, 0x9cb3, 0xffff, 0xffff, 0x7bf0, 0x0000, 0x0841, 0x0000, 0x0000, 0x0000,
    0x0000, 0x0020, 0x0000, 0xa534, 0x632c, 0x0000, 0x4208, 0x8c71, 0x0000, 0x0000, 0x0000, 0x0000,
    0x0000, 0x0000, 0x0020, 0x0841, 0x0841, 0x18c3, 0xf79e, 0x8c51, 0x0000, 0x0841, 0x0020, 0x0000,
    0x0000, 0x0000, 0x0000, 0x0000, 0x0861, 0xb5b6, 0xffff, 0xc618, 0x2965, 0xef7d, 0xffdf, 0xf7be,
    0xffff, 0xffdf, 0xf79e, 0xffff, 0xffff, 0xffff, 0xf79e, 0xffff, 0x9cd3, 0x0000, 0x0840, 0x0000,
    0x0000, 0x0000, 0x0000, 0x0841, 0x0000, 0x738e, 0xffff, 0xf79e, 0xffff, 0xffff, 0xffff, 0xffff,
    0xffff, 0xffff, 0xffff, 0xffff, 0xffff, 0xffff, 0xffff, 0xffff, 0xffff, 0xf7be, 0xffff, 0x7bef,
    0x94b2, 0xffff, 0xf79e, 0xf7be, 0xffdf, 0xffdf, 0xffff, 0xffff, 0xffff, 0xffff, 0xffff, 0xffff,
    0xffff, 0xff77, 0xfe27, 0xfd60, 0xfd80, 0xfd60, 0xfd60, 0xfe29, 0xff9b, 0xffff, 0xffff, 0xffff,
    0xffff, 0xffff, 0xffff, 0xffff, 0xffff, 0xffff, 0xffff, 0xffff, 0xffff, 0xffff, 0xffff, 0xffff,
    0xffff, 0xf7be, 0xffff, 0xe73c, 0x10a2, 0xad75, 0xffff, 0xf79e, 0xffff, 0xa514, 0x0020, 0xd6ba,
    0xffff, 0xbdd7, 0x0020, 0x0020, 0x0020, 0x0000, 0x0000, 0x0000, 0x0000, 0x0000, 0x0000, 0xc618,
    0x2986, 0x0000, 0x2104, 0x3186, 0x0000, 0x0020, 0x0000, 0x0000, 0x0000, 0x0000, 0x0000, 0x0020,
    0x0020, 0x0000, 0xdedb, 0x8430, 0x0000, 0x0841, 0x0000, 0x0000, 0x0000, 0x0000, 0x0000, 0x0000,
    0x0000, 0x0841, 0x4208, 0xdefc, 0x4a69, 0x4a69, 0xffff, 0xffdf, 0xf7be, 0xffdf, 0x8c51, 0xf79e,
    0xffff, 0xf79e, 0xffff, 0xffdf, 0xf79e, 0x2124, 0x0000, 0x0020, 0x0000, 0x0000, 0x0000, 0x0020,
    0x0020, 0x0861, 0xdedb, 0xffff, 0xffff, 0xffff, 0xffff, 0xffff, 0xffff, 0xffff, 0xffff, 0xffff,
    0xffff, 0xffff, 0xffff, 0xffff, 0xffff, 0xf7be, 0xffff, 0x7bef, 0x94b2, 0xffff, 0xf79e, 0xf7be,
    0xffdf, 0xffdf, 0xffff, 0xffff, 0xffff, 0xffff, 0xffff, 0xffff, 0xffff, 0xff9a, 0xfead, 0xfdc2,
    0xfd81, 0xfd60, 0xfd82, 0xfeae, 0xffbc, 0xffff, 0xffff, 0xffff, 0xffff, 0xffff, 0xffff, 0xffff,
    0xffff, 0xffff, 0xffff, 0xffff, 0xffff, 0xffff, 0xffff, 0xffff, 0xffdf, 0xf7be, 0xffdf, 0x31a6,
    0x6b4d, 0xffff, 0xef7d, 0xffff, 0xc618, 0x0841, 0x2104, 0xffff, 0xef5d, 0x2124, 0x0000, 0x0020,
    0x0000, 0x0000, 0x0000, 0x0000, 0x0020, 0x0000, 0x2104, 0xbdf7, 0x0841, 0x0000, 0x0000, 0x0000,
    0x0000, 0x0000, 0x0000, 0x0000, 0x0000, 0x0000, 0x0000, 0x0020, 0x0020, 0x0000, 0xce79, 0x6b6d,
    0x0000, 0x0841, 0x0000, 0x0000, 0x0000, 0x0000, 0x0000, 0x0000, 0x0000, 0x0020, 0x0000, 0x6b6d,
    0xc618, 0x0000, 0x6b4d, 0xf7be, 0xffdf, 0xffff, 0x31a6, 0xa534, 0xffff, 0x9492, 0xce79, 0xffff,
    0xffff, 0x8c71, 0x0000, 0x0841, 0x0000, 0x0000, 0x0000, 0x0000, 0x0020, 0x0000, 0x6b4d, 0xffff,
    0xffdf, 0xffdf, 0xffff, 0xffff, 0xffff, 0xffff, 0xffff, 0xffff, 0xffff, 0xffff, 0xffff, 0xffff,
    0xffff, 0xf7be, 0xffff, 0x7bef, 0x94b2, 0xffff, 0xf79e, 0xf7be, 0xffdf, 0xffdf, 0xffdf, 0xffff,
    0xffff, 0xffff, 0xffff, 0xffff, 0xffff, 0xffff, 0xffff, 0xff34, 0xfda0, 0xfd80, 0xff56, 0xffff,
    0xffff, 0xffff, 0xffff, 0xffff, 0xffff, 0xffff, 0xffff, 0xffff, 0xffff, 0xffff, 0xffff, 0xffff,
    0xffff, 0xffff, 0xffff, 0xffff, 0xf7be, 0xffff, 0x73ae, 0x2124, 0xffdf, 0xf7be, 0xffdf, 0xdefb,
    0x18e3, 0x0000, 0x4208, 0xef7e, 0x5acb, 0x0861, 0x0020, 0x0020, 0x0000, 0x0000, 0x0000, 0x0000,
    0x0020, 0x0000, 0x4208, 0xa514, 0x0000, 0x0841, 0x0020, 0x0020, 0x0000, 0x0000, 0x0000, 0x0000,
    0x0000, 0x0000, 0x0000, 0x0020, 0x0020, 0x0000, 0xc638, 0x4a69, 0x0000, 0x0841, 0x0000, 0x0000,
    0x0000, 0x0000, 0x0000, 0x0000, 0x0000, 0x0020, 0x0821, 0x1082, 0xd6ba, 0x39c7, 0x0000, 0x3186,
    0xad55, 0x9492, 0x0000, 0x4208, 0xffff, 0xc638, 0x2945, 0xdefb, 0xffff, 0xe73c, 0x18e3, 0x0020,
    0x0020, 0x0000, 0x0000, 0x0000, 0x0000, 0x0020, 0x1082, 0xdedb, 0xffdf, 0xf7be, 0xffff, 0xffff,
    0xffff, 0xffff, 0xffff, 0xffff, 0xffff, 0xffff, 0xffff, 0xffff, 0xffff, 0xf7be, 0xffff, 0x7bef,
    0x94b2, 0xffff, 0xf79e, 0xf7be, 0xffdf, 0xffdf, 0xffdf, 0xffff, 0xffff, 0xffff, 0xffff, 0xffff,
    0xffff, 0xffdf, 0xfffe, 0xffff, 0xfe27, 0xfe28, 0xffff, 0xffde, 0xffff, 0xffff, 0xffff, 0xffff,
    0xffff, 0xffff, 0xffff, 0xffff, 0xffff, 0xffff, 0xffff, 0xffff, 0xffff, 0xffff, 0xffff, 0xf7be,
    0xffff, 0xc638, 0x0841, 0xce79, 0xffff, 0xf79e, 0xffff, 0x4a49, 0x0000, 0x0000, 0x2124, 0x52aa,
    0x2965, 0x0841, 0x0000, 0x0000, 0x0000, 0x0000, 0x0000, 0x0000, 0x0020, 0x0000, 0x4a69, 0x8c51,
    0x0000, 0x0841, 0x0020, 0x0020, 0x0000, 0x0000, 0x0000, 0x0000, 0x0000, 0x0000, 0x0000, 0x0020,
    0x0020, 0x0000, 0xb596, 0x5aca, 0x0000, 0x0020, 0x0000, 0x0000, 0x0000, 0x0000, 0x0000, 0x0020,
    0x0020, 0x0020, 0x0841, 0x0000, 0x8c51, 0x94b2, 0x0000, 0x0000, 0x0000, 0x0000, 0x0020, 0x0020,
    0xc618, 0xffff, 0x2145, 0x2966, 0xef7d, 0xffff, 0x6b6d, 0x0000, 0x0020, 0x0000, 0x0000, 0x0000,
    0x0000, 0x0861, 0x0000, 0x7baf, 0xffff, 0xf7be, 0xffff, 0xffff, 0xffff, 0xffff, 0xffff, 0xffff,
    0xffff, 0xffff, 0xffff, 0xffff, 0xffff, 0xf7be, 0xffff, 0x7bef, 0x94b2, 0xffff, 0xf79e, 0xf7be,
    0xffdf, 0xffdf, 0xffff, 0xffff, 0xffff, 0xffff, 0xffff, 0xffff, 0xffff, 0xffff, 0xfffe, 0xffff,
    0xff55, 0xff55, 0xffff, 0xfffe, 0xffff, 0xffff, 0xffff, 0xffff, 0xffff, 0xffff, 0xffff, 0xffff,
    0xffff, 0xffff, 0xffff, 0xffff, 0xffff, 0xffff, 0xffdf, 0xffff, 0xffdf, 0x2945, 0x8c51, 0xffff,
    0xef5d, 0xffff, 0x9cd3, 0x0000, 0x0841, 0x0020, 0x0000, 0x2945, 0x2945, 0x0000, 0x0000, 0x0000,
    0x0000, 0x0000, 0x0000, 0x0000, 0x0020, 0x0000, 0x4228, 0x6b6d, 0x0000, 0x0841, 0x0020, 0x0020,
    0x0000, 0x0000, 0x0000, 0x0000, 0x0000, 0x0000, 0x0000, 0x0020, 0x0000, 0x0861, 0x8410, 0x9cf3,
    0x2965, 0x0000, 0x0020, 0x0000, 0x0000, 0x0000, 0x0000, 0x0000, 0x0000, 0x0020, 0x0020, 0x0000,
    0x2124, 0xce79, 0x10a2, 0x0020, 0x0020, 0x0020, 0x0020, 0x0000, 0x52aa, 0xffff, 0x7bef, 0x0000,
    0x4a28, 0xffdf, 0xc618, 0x0000, 0x0000, 0x0020, 0x0000, 0x0000, 0x0000, 0x0020, 0x0000, 0x2104,
    0xef7d, 0xffff, 0xffdf, 0xffff, 0xffff, 0xffff, 0xffff, 0xffff, 0xffff, 0xffff, 0xffff, 0xffff,
    0xffff, 0xf7be, 0xffff, 0x7bef, 0x94b2, 0xffff, 0xf79e, 0xf7be, 0xffdf, 0xffdf, 0xffff, 0xffff,
    0xffff, 0xffff, 0xffff, 0xffff, 0xffff, 0xffff, 0xffff, 0xffff, 0xffff, 0xffff, 0xffff, 0xffff,
    0xffff, 0xffff, 0xffff, 0xffff, 0xffff, 0xffff, 0xffff, 0xffff, 0xffff, 0xffff, 0xffff, 0xffff,
    0xffff, 0xffff, 0xf7be, 0xffff, 0x73ae, 0x39e7, 0xffff, 0x9492, 0xe73c, 0xef7d, 0x18e3, 0x0000,
    0x0841, 0x0000, 0x0841, 0x630c, 0x0841, 0x0000, 0x0000, 0x0000, 0x0000, 0x0000, 0x0000, 0x0000,
    0x0020, 0x0020, 0x528a, 0x4a49, 0x0000, 0x0020, 0x0020, 0x0000, 0x0000, 0x0000, 0x0000, 0x0000,
    0x0000, 0x0000, 0x0000, 0x0020, 0x0000, 0x18e3, 0x7bcf, 0xd69a, 0x8c51, 0x0000, 0x0841, 0x0000,
    0x0000, 0x0000, 0x0000, 0x0000, 0x0000, 0x0000, 0x0000, 0x0841, 0x0000, 0xa534, 0x5aeb, 0x0000,
    0x0841, 0x0020, 0x0820, 0x0020, 0x0861, 0xe73c, 0xbdf7, 0x0020, 0x0000, 0x738e, 0xffff, 0x3186,
    0x0000, 0x0841, 0x0000, 0x0000, 0x0000, 0x0000, 0x0020, 0x0000, 0xa534, 0xffff, 0xf7be, 0xffff,
    0xffff, 0xffff, 0xffff, 0xffff, 0xffff, 0xffff, 0xffff, 0xffff, 0xffff, 0xf7be, 0xffff, 0x7bef,
    0x94b2, 0xffff, 0xf79e, 0xf7be, 0xffdf, 0xffdf, 0xffff, 0xffff, 0xffff, 0xffff, 0xffff, 0xffff,
    0xffff, 0xffff, 0xffff, 0xffff, 0xffff, 0xffff, 0xffff, 0xffff, 0xffff, 0xffff, 0xffff, 0xffff,
    0xffff, 0xffff, 0xffff, 0xffff, 0xffff, 0xffff, 0xffff, 0xffff, 0xffff, 0xffdf, 0xffff, 0xce59,
    0x10a2, 0xf77e, 0x7bcf, 0x6b4d, 0xffff, 0x738e, 0x0000, 0x0020, 0x0020, 0x0000, 0x3186, 0x52aa,
    0x0000, 0x0000, 0x0000, 0x0000, 0x0000, 0x0000, 0x0000, 0x0020, 0x0000, 0x8430, 0x738e, 0x2945,
    0x0000, 0x0020, 0x0000, 0x0000, 0x0000, 0x0000, 0x0000, 0x0000, 0x0020, 0x0000, 0x0000, 0x0020,
    0x0000, 0x2945, 0x73ae, 0xef7d, 0xe73c, 0x1082, 0x0020, 0x0020, 0x0000, 0x0000, 0x0000, 0x0000,
    0x0000, 0x0000, 0x0000, 0x0841, 0x0000, 0x4a49, 0x9cd3, 0x0000, 0x0841, 0x0020, 0x0020, 0x0861,
    0x0000, 0x8c51, 0xf7be, 0x18c3, 0x0841, 0x0000, 0xbdf7, 0x8c51, 0x0000, 0x0841, 0x0000, 0x0000,
    0x0000, 0x0000, 0x0841, 0x0000, 0x528a, 0xffff, 0xf79e, 0xffdf, 0xffff, 0xffff, 0xffff, 0xffff,
    0xffff, 0xffff, 0xffff, 0xffff, 0xffff, 0xf7be, 0xffff, 0x7bef, 0x94b2, 0xffff, 0xf79e, 0xf7be,
    0xffdf, 0xffdf, 0xffff, 0xffff, 0xffff, 0xffff, 0xffff, 0xffff, 0xffff, 0xffff, 0xffff, 0xffff,
    0xffff, 0xffff, 0xffff, 0xffff, 0xffff, 0xffff, 0xffff, 0xffff, 0xffff, 0xffff, 0xffff, 0xffff,
    0xffff, 0xffff, 0xffff, 0xffff, 0xffdf, 0xffdf, 0xffff, 0x39e7, 0x9cf3, 0x9492, 0x0000, 0xe71b,
    0xdedb, 0x0861, 0x0020, 0x0020, 0x0000, 0x0000, 0x5acb, 0x2965, 0x0000, 0x0020, 0x0020, 0x0000,
    0x0000, 0x0000, 0x0841, 0x0000, 0x52aa, 0xffff, 0x5acb, 0x18e3, 0x0000, 0x0000, 0x0000, 0x0000,
    0x0000, 0x0000, 0x0000, 0x0000, 0x1061, 0x1082, 0x0000, 0x0000, 0x0000, 0x18c3, 0x73ae, 0xffff,
    0xffff, 0x7bcf, 0x0000, 0x0841, 0x0020, 0x0000, 0x0000, 0x0000, 0x0000, 0x0000, 0x0000, 0x0000,
    0x0000, 0x0020, 0x9cf3, 0x10a2, 0x0000, 0x0000, 0x0000, 0x0020, 0x0000, 0x3166, 0xffff, 0x4a69,
    0x0000, 0x0020, 0x2965, 0xad75, 0x0841, 0x0020, 0x0020, 0x0000, 0x0000, 0x0000, 0x0020, 0x0020,
    0x18c3, 0xe71c, 0xffdf, 0xffdf, 0xffff, 0xffff, 0xffff, 0xffff, 0xffff, 0xffff, 0xffff, 0xffff,
    0xffff, 0xf7be, 0xffff, 0x7bef, 0x94b2, 0xffff, 0xf79e, 0xf7be, 0xffdf, 0xffdf, 0xffff, 0xffff,
    0xffff, 0xffff, 0xffff, 0xffff, 0xffff, 0xffff, 0xffff, 0xffff, 0xffff, 0xffff, 0xffff, 0xffff,
    0xffff, 0xffff, 0xffff, 0xffff, 0xffff, 0xffff, 0xffff, 0xffff, 0xffff, 0xffff, 0xffff, 0xffff,
    0xf7be, 0xffff, 0x9cd3, 0x4a6a, 0xad55, 0x2104, 0x630c, 0xffff, 0x6b4d, 0x0000, 0x0841, 0x0020,
    0x0000, 0x0020, 0x632c, 0x0020, 0x0000, 0x0000, 0x0000, 0x0000, 0x0020, 0x0020, 0x0000, 0x2124,
    0xef5d, 0xffff, 0x5b0b, 0x0020, 0x0000, 0x0000, 0x0000, 0x0000, 0x0000, 0x0000, 0x0000, 0x0000,
    0x1082, 0x18c3, 0x0000, 0x0000, 0x0841, 0x0000, 0x9492, 0xffff, 0xffdf, 0xe73c, 0x18c3, 0x0020,
    0x0841, 0x0020, 0x0020, 0x0020, 0x0000, 0x0000, 0x0000, 0x0000, 0x0000, 0x0000, 0x632c, 0x4a69,
    0x0000, 0x0000, 0x0000, 0x0000, 0x0000, 0x0000, 0xd69a, 0x94d2, 0x0000, 0x0861, 0x0000, 0x632c,
    0x3186, 0x0000, 0x0020, 0x0000, 0x0000, 0x0000, 0x0020, 0x0841, 0x0000, 0xb596, 0xffff, 0xffdf,
    0xffff, 0xffff, 0xffff, 0xffff, 0xffff, 0xffff, 0xffff, 0xffff, 0xffff, 0xf7be, 0xffff, 0x7bef,
    0x94b2, 0xffff, 0xf79e, 0xf7be, 0xffdf, 0xffdf, 0xffff, 0xffff, 0xffff, 0xffff, 0xffff, 0xffff,
    0xffff, 0xffff, 0xffff, 0xffff, 0xffff, 0xffff, 0xffff, 0xffff, 0xffff, 0xffff, 0xffff, 0xffff,
    0xffff, 0xffff, 0xffff, 0xffff, 0xffff, 0xffff, 0xffdf, 0xffdf, 0xffff, 0xef7d, 0x4228, 0x8410,
    0x73ae, 0x5aeb, 0xb5b6, 0xf79e, 0x10a2, 0x0000, 0x0020, 0x0020, 0x0000, 0x2104, 0x52aa, 0x0000,
    0x0020, 0x0000, 0x0000, 0x0000, 0x0020, 0x0841, 0x0020, 0xbdd7, 0xffdf, 0xffff, 0x738e, 0x0000,
    0x0841, 0x0000, 0x0000, 0x0000, 0x0000, 0x0000, 0x0000, 0x0000, 0x0861, 0x2124, 0x0000, 0x0020,
    0x0020, 0x0020, 0xce79, 0xffff, 0xf79e, 0xffff, 0x8450, 0x0000, 0x0841, 0x0000, 0x0000, 0x2104,
    0x0020, 0x0000, 0x0020, 0x0000, 0x0020, 0x0000, 0x2965, 0x73ae, 0x0000, 0x0000, 0x0000, 0x0000,
    0x0020, 0x0000, 0x7bf0, 0xd69a, 0x0000, 0x0841, 0x0000, 0x10a2, 0x3165, 0x0000, 0x0000, 0x0000,
    0x0000, 0x0000, 0x0000, 0x0020, 0x0000, 0x73ae, 0xffff, 0xffdf, 0xffff, 0xffff, 0xffff, 0xffff,
    0xffff, 0xffff, 0xffff, 0xffff, 0xffff, 0xf7be, 0xffff, 0x7bef, 0x94b2, 0xffff, 0xf79e, 0xf7be,
    0xffdf, 0xffdf, 0xffff, 0xffff, 0xffff, 0xffff, 0xffff, 0xffff, 0xffff, 0xffff, 0xffff, 0xffff,
    0xffff, 0xffff, 0xffff, 0xffff, 0xffff, 0xffff, 0xffff, 0xffff, 0xffff, 0xffff, 0xffff, 0xffff,
    0xffff, 0xffff, 0xffdf, 0xf7be, 0xffff, 0x8430, 0x4a69, 0x738e, 0xc618, 0x3186, 0xf7be, 0x9492,
    0x0000, 0x0841, 0x0020, 0x0020, 0x0000, 0x4a69, 0x31a6, 0x0000, 0x0020, 0x0020, 0x0020, 0x0000,
    0x0020, 0x0000, 0x6b4d, 0xffff, 0xe73c, 0xffff, 0x94b2, 0x0000, 0x0000, 0x0000, 0x0000, 0x0000,
    0x0000, 0x0000, 0x0000, 0x0000, 0x0841, 0x3186, 0x0000, 0x0841, 0x0000, 0x2965, 0xf7be, 0xf7be,
    0xf7be, 0xf7be, 0xffff, 0x39e7, 0x0000, 0x0841, 0x0000, 0x3186, 0x2925, 0x0000, 0x0020, 0x0020,
    0x0020, 0x0020, 0x0020, 0x73ae, 0x1082, 0x0000, 0x0000, 0x0000, 0x0841, 0x0000, 0x3186, 0xef7d,
    0x2124, 0x0000, 0x0841, 0x0000, 0x0820, 0x0000, 0x0000, 0x0000, 0x0000, 0x0000, 0x0000, 0x0000,
    0x0000, 0x39e7, 0xffff, 0xffdf, 0xffdf, 0xffff, 0xffff, 0xffff, 0xffff, 0xffff, 0xffff, 0xffff,
    0xffff, 0xf7be, 0xffff, 0x7bef, 0x94b2, 0xffff, 0xf79e, 0xf7be, 0xffdf, 0xffdf, 0xffff, 0xffff,
    0xffff, 0xffff, 0xffff, 0xffff, 0xffff, 0xffff, 0xffff, 0xffff, 0xffff, 0xffff, 0xffff, 0xffff,
    0xffff, 0xffff, 0xffff, 0xffff, 0xffff, 0xffff, 0xffff, 0xffff, 0xffff, 0xffff, 0xffdf, 0xffdf,
    0xdefb, 0x39c7, 0x4228, 0xe71c, 0x9492, 0x52aa, 0xffff, 0x2945, 0x0000, 0x0841, 0x0020, 0x0020,
    0x0000, 0x632c, 0x10c2, 0x0000, 0x0020, 0x0020, 0x0020, 0x0841, 0x0000, 0x2966, 0xffff, 0xffff,
    0xffff, 0xffff, 0xce59, 0x0000, 0x0000, 0x0000, 0x0000, 0x0000, 0x0000, 0x0020, 0x0020, 0x0000,
    0x0841, 0x39c7, 0x0000, 0x0841, 0x0000, 0x7bef, 0xffff, 0xf79e, 0xffff, 0xffff, 0xe71c, 0x7bef,
    0x0000, 0x0841, 0x0000, 0x1082, 0x6b4d, 0x0020, 0x0000, 0x0000, 0x0000, 0x0020, 0x0000, 0x526a,
    0x2965, 0x0000, 0x0020, 0x0000, 0x0020, 0x0020, 0x0020, 0xe71c, 0x6b6d, 0x0000, 0x0841, 0x0020,
    0x0000, 0x0000, 0x0000, 0x0000, 0x0000, 0x0000, 0x0000, 0x1082, 0x1082, 0x1082, 0xe71c, 0xffff,
    0xf7be, 0xffff, 0xffff, 0xffff, 0xffff, 0xffff, 0xffff, 0xffff, 0xffff, 0xf7be, 0xffff, 0x7bef,
    0x94b2, 0xffff, 0xf79e, 0xf7be, 0xffdf, 0xffdf, 0xffff, 0xffff, 0xffff, 0xffff, 0xffff, 0xffff,
    0xffff, 0xffff, 0xffff, 0xffff, 0xffff, 0xffff, 0xffff, 0xffff, 0xffff, 0xffff, 0xffff, 0xffff,
    0xffff, 0xffff, 0xffff, 0xffff, 0xffff, 0xffff, 0xffdf, 0xffff, 0x8430, 0x0861, 0xb576, 0xffff,
    0x4a49, 0xb596, 0xce59, 0x0000, 0x0020, 0x0020, 0x0000, 0x0000, 0x1082, 0x6b6d, 0x0000, 0x0000,
    0x0000, 0x0000, 0x0000, 0x0020, 0x0861, 0x9cd3, 0x9cf3, 0x5acb, 0x528a, 0x630c, 0x8c71, 0x1082,
    0x0000, 0x0000, 0x0000, 0x0000, 0x0000, 0x0000, 0x0000, 0x0000, 0x0020, 0x39c7, 0x0841, 0x0000,
    0x0841, 0xd6ba, 0xffff, 0xffdf, 0xce59, 0x4a69, 0x0861, 0x0020, 0x0861, 0x0000, 0x0000, 0x0000,
    0x4208, 0x10a2, 0x0000, 0x0000, 0x0000, 0x0000, 0x0000, 0x2124, 0x39e7, 0x0000, 0x0020, 0x0000,
    0x0000, 0x0841, 0x0000, 0xad75, 0xb5b6, 0x0000, 0x0020, 0x0000, 0x0000, 0x0000, 0x0000, 0x0000,
    0x0000, 0x0000, 0x0020, 0x2104, 0x4a69, 0x0000, 0xbdd7, 0xffff, 0xf7be, 0xffff, 0xffff, 0xffff,
    0xffff, 0xffff, 0xffff, 0xffff, 0xffff, 0xf7be, 0xffff, 0x7bef, 0x94b2, 0xffff, 0xf79e, 0xf7be,
    0xffdf, 0xffdf, 0xffff, 0xffff, 0xffff, 0xffff, 0xffff, 0xffff, 0xffff, 0xffff, 0xffff, 0xffff,
    0xffff, 0xffff, 0xffff, 0xffff, 0xffff, 0xffff, 0xffff, 0xffff, 0xffff, 0xffff, 0xffff, 0xffff,
    0xffff, 0xf7be, 0xffff, 0xef7d, 0x10a2, 0x52aa, 0xffff, 0xe71c, 0x31a6, 0xf79e, 0x630c, 0x0000,
    0x0020, 0x0000, 0x0000, 0x0000, 0x2945, 0x630c, 0x0000, 0x0020, 0x0000, 0x0000, 0x0000, 0x0000,
    0x0000, 0x18c3, 0x0861, 0x18e3, 0x18e3, 0x0861, 0x0020, 0x0020, 0x0000, 0x0000, 0x0000, 0x0000,
    0x0000, 0x0000, 0x0000, 0x0000, 0x0000, 0x39c7, 0x1082, 0x0000, 0x4208, 0xffff, 0xffff, 0xce59,
    0x528a, 0x7bcf, 0xb5b6, 0xce79, 0xdedb, 0x528a, 0x0000, 0x0841, 0x0020, 0x2965, 0x0000, 0x0000,
    0x0000, 0x0000, 0x0000, 0x0841, 0x2945, 0x0000, 0x0020, 0x0020, 0x0020, 0x0841, 0x0000, 0x630c,
    0xef5d, 0x1081, 0x0000, 0x0000, 0x0000, 0x0000, 0x0000, 0x0000, 0x0000, 0x0000, 0x0861, 0x0861,
    0x632c, 0x0000, 0x8c71, 0xffff, 0xf7be, 0xffff, 0xffff, 0xffff, 0xffff, 0xffff, 0xffff, 0xffff,
    0xffff, 0xf7be, 0xffff, 0x7bef, 0x94b2, 0xffff, 0xf79e, 0xf7be, 0xffdf, 0xffdf, 0xffff, 0xffff,
    0xffff, 0xffff, 0xffff, 0xffff, 0xffff, 0xffff, 0xffff, 0xffff, 0xffff, 0xffff, 0xffff, 0xffff,
    0xffff, 0xffff, 0xffff, 0xffff, 0xffff, 0xffff, 0xffff, 0xffff, 0xffff, 0xf79e, 0xffff, 0x8c71,
    0x0020, 0xdefb, 0xffff, 0xad75, 0x52aa, 0xef7d, 0x10a2, 0x0000, 0x0000, 0x0000, 0x0020, 0x0000,
    0x4a69, 0x52aa, 0x0000, 0x0020, 0x0000, 0x0000, 0x0000, 0x18c3, 0x8c71, 0xc618, 0xef5d, 0xffdf,
    0xf7be, 0xe73c, 0xdedb, 0x8430, 0x0000, 0x0841, 0x0020, 0x0020, 0x0000, 0x0000, 0x0020, 0x0020,
    0x0000, 0x3186, 0x2104, 0x0000, 0xa534, 0xffff, 0xf7be, 0xef5d, 0xffdf, 0xffff, 0xffff, 0xffff,
    0xffff, 0xf79e, 0x39e7, 0x0000, 0x0841, 0x9cf3, 0x4a49, 0x0000, 0x0020, 0x0000, 0x0000, 0x0000,
    0x0841, 0x0020, 0x0020, 0x0020, 0x0820, 0x0840, 0x0000, 0x2124, 0xffdf, 0x4a49, 0x0000, 0x0020,
    0x0000, 0x0000, 0x0000, 0x0000, 0x0000, 0x0000, 0x0000, 0x0000, 0x62ec, 0x18c3, 0x630c, 0xffff,
    0xf7be, 0xffff, 0xffff, 0xffff, 0xffff, 0xffff, 0xffff, 0xffff, 0xffdf, 0xf7be, 0xffff, 0x7bef,
    0x94b2, 0xffff, 0xf79e, 0xf7be, 0xffdf, 0xffdf, 0xffff, 0xffff, 0xffff, 0xffff, 0xffff, 0xffff,
    0xffff, 0xffff, 0xffff, 0xffff, 0xffff, 0xffff, 0xffff, 0xffff, 0xffff, 0xffff, 0xffff, 0xffff,
    0xffff, 0xffff, 0xffff, 0xffff, 0xffff, 0xffff, 0xffdf, 0x2124, 0x7bcf, 0xffff, 0xffff, 0x7bef,
    0x9492, 0xb596, 0x0000, 0x0841, 0x0000, 0x0000, 0x0020, 0x0000, 0x5aeb, 0x3a07, 0x0000, 0x0020,
    0x0000, 0x0020, 0x0000, 0xad75, 0xffff, 0xffff, 0xffff, 0xffff, 0xffff, 0xffdf, 0xffff, 0xef5d,
    0x10a2, 0x0020, 0x0840, 0x0000, 0x0020, 0x0020, 0x0020, 0x0020, 0x0000, 0x1903, 0x18e3, 0x18e3,
    0xf7be, 0xffdf, 0xffdf, 0xffff, 0xffff, 0xffdf, 0xffdf, 0xffdf, 0xf7be, 0xffdf, 0xef5d, 0x31a6,
    0x0000, 0x39e7, 0xc639, 0x0841, 0x0000, 0x0000, 0x0000, 0x0000, 0x0000, 0x0000, 0x0000, 0x0000,
    0x0000, 0x0020, 0x0020, 0x0000, 0xdefb, 0x94b2, 0x0000, 0x0841, 0x0000, 0x0000, 0x0000, 0x0000,
    0x0000, 0x0000, 0x0000, 0x0000, 0x4228, 0x39e7, 0x39e7, 0xffff, 0xffdf, 0xffff, 0xffff, 0xffff,
    0xffff, 0xffff, 0xffff, 0xffff, 0xffff, 0xf7be, 0xffff, 0x7bef, 0x94b2, 0xffff, 0xf79e, 0xf7be,
    0xffdf, 0xffdf, 0xffff, 0xffff, 0xffff, 0xffff, 0xffff, 0xffff, 0xffff, 0xffff, 0xffff, 0xffff,
    0xffff, 0xffff, 0xffff, 0xffff, 0xffff, 0xffff, 0xffff, 0xffff, 0xffff, 0xffff, 0xffff, 0xffff,
    0xffdf, 0xffff, 0xbdd7, 0x2104, 0xef7d, 0xffdf, 0xffff, 0x5289, 0xc5f8, 0x5aeb, 0x0000, 0x0841,
    0x0000, 0x0000, 0x0020, 0x0000, 0x73ae, 0x31a6, 0x0000, 0x0020, 0x0841, 0x0000, 0x528a, 0xffff,
    0xf7be, 0xffdf, 0xffff, 0xffff, 0xffff, 0xffdf, 0xf7be, 0xffff, 0x738e, 0x0000, 0x18e3, 0x2945,
    0x0000, 0x0000, 0x0000, 0x0000, 0x0000, 0x0841, 0x0020, 0x8430, 0xffff, 0xf7be, 0xffdf, 0xffff,
    0xffff, 0xffff, 0xffff, 0xffff, 0xffff, 0xffdf, 0xffff, 0xef5d, 0x3a07, 0x0000, 0xb596, 0xa534,
    0x0000, 0x0841, 0x0000, 0x0000, 0x0000, 0x0000, 0x0000, 0x0000, 0x0000, 0x0000, 0x0841, 0x0000,
    0xa534, 0xef5d, 0x0861, 0x0020, 0x0020, 0x0000, 0x0000, 0x0000, 0x0000, 0x0000, 0x0000, 0x0000,
    0x2965, 0x7bef, 0x2104, 0xffdf, 0xffff, 0xffff, 0xffff, 0xffff, 0xffff, 0xffff, 0xffff, 0xffff,
    0xffff, 0xf7be, 0xffff, 0x7bef, 0x9492, 0xffff, 0xf79e, 0xf7be, 0xffdf, 0xffdf, 0xffff, 0xffff,
    0xffff, 0xffff, 0xffff, 0xffff, 0xffff, 0xffff, 0xffff, 0xffff, 0xffff, 0xffff, 0xffff, 0xffff,
    0xffff, 0xffff, 0xffff, 0xffff, 0xffff, 0xffff, 0xffff, 0xffdf, 0xf7be, 0xffff, 0x5aeb, 0x7bcf,
    0xffff, 0xef7d, 0xef5d, 0x4228, 0xc618, 0x10a2, 0x0000, 0x0000, 0x0000, 0x0000, 0x0020, 0x0000,
    0x8430, 0x2945, 0x0000, 0x0020, 0x0020, 0x0861, 0xd6ba, 0xffff, 0xf7be, 0xffff, 0xffff, 0xffff,
    0xffff, 0xffff, 0xffdf, 0xffdf, 0xdf1b, 0x1082, 0x0841, 0x9cf3, 0x1082, 0x0000, 0x0020, 0x0000,
    0x0000, 0x0020, 0x0000, 0xb5b6, 0xffff, 0xf7be, 0xffdf, 0xffff, 0xffff, 0xffff, 0xffff, 0xffff,
    0xffff, 0xffff, 0xf7be, 0xffff, 0xf79e, 0x52aa, 0x18c3, 0xffff, 0x7bef, 0x0000, 0x0020, 0x0000,
    0x0000, 0x0000, 0x0000, 0x0000, 0x0000, 0x0000, 0x0861, 0x0000, 0x7bcf, 0xffff, 0x52aa, 0x0000,
    0x0840, 0x0020, 0x0000, 0x0000, 0x0000, 0x0000, 0x0020, 0x0000, 0x0861, 0x9492, 0x18e3, 0xe73d,
    0xffff, 0xffff, 0xffff, 0xffff, 0xffff, 0xffff, 0xffff, 0xffff, 0xffff, 0xf7be, 0xffff, 0x7bef,
    0x9492, 0xffff, 0xf79e, 0xf7be, 0xffdf, 0xffdf, 0xffff, 0xffff, 0xffff, 0xffff, 0xffff, 0xffff,
    0xffff, 0xffff, 0xffff, 0xffff, 0xffff, 0xffff, 0xffff, 0xffff, 0xffff, 0xffff, 0xffff, 0xffff,
    0xffff, 0xffff, 0xffff, 0xffdf, 0xffdf, 0xef7d, 0x39c7, 0xdebb, 0xffdf, 0xffdf, 0xc618, 0x528a,
    0xa534, 0x0000, 0x0820, 0x0020, 0x0020, 0x0020, 0x0020, 0x0000, 0x8c51, 0x2104, 0x0000, 0x0841,
    0x0000, 0x738e, 0xffff, 0xf7be, 0xffdf, 0xffdf, 0xffdf, 0xffdf, 0xffff, 0xffdf, 0xf7be, 0xf79e,
    0xffff, 0x8c71, 0x0000, 0x8c51, 0xad75, 0x0000, 0x0020, 0x0020, 0x0020, 0x0841, 0x0000, 0x9cf3,
    0xffff, 0xffdf, 0xffff, 0xffff, 0xffff, 0xffff, 0xffff, 0xffff, 0xffff, 0xffff, 0xffdf, 0xf7be,
    0xf7be, 0xffff, 0x7bef, 0x630c, 0xffff, 0x630c, 0x0000, 0x0861, 0x0020, 0x0000, 0x0000, 0x0000,
    0x0000, 0x0020, 0x0841, 0x0000, 0x630c, 0xffff, 0xb5b6, 0x0000, 0x0000, 0x0000, 0x0000, 0x0000,
    0x0000, 0x0000, 0x0000, 0x0020, 0x0000, 0x8430, 0x31a6, 0xd69a, 0xffff, 0xffdf, 0xffff, 0xffff,
    0xffff, 0xffff, 0xffff, 0xffff, 0xffff, 0xf7be, 0xffff, 0x7bef, 0x9492, 0xffff, 0xf79e, 0xf7be,
    0xffdf, 0xffdf, 0xffff, 0xffff, 0xffff, 0xffff, 0xffff, 0xffff, 0xffff, 0xffff, 0xffff, 0xffff,
    0xffff, 0xffff, 0xffff, 0xffff, 0xffff, 0xffff, 0xffff, 0xffff, 0xffff, 0xffff, 0xffff, 0xffdf,
    0xffff, 0xbdf7, 0x52aa, 0xffff, 0xf79e, 0xffff, 0xa514, 0x738e, 0x73ae, 0x0000, 0x0841, 0x0020,
    0x0020, 0x0020, 0x0020, 0x0000, 0x8450, 0x2104, 0x0000, 0x0841, 0x10a3, 0xe71c, 0xffdf, 0xffdf,
    0xffdf, 0xf7be, 0xffdf, 0xf79e, 0xf79e, 0xffff, 0xffff, 0xffff, 0xffdf, 0xffff, 0x4228, 0x1082,
    0xffff, 0x8c71, 0x0000, 0x0020, 0x0841, 0x0020, 0x0000, 0x6b6d, 0xffff, 0xf7be, 0xffdf, 0xffdf,
    0xffdf, 0xffff, 0xffff, 0xdedb, 0xbdb7, 0xbdb7, 0xd69a, 0xef7d, 0xffff, 0xffff, 0xffff, 0xad55,
    0x9cd3, 0xffdf, 0x4a69, 0x0000, 0x0841, 0x0020, 0x0000, 0x0000, 0x0000, 0x0000, 0x0841, 0x0000,
    0x39e7, 0xd6ba, 0xf7de, 0x3186, 0x0000, 0x0841, 0x0000, 0x0000, 0x0000, 0x0000, 0x0000, 0x0020,
    0x0000, 0x632c, 0x4a49, 0xbdd7, 0xffff, 0xffdf, 0xffff, 0xffff, 0xffff, 0xffff, 0xffff, 0xffff,
    0xffff, 0xf7be, 0xffff, 0x7bef, 0x94b2, 0xffff, 0xf79e, 0xf7be, 0xffdf, 0xffdf, 0xffff, 0xffff,
    0xffff, 0xffff, 0xffff, 0xffff, 0xffff, 0xffff, 0xffff, 0xffff, 0xffff, 0xffff, 0xffff, 0xffff,
    0xffff, 0xffff, 0xffff, 0xffff, 0xffff, 0xffff, 0xffff, 0xffdf, 0xffff, 0x9492, 0x8430, 0xffff,
    0xf7be, 0xffff, 0x8430, 0x8410, 0x39e7, 0x0000, 0x0020, 0x0000, 0x0000, 0x0000, 0x0020, 0x0000,
    0x8430, 0x2124, 0x0000, 0x0000, 0x8410, 0xffff, 0xf79e, 0xffdf, 0xffff, 0xffff, 0xffff, 0xef7d,
    0xd69a, 0xbdd7, 0xb596, 0xef5d, 0xffff, 0xffdf, 0xf79d, 0x2965, 0x7bef, 0xffff, 0x9cd3, 0x0841,
    0x0000, 0x0840, 0x0020, 0x2965, 0xf7bf, 0xf7be, 0xf7be, 0xffdf, 0xffdf, 0xef7d, 0x8c71, 0x8410,
    0xd69a, 0xe71c, 0xce59, 0xb5b6, 0xad75, 0xbdd7, 0xdefb, 0xffff, 0xdedb, 0xdefb, 0xf7be, 0x4228,
    0x0000, 0x0020, 0x0000, 0x0000, 0x0000, 0x0000, 0x0020, 0x0000, 0x3186, 0x7bcf, 0xffff, 0xa534,
    0x0000, 0x0841, 0x0000, 0x0000, 0x0000, 0x0000, 0x0000, 0x0020, 0x0000, 0x4208, 0x4a69, 0xad55,
    0xffff, 0xffdf, 0xffff, 0xffff, 0xffff, 0xffff, 0xffff, 0xffff, 0xffff, 0xf7be, 0xffff, 0x7bef,
    0x94b2, 0xffff, 0xf79e, 0xf7be, 0xffdf, 0xffdf, 0xffff, 0xffff, 0xffff, 0xffff, 0xffff, 0xffff,
    0xffff, 0xffff, 0xffff, 0xffff, 0xffff, 0xffff, 0xffff, 0xffff, 0xffff, 0xffff, 0xffff, 0xffff,
    0xffff, 0xffff, 0xffff, 0xffdf, 0xffff, 0x6b6d, 0xad55, 0xffff, 0xf7be, 0xffff, 0x6b8d, 0x7bcf,
    0x10a2, 0x0000, 0x0020, 0x0000, 0x0000, 0x0000, 0x0020, 0x0000, 0x8430, 0x2965, 0x0000, 0x18c3,
    0xe73c, 0xffff, 0xffff, 0xf7be, 0x8c51, 0x8c51, 0x73ae, 0x8410, 0xad75, 0xdedb, 0xc638, 0x7baf,
    0xb5b6, 0xffdf, 0xffdf, 0xef7d, 0x5aeb, 0xbdd7, 0xffff, 0xce59, 0x4a69, 0x0020, 0x0000, 0x0000,
    0xa555, 0xffff, 0xf7be, 0xffff, 0xffff, 0xc618, 0xce79, 0xffff, 0xad34, 0x4208, 0x0861, 0x0020,
    0x0000, 0x0000, 0x10a2, 0x4228, 0x528a, 0xdedb, 0xffff, 0xf79e, 0x4a49, 0x0000, 0x0020, 0x0000,
    0x0000, 0x0000, 0x0020, 0x0000, 0x39a6, 0x4228, 0xb5b6, 0xffdf, 0x3186, 0x0000, 0x0020, 0x0020,
    0x0000, 0x0000, 0x0000, 0x0020, 0x0000, 0x2945, 0x39e7, 0xa4f3, 0xffff, 0xf7be, 0xffff, 0xffff,
    0xffff, 0xffff, 0xffff, 0xffff, 0xffff, 0xf7be, 0xffff, 0x7bef, 0x94b2, 0xffff, 0xf79e, 0xf7be,
    0xffdf, 0xffdf, 0xffff, 0xffff, 0xffff, 0xffff, 0xffff, 0xffff, 0xffff, 0xffff, 0xffff, 0xffff,
    0xffff, 0xffff, 0xffff, 0xffff, 0xffff, 0xffff, 0xffff, 0xffff, 0xffff, 0xffff, 0xffff, 0xffdf,
    0xffff, 0x528a, 0xbdf7, 0xffff, 0xffdf, 0xffff, 0x6b6d, 0x6b4d, 0x0020, 0x0020, 0x0000, 0x0000,
    0x0000, 0x0000, 0x0820, 0x0000, 0x83ef, 0x31a6, 0x0000, 0x738e, 0xffff, 0xdedb, 0xad75, 0x5acb,
    0x0020, 0x0000, 0x0000, 0x0000, 0x0000, 0x2104, 0x8c51, 0xe73c, 0xc618, 0xf79e, 0xffdf, 0xffff,
    0xffdf, 0xce9a, 0xffdf, 0xffff, 0xffff, 0xc618, 0x73ae, 0x39e7, 0x39e7, 0xdefb, 0xffff, 0xffdf,
    0xffdf, 0xffff, 0xd6ba, 0x39c7, 0x0000, 0x0000, 0x0020, 0x0000, 0x0000, 0x0000, 0x0000, 0x0000,
    0x0020, 0x8430, 0xc659, 0xe71c, 0xffdf, 0x4a69, 0x0000, 0x0020, 0x0000, 0x0000, 0x0000, 0x0000,
    0x2104, 0x18e3, 0x4228, 0xffff, 0xad55, 0x0000, 0x0841, 0x0020, 0x0000, 0x0000, 0x0000, 0x0000,
    0x0000, 0x1082, 0x2945, 0x9cf3, 0xffff, 0xf7be, 0xffff, 0xffff, 0xffff, 0xffff, 0xffff, 0xffff,
    0xffff, 0xf7be, 0xffff, 0x7bef, 0x94b2, 0xffff, 0xf79e, 0xf7be, 0xffdf, 0xffdf, 0xffff, 0xffff,
    0xffff, 0xffff, 0xffff, 0xffff, 0xffff, 0xffff, 0xffff, 0xffff, 0xffff, 0xffff, 0xffff, 0xffff,
    0xffff, 0xffff, 0xffff, 0xffff, 0xffff, 0xffff, 0xffdf, 0xffff, 0xffff, 0x5269, 0xce79, 0xffff,
    0xffdf, 0xffff, 0x6b4d, 0x5acb, 0x0000, 0x0020, 0x0000, 0x0000, 0x0000, 0x0000, 0x0020, 0x0000,
    0x6b4d, 0x31a6, 0x0020, 0xd6ba, 0xffff, 0xbdf8, 0x0041, 0x0000, 0x0000, 0x0841, 0x4228, 0x18c3,
    0x0000, 0x0000, 0x0000, 0x3186, 0xdefb, 0xffff, 0xffff, 0xffff, 0xffff, 0xffff, 0xffff, 0xffff,
    0xffff, 0xffff, 0xffff, 0xffff, 0xe73c, 0xef7d, 0xffff, 0xffdf, 0xffdf, 0xd69a, 0x4208, 0x0000,
    0x5aeb, 0x4a49, 0x0000, 0x0020, 0x0000, 0x0000, 0x2144, 0x2104, 0x0000, 0x0000, 0x2965, 0xce59,
    0xffff, 0x8430, 0x0000, 0x0841, 0x0000, 0x0000, 0x0000, 0x0000, 0x10a2, 0x18e3, 0x0000, 0xce59,
    0xffff, 0x4208, 0x0000, 0x0841, 0x0020, 0x0020, 0x0000, 0x0000, 0x0000, 0x0020, 0x0040, 0x94b2,
    0xffff, 0xf7be, 0xffdf, 0xffff, 0xffff, 0xffff, 0xffff, 0xffff, 0xffff, 0xf7be, 0xffff, 0x7bef,
    0x94b2, 0xffff, 0xf79e, 0xf7be, 0xffdf, 0xffdf, 0xffff, 0xffff, 0xffff, 0xffff, 0xffff, 0xffff,
    0xffff, 0xffff, 0xffff, 0xffff, 0xffff, 0xffff, 0xffff, 0xffff, 0xffff, 0xffff, 0xffff, 0xffff,
    0xffff, 0xffff, 0xffdf, 0xffff, 0xffff, 0x4a69, 0xce79, 0xffff, 0xffdf, 0xef9e, 0x632c, 0x4228,
    0x0000, 0x0000, 0x0000, 0x0000, 0x0000, 0x0000, 0x0020, 0x0000, 0x52ab, 0x39e7, 0x3186, 0xdefb,
    0x9cf3, 0x18e3, 0x0020, 0x0000, 0x5aeb, 0xd6ba, 0x8c51, 0x0020, 0x0020, 0x0841, 0x0841, 0x0000,
    0x10a2, 0xd6ba, 0xffff, 0xf7be, 0xffff, 0xffff, 0xffff, 0xffff, 0xffff, 0xffdf, 0xffdf, 0xffff,
    0xffff, 0xffff, 0xffdf, 0xffdf, 0xffdf, 0xbdd7, 0x2965, 0xad75, 0xb5b7, 0x62ec, 0x5aeb, 0x0000,
    0x0820, 0x0020, 0x10a2, 0xad55, 0x4228, 0x0000, 0x0020, 0x73ae, 0xffff, 0x8430, 0x0000, 0x0841,
    0x0000, 0x0000, 0x0000, 0x0000, 0x0861, 0x10a2, 0x0000, 0x4a69, 0xffff, 0xc638, 0x0020, 0x0020,
    0x0020, 0x0020, 0x0000, 0x0000, 0x0000, 0x0020, 0x0000, 0x8410, 0xffff, 0xf7be, 0xffdf, 0xffff,
    0xffff, 0xffff, 0xffff, 0xffff, 0xffff, 0xf7be, 0xffff, 0x7bcf, 0x9492, 0xffff, 0xf79e, 0xf7be,
    0xffdf, 0xffdf, 0xffff, 0xffff, 0xffff, 0xffff, 0xffff, 0xffff, 0xffff, 0xffff, 0xffff, 0xffff,
    0xffff, 0xffff, 0xffff, 0xffff, 0xffff, 0xffff, 0xffff, 0xffff, 0xffff, 0xffff, 0xffff, 0xffdf,
    0xffff, 0x52aa, 0xbdf7, 0xffff, 0xffdf, 0xe73c, 0x52cb, 0x2945, 0x0000, 0x0000, 0x0000, 0x0000,
    0x0000, 0x0000, 0x0020, 0x0000, 0x4208, 0x52aa, 0x9492, 0xe73d, 0x2104, 0x0000, 0x0020, 0x8c71,
    0xffff, 0xc618, 0x738e, 0x9cd3, 0x0000, 0x0020, 0x0020, 0x0841, 0x0841, 0x9492, 0xffff, 0xf7be,
    0xffff, 0xffff, 0xffff, 0xffff, 0xffff, 0xffff, 0xffff, 0xffff, 0xffdf, 0xffff, 0xffdf, 0xffdf,
    0xffdf, 0x8430, 0xce59, 0xffff, 0x41e8, 0xef7d, 0xce79, 0x0000, 0x0841, 0x0861, 0x0000, 0x6b4d,
    0xffdf, 0x39c7, 0x0000, 0x0000, 0x9492, 0x8430, 0x0000, 0x0020, 0x0000, 0x0000, 0x0000, 0x0000,
    0x0021, 0x0861, 0x0020, 0x0000, 0xb5b6, 0xffff, 0x6b8d, 0x0000, 0x0841, 0x0000, 0x0000, 0x0000,
    0x0000, 0x0020, 0x0000, 0x738e, 0xffff, 0xf7be, 0xffdf, 0xffff, 0xffff, 0xffff, 0xffff, 0xffff,
    0xffff, 0xf7be, 0xffff, 0x7bef, 0x9492, 0xffff, 0xf79e, 0xf7be, 0xffdf, 0xffdf, 0xffff, 0xffff,
    0xffff, 0xffff, 0xffff, 0xffff, 0xffff, 0xffff, 0xffff, 0xffff, 0xffff, 0xffff, 0xffff, 0xffff,
    0xffff, 0xffff, 0xffff, 0xffff, 0xffff, 0xffff, 0xffff, 0xffdf, 0xffff, 0x6b6d, 0x94b3, 0xffff,
    0xffdf, 0xe71c, 0x4a49, 0x18c3, 0x0000, 0x0000, 0x0000, 0x0000, 0x0000, 0x0000, 0x0020, 0x0000,
    0x18e3, 0x5269, 0xad55, 0x7bef, 0x0861, 0x0000, 0x6b6d, 0xffff, 0xffff, 0x5acb, 0x8c51, 0xa534,
    0x0000, 0x0020, 0x0000, 0x0000, 0x3186, 0x8c51, 0xef5d, 0xffff, 0xffdf, 0xffdf, 0xffff, 0xffff,
    0xffff, 0xffff, 0xffff, 0xffff, 0xffff, 0xffff, 0xffff, 0xffff, 0xffdf, 0xef5d, 0xffff, 0xd69a,
    0x0861, 0x4228, 0x2965, 0x0000, 0x0000, 0x0841, 0x0000, 0x2124, 0xf7be, 0xdefb, 0x10a2, 0x0000,
    0x1082, 0x39e7, 0x0000, 0x0000, 0x0000, 0x0000, 0x0000, 0x0000, 0x0020, 0x0020, 0x0840, 0x0000,
    0x2945, 0xf79e, 0xef7d, 0x2945, 0x0000, 0x0020, 0x0000, 0x0000, 0x0000, 0x0020, 0x0000, 0x5acb,
    0xffff, 0xf7be, 0xffdf, 0xffff, 0xffff, 0xffff, 0xffff, 0xffff, 0xffff, 0xf7be, 0xffff, 0x7bef,
    0x94b2, 0xffff, 0xf79e, 0xf7be, 0xffdf, 0xffdf, 0xffff, 0xffff, 0xffff, 0xffff, 0xffff, 0xffff,
    0xffff, 0xffff, 0xffff, 0xffff, 0xffff, 0xffff, 0xffff, 0xffff, 0xffff, 0xffff, 0xffff, 0xffff,
    0xffff, 0xffff, 0xffff, 0xffdf, 0xffff, 0xa514, 0x5aeb, 0xffff, 0xffff, 0xef7d, 0x3186, 0x0020,
    0x0020, 0x0020, 0x0020, 0x0020, 0x0000, 0x0000, 0x0020, 0x0000, 0x0841, 0x3186, 0x6b4d, 0x31a6,
    0x0000, 0x18c3, 0xe71c, 0xf79e, 0xffdf, 0x39e7, 0x0000, 0x0020, 0x0020, 0x0000, 0x0000, 0x0020,
    0x0841, 0xce9a, 0xf7be, 0xf7de, 0xffdf, 0xffff, 0xffff, 0xffff, 0xffff, 0xffff, 0xffff, 0xffff,
    0xffff, 0xffff, 0xffff, 0xffff, 0xffff, 0xffff, 0xffff, 0xad75, 0x0000, 0x0000, 0x0000, 0x0000,
    0x0000, 0x0020, 0x0000, 0x10a2, 0xe71c, 0xffff, 0x5acb, 0x0000, 0xc5f8, 0x8430, 0x0000, 0x0821,
    0x0020, 0x0000, 0x0000, 0x0000, 0x0000, 0x0000, 0x0000, 0x0841, 0x0000, 0x632c, 0xffff, 0xbdf8,
    0x0020, 0x0020, 0x0020, 0x0000, 0x0000, 0x0020, 0x0000, 0x5289, 0xffff, 0xf7be, 0xffdf, 0xffff,
    0xffff, 0xffff, 0xffff, 0xffff, 0xffff, 0xf7be, 0xffff, 0x7bef, 0x94b2, 0xffff, 0xf79e, 0xf7be,
    0xffdf, 0xffdf, 0xffff, 0xffff, 0xffff, 0xffff, 0xffff, 0xffff, 0xffff, 0xffff, 0xffff, 0xffff,
    0xffff, 0xffff, 0xffff, 0xffff, 0xffff, 0xffff, 0xffff, 0xffff, 0xffff, 0xffff, 0xffff, 0xffdf,
    0xffdf, 0xef5d, 0x4228, 0xe73c, 0xffff, 0xf7be, 0x3186, 0x0000, 0x2104, 0x4a49, 0x0000, 0x0020,
    0x0000, 0x0000, 0x0000, 0x0000, 0x0000, 0x1082, 0x8c51, 0xffff, 0x2124, 0x2124, 0xffdf, 0xf79e,
    0xffdf, 0x39c7, 0x0000, 0x0841, 0x0820, 0x0020, 0x0820, 0x0841, 0x0000, 0xb5b6, 0xffff, 0xf79e,
    0xffff, 0xffff, 0xffff, 0xffff, 0xffff, 0xffff, 0xffff, 0xffff, 0xffff, 0xffff, 0xffff, 0xffff,
    0xffff, 0xffdf, 0xffff, 0x94b2, 0x0000, 0x0841, 0x0000, 0x0000, 0x0000, 0x0020, 0x0000, 0x18c3,
    0xef5d, 0xffff, 0x4a89, 0x528a, 0xffff, 0x7bef, 0x0000, 0x0841, 0x0020, 0x0000, 0x0000, 0x0000,
    0x0000, 0x0000, 0x0000, 0x0000, 0x0020, 0x0000, 0x9cd3, 0xffff, 0x9cf3, 0x0000, 0x0020, 0x0000,
    0x0000, 0x0841, 0x0000, 0x39e7, 0xffff, 0xf7be, 0xffdf, 0xffff, 0xffff, 0xffff, 0xffff, 0xffff,
    0xffff, 0xf7be, 0xffff, 0x7bef, 0x94b2, 0xffff, 0xf79e, 0xf7be, 0xffdf, 0xffdf, 0xffff, 0xffff,
    0xffff, 0xffff, 0xffff, 0xffff, 0xffff, 0xffff, 0xffff, 0xffff, 0xffff, 0xffff, 0xffff, 0xffff,
    0xffff, 0xffff, 0xffff, 0xffff, 0xffff, 0xffff, 0xffff, 0xffdf, 0xf7be, 0xffff, 0x94b2, 0x8410,
    0xffff, 0xffdf, 0x4228, 0x0000, 0x3186, 0x8c51, 0x0000, 0x0841, 0x0000, 0x0000, 0x0000, 0x0000,
    0x0000, 0x0020, 0x528a, 0xffff, 0xc618, 0x2945, 0xf79e, 0xf79e, 0xffff, 0x4a49, 0x0000, 0x0841,
    0x0000, 0x0000, 0x0020, 0x0861, 0x0000, 0xad35, 0xffff, 0xf79e, 0xffff, 0xffff, 0xffff, 0xffff,
    0xffff, 0xffff, 0xffff, 0xffff, 0xffff, 0xffff, 0xffff, 0xffff, 0xffff, 0xffdf, 0xffff, 0xa534,
    0x0000, 0x0861, 0x18e3, 0x0000, 0x0861, 0x2124, 0x0000, 0x39c7, 0xffff, 0xf79e, 0x630c, 0xe73c,
    0xffff, 0x738e, 0x0000, 0x0841, 0x0000, 0x0000, 0x0000, 0x0000, 0x0000, 0x0000, 0x0000, 0x0000,
    0x0020, 0x0020, 0x0841, 0xb596, 0xffff, 0x8c71, 0x0000, 0x0841, 0x0000, 0x0020, 0x0000, 0x2104,
    0xef5d, 0xf7be, 0xffdf, 0xffff, 0xffff, 0xffff, 0xffff, 0xffff, 0xffff, 0xf7be, 0xffff, 0x8410,
    0x9cd3, 0xffff, 0xf79e, 0xf7be, 0xffdf, 0xffdf, 0xffff, 0xffff, 0xffff, 0xffff, 0xffff, 0xffff,
    0xffff, 0xffff, 0xffff, 0xffff, 0xffff, 0xffff, 0xffff, 0xffff, 0xffff, 0xffff, 0xffff, 0xffff,
    0xffff, 0xffff, 0xffff, 0xffff, 0xffff, 0xffdf, 0xffff, 0x630c, 0xbdd7, 0xffff, 0x528a, 0x0000,
    0x39c7, 0xc638, 0x0841, 0x0020, 0x0000, 0x0000, 0x0000, 0x0000, 0x0020, 0x0020, 0x2945, 0xf79e,
    0xffff, 0x9cf3, 0xbdf7, 0xffdf, 0xffff, 0x8410, 0x0000, 0x0841, 0x18e3, 0x0000, 0x0861, 0x2124,
    0x0000, 0xb596, 0xffff, 0xf7be, 0xffff, 0xffff, 0xffff, 0xffff, 0xffff, 0xffff, 0xffff, 0xffff,
    0xffff, 0xffff, 0xffff, 0xffff, 0xffff, 0xffdf, 0xffff, 0xd6ba, 0x0841, 0x0020, 0x52aa, 0x2124,
    0x4208, 0x31a6, 0x0000, 0x7bcf, 0xffff, 0xdefb, 0xdedb, 0xffff, 0xffff, 0x52aa, 0x0000, 0x0020,
    0x0000, 0x0000, 0x0000, 0x0000, 0x0000, 0x0000, 0x0020, 0x0020, 0x0020, 0x0840, 0x0020, 0x0861,
    0xad75, 0xffff, 0x8c51, 0x0000, 0x0020, 0x0020, 0x0020, 0x18a3, 0xd6ba, 0xffff, 0xf7be, 0xffff,
    0xffff, 0xffff, 0xffff, 0xffff, 0xffff, 0xf7be, 0xffff, 0x8410, 0x94b2, 0xffff, 0xf79e, 0xf7be,
    0xffdf, 0xffdf, 0xffff, 0xffff, 0xffff, 0xffff, 0xffff, 0xffff, 0xffff, 0xffff, 0xffff, 0xffff,
    0xffff, 0xffff, 0xffff, 0xffff, 0xffff, 0xffff, 0xffff, 0xffff, 0xffff, 0xffff, 0xffff, 0xffff,
    0xffff, 0xffdf, 0xffff, 0xef5d, 0x6b6d, 0xd69a, 0x7bcf, 0x0000, 0x4a69, 0xffff, 0x31a6, 0x0000,
    0x0840, 0x0020, 0x0020, 0x0020, 0x0020, 0x0841, 0x0020, 0xc638, 0xffff, 0xf7bf, 0xef5d, 0xf7df,
    0xffff, 0xce99, 0x0000, 0x0020, 0x4a49, 0x39e7, 0x4a49, 0x2104, 0x0841, 0xdefb, 0xffdf, 0xf7be,
    0xffff, 0xffff, 0xffff, 0xffff, 0xffff, 0xffff, 0xffff, 0xffff, 0xffff, 0xffff, 0xffff, 0xffff,
    0xffff, 0xffdf, 0xf7be, 0xffff, 0x39e7, 0x1082, 0x9492, 0xce79, 0xa514, 0x4208, 0x0861, 0xdedb,
    0xffff, 0xffdf, 0xffff, 0xf7be, 0xffdf, 0x31c6, 0x0000, 0x0020, 0x0000, 0x0000, 0x0000, 0x0020,
    0x0841, 0x2965, 0x0000, 0x0840, 0x0020, 0x0000, 0x0020, 0x0000, 0x0020, 0x8430, 0xffff, 0x94b2,
    0x0000, 0x0000, 0x0841, 0x39c7, 0xb5b7, 0xffff, 0xffdf, 0xffff, 0xffff, 0xffff, 0xffff, 0xffff,
    0xffff, 0xf7be, 0xffff, 0x7bef, 0x94b2, 0xffff, 0xf79e, 0xf7be, 0xffdf, 0xffdf, 0xffff, 0xffff,
    0xffff, 0xffff, 0xffff, 0xffff, 0xffff, 0xffff, 0xffff, 0xffff, 0xffff, 0xffff, 0xffff, 0xffff,
    0xffff, 0xffff, 0xffff, 0xffff, 0xffff, 0xffff, 0xffff, 0xffff, 0xffff, 0xffff, 0xffdf, 0xffff,
    0xf79e, 0xad75, 0x8c51, 0x0000, 0x528a, 0xffff, 0x7bef, 0x0000, 0x0841, 0x0020, 0x0020, 0x0000,
    0x0020, 0x0861, 0x0000, 0x8430, 0xffff, 0xf79e, 0xffff, 0xffdf, 0xf7be, 0xffff, 0x632c, 0x0000,
    0x5acb, 0xe73c, 0xdedb, 0x0861, 0x528a, 0xffff, 0xf7be, 0xffdf, 0xffff, 0xffff, 0xffff, 0xffff,
    0xffff, 0xffff, 0xffff, 0xffff, 0xffff, 0xffff, 0xffff, 0xffff, 0xffdf, 0xffdf, 0xffdf, 0xffff,
    0xce59, 0x0882, 0x6b6d, 0xef7d, 0xad75, 0x18e3, 0x94b2, 0xffff, 0xf7be, 0xffdf, 0xf7be, 0xffdf,
    0xef7d, 0x2124, 0x0000, 0x0000, 0x0000, 0x0020, 0x0020, 0x0000, 0x18e3, 0xf79e, 0x5acb, 0x0000,
    0x0020, 0x0000, 0x0000, 0x0000, 0x0000, 0x0000, 0x528a, 0xf7be, 0xb5b6, 0x0861, 0x0000, 0x5b0b,
    0x9cd3, 0xffff, 0xffdf, 0xffff, 0xffff, 0xffff, 0xffff, 0xffff, 0xffff, 0xf7be, 0xffff, 0x7bef,
    0x9492, 0xffff, 0xf7be, 0xf7be, 0xffdf, 0xffdf, 0xffff, 0xffff, 0xffff, 0xffff, 0xffff, 0xffff,
    0xffff, 0xffff, 0xffff, 0xffff, 0xffff, 0xffff, 0xffff, 0xffff, 0xffff, 0xffff, 0xffff, 0xffff,
    0xffff, 0xffff, 0xffff, 0xffff, 0xffff, 0xffff, 0xffff, 0xffff, 0xffdf, 0xffff, 0xce59, 0x0000,
    0x4228, 0xffff, 0x632c, 0x0000, 0x0000, 0x0000, 0x0000, 0x0000, 0x0020, 0x0841, 0x0000, 0x4a49,
    0xffff, 0xffdf, 0xffdf, 0xffdf, 0xffdf, 0xffdf, 0xf7be, 0x5aeb, 0x10a2, 0xad76, 0x7c0f, 0x2945,
    0xe6fc, 0xffdf, 0xffff, 0xffff, 0xffff, 0xffff, 0xffff, 0xffff, 0xffff, 0xffff, 0xffff, 0xffff,
    0xffff, 0xffff, 0xffff, 0xffff, 0xffff, 0xffff, 0xffff, 0xffdf, 0xffff, 0x9cd2, 0x39e7, 0x52cb,
    0x39c7, 0x630c, 0xffdf, 0xffdf, 0xffdf, 0xffff, 0xf7be, 0xffff, 0xdedb, 0x0861, 0x0000, 0x0020,
    0x0000, 0x0000, 0x0020, 0x0000, 0x2965, 0xce79, 0xa514, 0x4228, 0x0000, 0x0020, 0x0000, 0x0000,
    0x0000, 0x0841, 0x0000, 0x2104, 0xb5b6, 0xd6ba, 0x39c7, 0x52aa, 0x7bef, 0xffff, 0xf7be, 0xffdf,
    0xffff, 0xffff, 0xffff, 0xffff, 0xffff, 0xf7be, 0xffff, 0x7bcf, 0x9492, 0xffff, 0xf7be, 0xf7be,
    0xffdf, 0xffdf, 0xffff, 0xffff, 0xffff, 0xffff, 0xffff, 0xffff, 0xffff, 0xffff, 0xffff, 0xffff,
    0xffff, 0xffff, 0xffff, 0xffff, 0xffff, 0xffff, 0xffff, 0xffff, 0xffff, 0xffff, 0xffff, 0xffff,
    0xffff, 0xffff, 0xffff, 0xffff, 0xffdf, 0xf7be, 0xffff, 0x39c7, 0x2945, 0xffff, 0x3a07, 0x10a2,
    0x18e3, 0x0000, 0x0000, 0x0000, 0x0000, 0x0020, 0x0000, 0x1082, 0xe71c, 0xffff, 0xffdf, 0xffff,
    0xffff, 0xffff, 0xf7be, 0xd69a, 0x7bef, 0x630c, 0x9492, 0xef5d, 0xffff, 0xffdf, 0xffff, 0xffff,
    0xffff, 0xffff, 0xffff, 0xffdf, 0xffff, 0xffff, 0xffff, 0xffff, 0xffff, 0xffff, 0xffff, 0xffff,
    0xffff, 0xffff, 0xffff, 0xffff, 0xffdf, 0xffff, 0xffff, 0xdefb, 0xef7d, 0xffff, 0xf7be, 0xffff,
    0xffff, 0xffff, 0xf7be, 0xffff, 0xad95, 0x0000, 0x0841, 0x0020, 0x0000, 0x0000, 0x0000, 0x0000,
    0x1082, 0x5acb, 0x39c7, 0xce59, 0x632c, 0x0000, 0x0020, 0x0020, 0x0020, 0x0020, 0x0840, 0x0000,
    0x0000, 0x4a69, 0xb5b6, 0x8c51, 0x3186, 0xe73c, 0xffff, 0xf7be, 0xffdf, 0xffff, 0xffff, 0xffff,
    0xffdf, 0xf7be, 0xffff, 0x7bcf, 0x9492, 0xffff, 0xf7be, 0xf7be, 0xffdf, 0xffdf, 0xffff, 0xffff,
    0xffff, 0xffff, 0xffff, 0xffff, 0xffff, 0xffff, 0xffff, 0xffff, 0xffff, 0xffff, 0xffff, 0xffff,
    0xffff, 0xffff, 0xffff, 0xffff, 0xffff, 0xffff, 0xffff, 0xffff, 0xffff, 0xffff, 0xffff, 0xffff,
    0xffff, 0xffdf, 0xffff, 0x9cf3, 0x1082, 0xe71c, 0x31c6, 0x4228, 0x5aeb, 0x2124, 0x0000, 0x0000,
    0x0000, 0x0000, 0x0000, 0x0000, 0xa534, 0xffff, 0xf7be, 0xffff, 0xffff, 0xffff, 0xffff, 0xf7be,
    0xffff, 0xffff, 0xffff, 0xffff, 0xffff, 0xffff, 0xffff, 0xffff, 0xffff, 0xffff, 0xffff, 0xffff,
    0xffff, 0xffff, 0xffff, 0xffff, 0xffff, 0xffff, 0xffff, 0xffff, 0xffff, 0xffff, 0xffff, 0xffff,
    0xffff, 0xffdf, 0xffff, 0xffff, 0xffff, 0xffdf, 0xffff, 0xffff, 0xffff, 0xffff, 0xf79e, 0xffff,
    0x738e, 0x0000, 0x0841, 0x0000, 0x0000, 0x0000, 0x0020, 0x0000, 0x2966, 0xffdf, 0xb596, 0xad75,
    0xef5d, 0x0020, 0x0841, 0x0020, 0x0000, 0x0000, 0x0000, 0x0000, 0x0020, 0x0000, 0x0000, 0x5aeb,
    0x632c, 0x4228, 0xbe18, 0xffff, 0xffff, 0xffff, 0xffdf, 0xffdf, 0xffdf, 0xf7be, 0xffff, 0x7bef,
    0x94b2, 0xffff, 0xf79e, 0xf7be, 0xffdf, 0xffdf, 0xffff, 0xffff, 0xffff, 0xffff, 0xffff, 0xffff,
    0xffff, 0xffff, 0xffff, 0xffff, 0xffff, 0xffff, 0xffff, 0xffff, 0xffff, 0xffff, 0xffff, 0xffff,
    0xffff, 0xffff, 0xffff, 0xffff, 0xffff, 0xffff, 0xffff, 0xffff, 0xffff, 0xffff, 0xffdf, 0xf79e,
    0x2965, 0x8410, 0x4228, 0x7bef, 0x10a2, 0x8c71, 0x10a2, 0x0000, 0x0020, 0x0000, 0x0841, 0x0000,
    0x6b4d, 0xffff, 0xf79e, 0xffff, 0xffff, 0xffff, 0xffff, 0xffff, 0xffdf, 0xffdf, 0xffdf, 0xffdf,
    0xffff, 0xffff, 0xffff, 0xffff, 0xffff, 0xffff, 0xffff, 0xad75, 0xf79e, 0xffff, 0xffff, 0xffff,
    0xffff, 0xffff, 0xffff, 0xffff, 0xffff, 0xffff, 0xffff, 0xffff, 0xffff, 0xffff, 0xffff, 0xffff,
    0xffff, 0xffff, 0xffff, 0xffff, 0xffff, 0xffff, 0xffdf, 0xffdf, 0x31a6, 0x0000, 0x0841, 0x0000,
    0x0000, 0x0020, 0x0861, 0x0000, 0x7bef, 0xffff, 0xd6ba, 0xbdd7, 0xdedb, 0x0841, 0x0020, 0x0020,
    0x0000, 0x0000, 0x0000, 0x0000, 0x0000, 0x0020, 0x0000, 0x0000, 0x0000, 0x0020, 0x0000, 0x3186,
    0x8410, 0xbdd7, 0xf79e, 0xffdf, 0xffdf, 0xf7be, 0xffff, 0x8410, 0x9cb3, 0xffff, 0xf79e, 0xf7be,
    0xffdf, 0xffdf, 0xffff, 0xffff, 0xffff, 0xffff, 0xffff, 0xffff, 0xffff, 0xffff, 0xffff, 0xffff,
    0xffff, 0xffff, 0xffff, 0xffff, 0xffff, 0xffff, 0xffff, 0xffff, 0xffff, 0xffff, 0xffff, 0xffff,
    0xffff, 0xffff, 0xffff, 0xffff, 0xffff, 0xffff, 0xf7be, 0xffff, 0xb5b6, 0x0020, 0x528a, 0x9492,
    0x0000, 0x2965, 0x8430, 0x18c3, 0x0000, 0x0020, 0x0841, 0x0000, 0x31a6, 0xf7de, 0xf7be, 0xffdf,
    0xffff, 0xffff, 0xffff, 0xffff, 0xffff, 0xffff, 0xffff, 0xffff, 0xffff, 0xffff, 0xffff, 0xffff,
    0xffff, 0xffff, 0xffff, 0xb5b6, 0xf7be, 0xffff, 0xffff, 0xffff, 0xffff, 0xffff, 0xffff, 0xffff,
    0xffff, 0xffff, 0xffff, 0xffff, 0xffff, 0xffff, 0xffff, 0xffff, 0xffff, 0xffff, 0xffff, 0xffff,
    0xffff, 0xffdf, 0xffff, 0xce79, 0x0841, 0x0000, 0x0020, 0x0000, 0x0000, 0x0020, 0x0861, 0x0000,
    0x630c, 0xffff, 0xef9e, 0xf79e, 0xd69a, 0x0841, 0x0020, 0x0020, 0x0000, 0x0000, 0x0000, 0x0000,
    0x0000, 0x0000, 0x0000, 0x0861, 0x39c7, 0x2124, 0x4a69, 0x52aa, 0x7bcf, 0xbdf7, 0xf7be, 0xffdf,
    0xffdf, 0xf7be, 0xffff, 0x8410, 0x9cd3, 0xffff, 0xf79e, 0xf7be, 0xffdf, 0xffdf, 0xffff, 0xffff,
    0xffff, 0xffff, 0xffff, 0xffff, 0xffff, 0xffff, 0xffff, 0xffff, 0xffff, 0xffff, 0xffff, 0xffff,
    0xffff, 0xffff, 0xffff, 0xffff, 0xffff, 0xffff, 0xffff, 0xffff, 0xffff, 0xffff, 0xffff, 0xffff,
    0xffff, 0xffff, 0xffff, 0xffdf, 0xffff, 0x5aeb, 0x4228, 0x9492, 0x0000, 0x0000, 0x2124, 0x8450,
    0x3186, 0x0000, 0x0841, 0x0020, 0x0841, 0xd69a, 0xffff, 0xffdf, 0xffff, 0xffff, 0xffff, 0xffff,
    0xffff, 0xffff, 0xffff, 0xffff, 0xffff, 0xffff, 0xffff, 0xffff, 0xffff, 0xffff, 0xffff, 0xffff,
    0xffff, 0xffff, 0xffff, 0xffff, 0xffff, 0xffff, 0xffff, 0xffff, 0xffff, 0xffff, 0xffff, 0xffff,
    0xffff, 0xffff, 0xffff, 0xffff, 0xffff, 0xffff, 0xffff, 0xffff, 0xffdf, 0xf7be, 0xffff, 0x8410,
    0x0000, 0x0020, 0x0000, 0x0000, 0x0000, 0x0000, 0x0000, 0x0861, 0x6b4d, 0xef7d, 0xffff, 0xffff,
    0xc618, 0x0020, 0x0841, 0x0020, 0x0000, 0x0000, 0x0000, 0x0000, 0x0000, 0x0020, 0x0020, 0x0861,
    0xce79, 0x73ae, 0xf7be, 0xffff, 0xffff, 0xffff, 0xffdf, 0xffdf, 0xffdf, 0xf7be, 0xffff, 0x8430,
    0x9cf3, 0xffff, 0xf79e, 0xf7be, 0xffdf, 0xffdf, 0xffff, 0xffff, 0xffff, 0xffff, 0xffff, 0xffff,
    0xffff, 0xffff, 0xffff, 0xffff, 0xffff, 0xffff, 0xffff, 0xffff, 0xffff, 0xffff, 0xffff, 0xffff,
    0xffff, 0xffff, 0xffff, 0xffff, 0xffff, 0xffff, 0xffff, 0xffff, 0xffff, 0xffff, 0xffff, 0xffdf,
    0xffff, 0x52aa, 0x632c, 0x8430, 0x0000, 0x0841, 0x0000, 0x10a2, 0x73ae, 0x528a, 0x0841, 0x0841,
    0x0000, 0x9cb2, 0xffff, 0xf79e, 0xffdf, 0xffdf, 0xffff, 0xffff, 0xffff, 0xffff, 0xffff, 0xffff,
    0xffff, 0xffff, 0xffff, 0xffff, 0xffff, 0xffff, 0xffff, 0xffff, 0xffff, 0xffff, 0xffff, 0xffff,
    0xffff, 0xffff, 0xffff, 0xffff, 0xffff, 0xffff, 0xffff, 0xffff, 0xffff, 0xffff, 0xffff, 0xffff,
    0xffff, 0xffff, 0xffff, 0xffff, 0xffdf, 0xf7be, 0xf79e, 0x2945, 0x0020, 0x0020, 0x0000, 0x0000,
    0x0000, 0x0000, 0x0000, 0x2945, 0xce79, 0xf79e, 0xffdf, 0xffff, 0x94b2, 0x0000, 0x0841, 0x0020,
    0x0000, 0x0000, 0x0000, 0x0000, 0x0000, 0x0020, 0x0841, 0x0000, 0x94b3, 0x83f0, 0xce79, 0xffff,
    0xf7be, 0xffdf, 0xffff, 0xffff, 0xffff, 0xf7be, 0xffff, 0x8430, 0x9cd3, 0xffff, 0xf79e, 0xf7be,
    0xffdf, 0xffdf, 0xffff, 0xffff, 0xffff, 0xffff, 0xffff, 0xffff, 0xffff, 0xffff, 0xffff, 0xffff,
    0xffff, 0xffff, 0xffff, 0xffff, 0xffff, 0xffff, 0xffff, 0xffff, 0xffff, 0xffff, 0xffff, 0xffff,
    0xffff, 0xffff, 0xffff, 0xffff, 0xffff, 0xffff, 0xffdf, 0xffff, 0xe73c, 0x18e3, 0xe71c, 0x634c,
    0x0000, 0x0861, 0x0840, 0x0000, 0x0000, 0x4228, 0x4a49, 0x0020, 0x0000, 0x3186, 0xef7d, 0xffff,
    0xffdf, 0xffdf, 0xffff, 0xffff, 0xffff, 0xffff, 0xffff, 0xffff, 0xffff, 0xffff, 0xffff, 0xffff,
    0xffff, 0xffff, 0xffff, 0xffff, 0xffff, 0xffff, 0xffff, 0xffff, 0xffff, 0xffff, 0xffff, 0xffff,
    0xffff, 0xffff, 0xffff, 0xffff, 0xffff, 0xffff, 0xffff, 0xffff, 0xffff, 0xffff, 0xffff, 0xffff,
    0xffdf, 0xffff, 0xa514, 0x0000, 0x0020, 0x0020, 0x0000, 0x0000, 0x0000, 0x0020, 0x0000, 0x4a6a,
    0xffff, 0xc659, 0xf79e, 0xffdf, 0x39c7, 0x0000, 0x0020, 0x0000, 0x0000, 0x0000, 0x0000, 0x0000,
    0x0000, 0x0000, 0x0020, 0x0000, 0x528a, 0x9cf3, 0xbdd7, 0xffff, 0xffdf, 0xffff, 0xffff, 0xffff,
    0xffff, 0xf7be, 0xffff, 0x8410, 0x94b2, 0xffff, 0xf7be, 0xf7be, 0xffdf, 0xffdf, 0xffff, 0xffff,
    0xffff, 0xffff, 0xffff, 0xffff, 0xffff, 0xffff, 0xffff, 0xffff, 0xffff, 0xffff, 0xffff, 0xffff,
    0xffff, 0xffff, 0xffff, 0xffff, 0xffff, 0xffff, 0xffff, 0xffff, 0xffff, 0xffff, 0xffff, 0xffff,
    0xffff, 0xffff, 0xf7be, 0xffff, 0x94b2, 0x41e8, 0xffff, 0x31a6, 0x0000, 0x0841, 0x0020, 0x0020,
    0x0020, 0x0000, 0x0020, 0x4a69, 0x52aa, 0x0000, 0x3186, 0xad75, 0xef5d, 0xffff, 0xffff, 0xffff,
    0xffff, 0xffff, 0xffff, 0xffff, 0xffff, 0xffff, 0xffff, 0xffff, 0xffff, 0xffff, 0xffff, 0xffff,
    0xffff, 0xffff, 0xffff, 0xffff, 0xffff, 0xffff, 0xffff, 0xffff, 0xffff, 0xffff, 0xffff, 0xffff,
    0xffff, 0xffff, 0xffff, 0xffff, 0xffff, 0xffff, 0xffff, 0xf7be, 0xffff, 0xef7d, 0x2124, 0x0000,
    0x10a2, 0x0020, 0x0020, 0x0020, 0x0020, 0x0020, 0x0000, 0x630c, 0xad55, 0xce59, 0xffff, 0x9492,
    0x0000, 0x0020, 0x0000, 0x0000, 0x0000, 0x0000, 0x0000, 0x0000, 0x0000, 0x0000, 0x0000, 0x0000,
    0x10a2, 0xa534, 0xb5b6, 0xffff, 0xffdf, 0xffff, 0xffff, 0xffff, 0xffff, 0xf7be, 0xffff, 0x7bef,
    0x9492, 0xffff, 0xf7be, 0xf7be, 0xffdf, 0xffdf, 0xffff, 0xffff, 0xffff, 0xffff, 0xffff, 0xffff,
    0xffff, 0xffff, 0xffff, 0xffff, 0xffff, 0xffff, 0xffff, 0xffff, 0xffff, 0xffff, 0xffff, 0xffff,
    0xffff, 0xffff, 0xffff, 0xffff, 0xffff, 0xffff, 0xffff, 0xffff, 0xffff, 0xffdf, 0xf7be, 0xffff,
    0x4a49, 0xad35, 0xffdf, 0x18e3, 0x0000, 0x0020, 0x0000, 0x0000, 0x0000, 0x0861, 0x0000, 0x6b6d,
    0xe73c, 0x18e3, 0xa534, 0x94b2, 0xc638, 0xffff, 0xffff, 0xffff, 0xffff, 0xffff, 0xffff, 0xffff,
    0xffff, 0xffff, 0xffff, 0xffff, 0xffff, 0xffff, 0xffff, 0xffff, 0xffff, 0xffff, 0xffff, 0xffff,
    0xffff, 0xffff, 0xffff, 0xffff, 0xffff, 0xffff, 0xffff, 0xffff, 0xffff, 0xffff, 0xffff, 0xffff,
    0xffff, 0xffff, 0xffdf, 0xffdf, 0xffff, 0x52aa, 0x0000, 0x5acb, 0x7bcf, 0x0000, 0x0020, 0x0000,
    0x0000, 0x0020, 0x0000, 0x7bcf, 0xe73c, 0xffff, 0xb5b6, 0x0841, 0x0020, 0x0020, 0x0000, 0x0000,
    0x0000, 0x0000, 0x0000, 0x0000, 0x0000, 0x0000, 0x0000, 0x0820, 0x0000, 0x7bef, 0xb5b6, 0xffff,
    0xffdf, 0xffff, 0xffff, 0xffff, 0xffdf, 0xf7be, 0xffff, 0x7bef, 0x9492, 0xffff, 0xf7be, 0xf7be,
    0xffdf, 0xffdf, 0xffff, 0xffff, 0xffff, 0xffff, 0xffff, 0xffff, 0xffff, 0xffff, 0xffff, 0xffff,
    0xffff, 0xffff, 0xffff, 0xffff, 0xffff, 0xffff, 0xffff, 0xffff, 0xffff, 0xffff, 0xffff, 0xffff,
    0xffff, 0xffff, 0xffff, 0xffff, 0xffff, 0xffdf, 0xffff, 0xce59, 0x31a6, 0xffdf, 0xce79, 0x0020,
    0x0000, 0x0861, 0x0000, 0x0000, 0x0000, 0x0841, 0x0000, 0x5acb, 0xffdf, 0x3186, 0xce59, 0xffff,
    0xffdf, 0xffff, 0xffff, 0xffff, 0xffff, 0xffff, 0xffff, 0xffff, 0xffff, 0xffff, 0xffff, 0xffff,
    0xffff, 0xffff, 0xffff, 0xffff, 0xffff, 0xffff, 0xffff, 0xffff, 0xffff, 0xffff, 0xffff, 0xffff,
    0xffff, 0xffff, 0xffff, 0xffff, 0xffff, 0xffff, 0xffff, 0xffff, 0xffff, 0xffdf, 0xffff, 0xef7d,
    0x52aa, 0x0020, 0x7bef, 0xffff, 0x632c, 0x0000, 0x0841, 0x0000, 0x0020, 0x0020, 0x0861, 0xe71c,
    0xffff, 0xb596, 0x0861, 0x0020, 0x0020, 0x0000, 0x0000, 0x0000, 0x0000, 0x0000, 0x0000, 0x0020,
    0x0020, 0x0000, 0x0020, 0x0840, 0x0000, 0x2965, 0xbdf7, 0xf7be, 0xffdf, 0xffdf, 0xffff, 0xffff,
    0xffff, 0xf7be, 0xffff, 0x7bef, 0x9492, 0xffff, 0xf7be, 0xf7be, 0xffdf, 0xffdf, 0xffff, 0xffff,
    0xffff, 0xffff, 0xffff, 0xffff, 0xffff, 0xffff, 0xffff, 0xffff, 0xffff, 0xffff, 0xffff, 0xffff,
    0xffff, 0xffff, 0xffff, 0xffff, 0xffff, 0xffff, 0xffff, 0xffff, 0xffff, 0xffff, 0xffff, 0xffff,
    0xffdf, 0xffdf, 0xffff, 0x632c, 0x7bf0, 0xffff, 0x5aeb, 0x0000, 0x0000, 0x18e3, 0x0841, 0x0000,
    0x0000, 0x0841, 0x0000, 0x5acb, 0xffff, 0x6b4d, 0x73ae, 0xffff, 0xf7be, 0xffff, 0xffff, 0xffff,
    0xffff, 0xffff, 0xffff, 0xffff, 0xffff, 0xffff, 0xffff, 0xffff, 0xffff, 0xffff, 0xffff, 0xffdf,
    0xffff, 0xffff, 0xffff, 0xffdf, 0xffff, 0xffff, 0xffff, 0xffff, 0xffff, 0xffff, 0xffff, 0xffff,
    0xffff, 0xffff, 0xffff, 0xffff, 0xffdf, 0xffdf, 0xce38, 0x632c, 0x6b4d, 0xd6ba, 0xffff, 0xffff,
    0x39c7, 0x0000, 0x0841, 0x0000, 0x0841, 0x0000, 0x4208, 0xffff, 0x8c72, 0x0020, 0x0000, 0x0000,
    0x0000, 0x0000, 0x0000, 0x0000, 0x0000, 0x0020, 0x18e3, 0x0000, 0x0020, 0x0000, 0x0000, 0x0000,
    0x0000, 0x0000, 0x9492, 0xffff, 0xf7be, 0xffdf, 0xffff, 0xffff, 0xffdf, 0xf7be, 0xffff, 0x8410,
    0x94b2, 0xffff, 0xf79e, 0xf7be, 0xffdf, 0xffdf, 0xffff, 0xffff, 0xffff, 0xffff, 0xffff, 0xffff,
    0xffff, 0xffff, 0xffff, 0xffff, 0xffff, 0xffff, 0xffff, 0xffff, 0xffff, 0xffff, 0xffff, 0xffff,
    0xffff, 0xffff, 0xffff, 0xffff, 0xffff, 0xffff, 0xffff, 0xffff, 0xf7be, 0xffff, 0xdefb, 0x2965,
    0xf79e, 0xc638, 0x0020, 0x0841, 0x0000, 0x2965, 0x10a2, 0x0000, 0x0020, 0x0020, 0x0020, 0x18c3,
    0xa534, 0xc618, 0x4208, 0xf7be, 0xffdf, 0xffdf, 0xffdf, 0xffff, 0xffff, 0xffff, 0xffff, 0xffff,
    0xffff, 0xffff, 0xffff, 0xffff, 0xffff, 0xef5d, 0xef7d, 0xffff, 0xffff, 0xffff, 0xffff, 0xffff,
    0xf7be, 0xad55, 0xdefb, 0xffff, 0xffdf, 0xffff, 0xffff, 0xffff, 0xffff, 0xffff, 0xffff, 0xffff,
    0xffff, 0xffff, 0xef5d, 0xf79e, 0xffff, 0xffff, 0xf79e, 0xc618, 0x18e3, 0x0000, 0x0020, 0x0020,
    0x0020, 0x0000, 0x31a6, 0x4208, 0x0000, 0x0020, 0x0020, 0x0000, 0x0000, 0x0000, 0x0000, 0x0000,
    0x0000, 0x0020, 0x4a69, 0x18c3, 0x0000, 0x0000, 0x0000, 0x0000, 0x0020, 0x0000, 0x2965, 0xf79e,
    0xf7be, 0xffdf, 0xffff, 0xffff, 0xffff, 0xf7be, 0xffff, 0x8430, 0x9cd3, 0xffff, 0xf79e, 0xf7be,
    0xffdf, 0xffdf, 0xffff, 0xffff, 0xffff, 0xffff, 0xffff, 0xffff, 0xffff, 0xffff, 0xffff, 0xffff,
    0xffff, 0xffff, 0xffff, 0xffff, 0xffff, 0xffff, 0xffff, 0xffff, 0xffff, 0xffff, 0xffff, 0xffff,
    0xffff, 0xffff, 0xffff, 0xffff, 0xffdf, 0xffff, 0x52cb, 0x8c51, 0xf79e, 0x2124, 0x10a2, 0x0020,
    0x0000, 0x39c7, 0x2145, 0x0000, 0x0020, 0x0020, 0x0020, 0x0000, 0x0000, 0x3186, 0x18e3, 0xce39,
    0xffff, 0xf7be, 0xffdf, 0xffdf, 0xffdf, 0xffff, 0xffff, 0xffff, 0xffff, 0xffff, 0xffff, 0xffdf,
    0xffff, 0xce79, 0x632c, 0x8430, 0xd6ba, 0xffff, 0xe73c, 0x8c71, 0x630c, 0x738e, 0xef5d, 0xffdf,
    0xffdf, 0xffdf, 0xffdf, 0xffff, 0xffff, 0xffff, 0xffff, 0xffff, 0xffff, 0xffff, 0xffff, 0xffff,
    0xf7be, 0xffff, 0x8c92, 0x7bcf, 0x0841, 0x0000, 0x0000, 0x0000, 0x0000, 0x0000, 0x0000, 0x0000,
    0x0020, 0x0000, 0x0000, 0x0000, 0x0000, 0x0000, 0x0000, 0x0020, 0x0000, 0x0861, 0x5aeb, 0x7bcf,
    0x0841, 0x0000, 0x0000, 0x0000, 0x0000, 0x0841, 0x0000, 0xa534, 0xffff, 0xffdf, 0xffff, 0xffff,
    0xffff, 0xf7be, 0xffff, 0x8430, 0x9cd3, 0xffff, 0xf79e, 0xf7be, 0xffdf, 0xffdf, 0xffff, 0xffff,
    0xffff, 0xffff, 0xffff, 0xffff, 0xffff, 0xffff, 0xffff, 0xffff, 0xffff, 0xffff, 0xffff, 0xffff,
    0xffff, 0xffff, 0xffff, 0xffff, 0xffff, 0xffff, 0xffff, 0xffff, 0xffff, 0xffff, 0xffff, 0xf7be,
    0xffff, 0xb5d6, 0x39e7, 0xffff, 0x39c7, 0x632c, 0x2965, 0x0000, 0x0000, 0x39e7, 0x39c7, 0x0000,
    0x0020, 0x0000, 0x0000, 0x0000, 0x0000, 0x0000, 0x0000, 0x630c, 0xffff, 0xf79e, 0xffdf, 0xffff,
    0xffff, 0xffff, 0xffff, 0xffff, 0xffff, 0xffff, 0xffff, 0xffff, 0xffff, 0xffff, 0xf7be, 0xce79,
    0xdefc, 0xffff, 0xef7d, 0xce79, 0xef5d, 0xffff, 0xffff, 0xffdf, 0xffdf, 0xffdf, 0xffff, 0xffff,
    0xffff, 0xffff, 0xffff, 0xffff, 0xffff, 0xffff, 0xffff, 0xf7be, 0xffff, 0xbdf7, 0x2104, 0x4228,
    0x0000, 0x0000, 0x0000, 0x0000, 0x0000, 0x0000, 0x0000, 0x0000, 0x0000, 0x0000, 0x0000, 0x0000,
    0x0000, 0x0000, 0x0000, 0x0020, 0x0000, 0x10a2, 0x52aa, 0x9cf4, 0x8410, 0x0000, 0x0841, 0x0000,
    0x0000, 0x0020, 0x0000, 0x3186, 0xffdf, 0xffff, 0xffdf, 0xffff, 0xffff, 0xf7be, 0xffff, 0x8410,
    0x9cb3, 0xffff, 0xf79e, 0xf7be, 0xffdf, 0xffdf, 0xffff, 0xffff, 0xffff, 0xffff, 0xffff, 0xffff,
    0xffff, 0xffff, 0xffff, 0xffff, 0xffff, 0xffff, 0xffff, 0xffff, 0xffff, 0xffff, 0xffff, 0xffff,
    0xffff, 0xffff, 0xffff, 0xffff, 0xffff, 0xffff, 0xffdf, 0xffdf, 0xf79e, 0x31a6, 0xd6ba, 0x5aeb,
    0x630c, 0xbdf7, 0x0000, 0x0861, 0x0000, 0x2965, 0x52aa, 0x0000, 0x0020, 0x0000, 0x0000, 0x0000,
    0x0000, 0x0020, 0x0020, 0x0020, 0xb596, 0xffff, 0xf7be, 0xffff, 0xffff, 0xffff, 0xffff, 0xffff,
    0xffff, 0xffff, 0xffff, 0xffff, 0xffff, 0xffff, 0xffff, 0xffff, 0xffff, 0xffff, 0xffff, 0xffff,
    0xffff, 0xffdf, 0xffff, 0xffff, 0xffff, 0xffff, 0xffff, 0xffff, 0xffff, 0xffff, 0xffff, 0xffff,
    0xffff, 0xffff, 0xffdf, 0xffff, 0xdedb, 0x18e4, 0x0000, 0x0000, 0x0000, 0x0000, 0x0000, 0x0000,
    0x0000, 0x0000, 0x0000, 0x0000, 0x0000, 0x0000, 0x0000, 0x0000, 0x0000, 0x0000, 0x0000, 0x0000,
    0x0000, 0x1082, 0x5acb, 0x73ae, 0xffdf, 0x2945, 0x0000, 0x0840, 0x0020, 0x0020, 0x0841, 0x0000,
    0x9cd3, 0xffff, 0xf79e, 0xffdf, 0xffdf, 0xf7be, 0xffff, 0x8410, 0x94b2, 0xffff, 0xf79e, 0xf7be,
    0xffdf, 0xffdf, 0xffff, 0xffff, 0xffff, 0xffff, 0xffff, 0xffff, 0xffff, 0xffff, 0xffff, 0xffff,
    0xffff, 0xffff, 0xffff, 0xffff, 0xffff, 0xffff, 0xffff, 0xffff, 0xffff, 0xffff, 0xffff, 0xffff,
    0xffff, 0xffdf, 0xffdf, 0xffff, 0x52aa, 0x7bf0, 0x7bef, 0x39a7, 0xffff, 0x73ce, 0x0000, 0x0861,
    0x0000, 0x18e3, 0x6b4d, 0x0000, 0x0020, 0x0000, 0x0000, 0x0000, 0x0000, 0x0000, 0x0000, 0x0020,
    0x1082, 0xc638, 0xffff, 0xf7be, 0xffff, 0xffff, 0xffff, 0xffff, 0xffff, 0xffff, 0xffff, 0xffff,
    0xffff, 0xffff, 0xffff, 0xffff, 0xffff, 0xffff, 0xffff, 0xffff, 0xffff, 0xffff, 0xffff, 0xffff,
    0xffff, 0xffff, 0xffff, 0xffff, 0xffff, 0xffff, 0xffff, 0xffdf, 0xffdf, 0xf79e, 0xffff, 0xd69a,
    0x2124, 0x0000, 0x0020, 0x0000, 0x0000, 0x0000, 0x0000, 0x0000, 0x0000, 0x0020, 0x0000, 0x0000,
    0x0000, 0x0000, 0x0000, 0x0000, 0x0000, 0x0000, 0x0000, 0x0000, 0x0020, 0x0841, 0x632c, 0x632c,
    0xffff, 0xb5b6, 0x0000, 0x0020, 0x0020, 0x0000, 0x0840, 0x0000, 0x18c3, 0xe71c, 0xffdf, 0xf7bf,
    0xffdf, 0xf7be, 0xffff, 0x7bef, 0x9492, 0xffff, 0xf7be, 0xf7be, 0xffdf, 0xffdf, 0xffff, 0xffff,
    0xffff, 0xffff, 0xffff, 0xffff, 0xffff, 0xffff, 0xffff, 0xffff, 0xffff, 0xffff, 0xffff, 0xffff,
    0xffff, 0xffff, 0xffff, 0xffff, 0xffff, 0xffff, 0xffff, 0xffff, 0xffff, 0xf7be, 0xffff, 0x9492,
    0x4a6a, 0x8410, 0x31a6, 0xf79e, 0xf7be, 0x3186, 0x0000, 0x0020, 0x0020, 0x0841, 0x7bef, 0x0861,
    0x0000, 0x0000, 0x0000, 0x0000, 0x0000, 0x0000, 0x0000, 0x0020, 0x0000, 0x1082, 0xbdf7, 0xffff,
    0xffdf, 0xffdf, 0xffff, 0xffff, 0xffff, 0xffff, 0xffff, 0xffff, 0xffff, 0xffff, 0xffff, 0xffff,
    0xffff, 0xffff, 0xffff, 0xffff, 0xffff, 0xffff, 0xffff, 0xffff, 0xffff, 0xffff, 0xffff, 0xffff,
    0xffff, 0xffff, 0xffff, 0xffdf, 0xffdf, 0xffff, 0xbdd7, 0x10a2, 0x0000, 0x0020, 0x0000, 0x0000,
    0x0000, 0x0000, 0x0000, 0x0000, 0x1082, 0x18e3, 0x0000, 0x0000, 0x0000, 0x0000, 0x0000, 0x0000,
    0x0000, 0x0000, 0x0000, 0x0000, 0x0020, 0x0000, 0x630c, 0x5acb, 0xf7be, 0xffff, 0x5aeb, 0x0000,
    0x0841, 0x0000, 0x0000, 0x0020, 0x0000, 0x6b8e, 0xffff, 0xf7be, 0xffdf, 0xf7be, 0xffff, 0x7bcf,
    0x9472, 0xffff, 0xf7be, 0xf7be, 0xffdf, 0xffdf, 0xffff, 0xffff, 0xffff, 0xffff, 0xffff, 0xffff,
    0xffff, 0xffff, 0xffff, 0xffff, 0xffff, 0xffff, 0xffff, 0xffff, 0xffff, 0xffff, 0xffff, 0xffff,
    0xffff, 0xffff, 0xffff, 0xffff, 0xf7be, 0xffff, 0xc618, 0x31a6, 0x632c, 0x4228, 0xef7d, 0xffff,
    0xc618, 0x0000, 0x0000, 0x0000, 0x0020, 0x0000, 0x6b4d, 0x2965, 0x0000, 0x0000, 0x0000, 0x0000,
    0x0000, 0x0000, 0x0000, 0x0000, 0x0840, 0x0000, 0x0841, 0x9492, 0xffff, 0xffff, 0xffdf, 0xffdf,
    0xffff, 0xffff, 0xffff, 0xffff, 0xffff, 0xffff, 0xffff, 0xffff, 0xffff, 0xffff, 0xffff, 0xffff,
    0xffff, 0xffff, 0xffff, 0xffff, 0xffff, 0xffff, 0xffff, 0xffff, 0xffff, 0xffff, 0xffdf, 0xffff,
    0xffdf, 0x8410, 0x0020, 0x0000, 0x0020, 0x0000, 0x0000, 0x0000, 0x0000, 0x0000, 0x0000, 0x0000,
    0x39c7, 0x1903, 0x0000, 0x0000, 0x0000, 0x0000, 0x0000, 0x0000, 0x0000, 0x0000, 0x0000, 0x0000,
    0x0020, 0x0000, 0x632c, 0x528a, 0xe71c, 0xffff, 0xe71c, 0x10a2, 0x0000, 0x0020, 0x0020, 0x0820,
    0x0841, 0x0821, 0xd69a, 0xffff, 0xf7be, 0xf7be, 0xffff, 0x7bef, 0x94b2, 0xffff, 0xf7be, 0xf7be,
    0xffdf, 0xffdf, 0xffff, 0xffff, 0xffff, 0xffff, 0xffff, 0xffff, 0xffff, 0xffff, 0xffff, 0xffff,
    0xffff, 0xffff, 0xffff, 0xffff, 0xffff, 0xffff, 0xffff, 0xffff, 0xffff, 0xffff, 0xffff, 0xffdf,
    0xffff, 0xce59, 0x18c3, 0x18e3, 0x5aab, 0xf79e, 0xf79e, 0xffff, 0x73ae, 0x0000, 0x0020, 0x0000,
    0x0020, 0x0000, 0x4a49, 0x630c, 0x0000, 0x0020, 0x0000, 0x0000, 0x0000, 0x0000, 0x0000, 0x0020,
    0x0020, 0x0820, 0x0020, 0x0000, 0x4a69, 0xdedb, 0xffff, 0xffdf, 0xffdf, 0xffff, 0xffff, 0xffff,
    0xffff, 0xffff, 0xffff, 0xffff, 0xffff, 0xffff, 0xffff, 0xffff, 0xffff, 0xffff, 0xffff, 0xffff,
    0xffff, 0xffff, 0xffff, 0xffff, 0xffdf, 0xffff, 0xffff, 0xce59, 0x39e8, 0x0000, 0x0020, 0x0000,
    0x0000, 0x0000, 0x0000, 0x0000, 0x0000, 0x0000, 0x0000, 0x0020, 0x5aeb, 0x0841, 0x0000, 0x0000,
    0x0000, 0x0000, 0x0000, 0x0000, 0x0000, 0x0000, 0x0000, 0x0000, 0x0020, 0x0000, 0x52aa, 0x6b6d,
    0xd69a, 0xffff, 0xffff, 0x8410, 0x0000, 0x0841, 0x0000, 0x0000, 0x0020, 0x10a2, 0x5acb, 0xffff,
    0xf7be, 0xf7be, 0xffff, 0x8430, 0x9cd3, 0xffff, 0xf79e, 0xf7be, 0xffdf, 0xffdf, 0xffff, 0xffff,
    0xffff, 0xffff, 0xffff, 0xffff, 0xffff, 0xffff, 0xffff, 0xffff, 0xffff, 0xffff, 0xffff, 0xffff,
    0xffff, 0xffff, 0xffff, 0xffff, 0xffff, 0xffff, 0xf7be, 0xffff, 0xdefb, 0x18e3, 0x0000, 0x6b4d,
    0xffdf, 0xffdf, 0xf7be, 0xf79e, 0x2965, 0x0000, 0x0841, 0x0000, 0x0020, 0x0000, 0x10a2, 0x8c71,
    0x0020, 0x0020, 0x0020, 0x0000, 0x0000, 0x0000, 0x0000, 0x0000, 0x0000, 0x0000, 0x0000, 0x0020,
    0x0000, 0x1082, 0x8c51, 0xf79e, 0xffff, 0xffdf, 0xffdf, 0xffff, 0xffff, 0xffff, 0xffff, 0xffff,
    0xffff, 0xffff, 0xffff, 0xffff, 0xffff, 0xffff, 0xffff, 0xffff, 0xffdf, 0xffdf, 0xffdf, 0xffff,
    0xffff, 0xe73c, 0x6b6d, 0x0841, 0x0000, 0x0840, 0x0020, 0x0000, 0x0000, 0x0000, 0x0000, 0x0000,
    0x0000, 0x0020, 0x0000, 0x2945, 0x630c, 0x0000, 0x0020, 0x0000, 0x0000, 0x0000, 0x0000, 0x0000,
    0x0000, 0x0000, 0x0000, 0x0000, 0x0020, 0x0000, 0x31a6, 0x8430, 0xad55, 0xffff, 0xf79e, 0xdedb,
    0x1082, 0x0020, 0x0020, 0x0000, 0x0000, 0x630c, 0x39c7, 0xce59, 0xffff, 0xf79e, 0xffff, 0x8430,
    0x9cd3, 0xffff, 0xf79e, 0xf7be, 0xffdf, 0xffdf, 0xffff, 0xffff, 0xffff, 0xffff, 0xffff, 0xffff,
    0xffff, 0xffff, 0xffff, 0xffff, 0xffff, 0xffff, 0xffff, 0xffff, 0xffff, 0xffff, 0xffff, 0xffff,
    0xffff, 0xffdf, 0xffff, 0xdefb, 0x2124, 0x0000, 0x8c71, 0xffff, 0xffdf, 0xf7be, 0xffff, 0xb5d6,
    0x0000, 0x0020, 0x0020, 0x0000, 0x0000, 0x0020, 0x0000, 0x7bef, 0x31a6, 0x0000, 0x0020, 0x0000,
    0x0000, 0x0000, 0x0000, 0x0000, 0x0000, 0x0000, 0x0000, 0x0000, 0x0020, 0x0000, 0x0000, 0x3186,
    0xad75, 0xffff, 0xffff, 0xffdf, 0xffff, 0xffff, 0xffff, 0xffff, 0xffff, 0xffff, 0xffff, 0xffff,
    0xffff, 0xffff, 0xffff, 0xffdf, 0xffbe, 0xffff, 0xffff, 0xef5d, 0x7bcf, 0x2124, 0x0000, 0x0000,
    0x0020, 0x0000, 0x0000, 0x0000, 0x0000, 0x0000, 0x0000, 0x0000, 0x0000, 0x0020, 0x0000, 0x6b4d,
    0x39e7, 0x0000, 0x0020, 0x0000, 0x0000, 0x0000, 0x0000, 0x0000, 0x0000, 0x0000, 0x0000, 0x0000,
    0x0000, 0x0000, 0x10a3, 0x8c71, 0x94b2, 0xffff, 0xef7d, 0xffff, 0x4228, 0x0000, 0x0020, 0x0020,
    0x0000, 0x528a, 0x8410, 0x5aeb, 0xffff, 0xef5d, 0xffff, 0x8430, 0x94b2, 0xffff, 0xf79e, 0xf7be,
    0xffdf, 0xffdf, 0xffff, 0xffff, 0xffff, 0xffff, 0xffff, 0xffff, 0xffff, 0xffff, 0xffff, 0xffff,
    0xffff, 0xffff, 0xffff, 0xffff, 0xffff, 0xffff, 0xffff, 0xffff, 0xf7be, 0xffff, 0xd69a, 0x18c3,
    0x0861, 0xb5b6, 0xffff, 0xf7be, 0xffdf, 0xffdf, 0xffff, 0x630c, 0x0000, 0x0020, 0x0000, 0x0000,
    0x0000, 0x0000, 0x0000, 0x3186, 0x7bcf, 0x0000, 0x0000, 0x0000, 0x0000, 0x0000, 0x0000, 0x0000,
    0x0000, 0x0000, 0x0000, 0x0000, 0x0000, 0x0000, 0x0020, 0x0000, 0x0000, 0x4a49, 0xc618, 0xffff,
    0xffff, 0xffff, 0xffff, 0xffff, 0xffff, 0xffff, 0xffff, 0xffff, 0xffff, 0xffdf, 0xffdf, 0xffff,
    0xffff, 0xe73c, 0x7c10, 0x18e3, 0x5aec, 0xad55, 0x0841, 0x0000, 0x0000, 0x0000, 0x0000, 0x0000,
    0x0000, 0x0000, 0x0000, 0x0000, 0x0000, 0x0000, 0x0861, 0x8c72, 0x0861, 0x0000, 0x0000, 0x0000,
    0x0000, 0x0000, 0x0000, 0x0000, 0x0000, 0x0000, 0x0000, 0x0000, 0x0000, 0x0841, 0x0000, 0x9cd3,
    0x9cf3, 0xffdf, 0xf79e, 0xffff, 0x5acb, 0x0000, 0x0020, 0x0020, 0x0000, 0x2945, 0xd6ba, 0x2945,
    0xe71c, 0xffdf, 0xffff, 0x8430, 0x94b2, 0xffff, 0xf79e, 0xf7be, 0xffdf, 0xffdf, 0xffff, 0xffff,
    0xffff, 0xffff, 0xffff, 0xffff, 0xffff, 0xffff, 0xffff, 0xffff, 0xffff, 0xffff, 0xffff, 0xffff,
    0xffff, 0xffff, 0xffff, 0xf7be, 0xffff, 0xce79, 0x0861, 0x2124, 0xd69a, 0xffff, 0xf7be, 0xffff,
    0xf7be, 0xffff, 0xe71c, 0x10a2, 0x0020, 0x0020, 0x0000, 0x0000, 0x0000, 0x0000, 0x0020, 0x0000,
    0x7c10, 0x2945, 0x0000, 0x0020, 0x0020, 0x0000, 0x0000, 0x0000, 0x0000, 0x0000, 0x0000, 0x0000,
    0x0000, 0x0000, 0x0000, 0x0000, 0x0000, 0x0000, 0x0000, 0x528a, 0xc618, 0xffff, 0xffff, 0xffff,
    0xffdf, 0xffdf, 0xffdf, 0xffdf, 0xffff, 0xffff, 0xffff, 0xdefb, 0x738e, 0x0861, 0x2945, 0xb5b6,
    0xffff, 0xce58, 0x0000, 0x0020, 0x0000, 0x0000, 0x0000, 0x0000, 0x0000, 0x0000, 0x0000, 0x0000,
    0x0020, 0x0000, 0x4a69, 0x6b8e, 0x0000, 0x0841, 0x0000, 0x0000, 0x0000, 0x0000, 0x0000, 0x0000,
    0x0000, 0x0000, 0x0000, 0x0000, 0x0020, 0x0841, 0x0000, 0x8410, 0xd69a, 0xef7d, 0xf7be, 0xffff,
    0x4228, 0x0000, 0x0020, 0x0000, 0x0000, 0x18c3, 0xffdf, 0x4a69, 0x9492, 0xffff, 0xffff, 0x8410,
    0x94b2, 0xffff, 0xf7be, 0xf7be, 0xffdf, 0xffdf, 0xffff, 0xffff, 0xffff, 0xffff, 0xffff, 0xffff,
    0xffff, 0xffff, 0xffff, 0xffff, 0xffff, 0xffff, 0xffff, 0xffff, 0xffff, 0xffff, 0xffdf, 0xffff,
    0xbdf7, 0x0020, 0x4a69, 0xef7d, 0xffff, 0xffdf, 0xffff, 0xffff, 0xf7be, 0xffff, 0x7bcf, 0x0000,
    0x0841, 0x0000, 0x0000, 0x0000, 0x0000, 0x0000, 0x0020, 0x0000, 0x2965, 0x8c51, 0x0000, 0x0020,
    0x0020, 0x0000, 0x0000, 0x0000, 0x0000, 0x0000, 0x0000, 0x0000, 0x0000, 0x0000, 0x0000, 0x0000,
    0x0000, 0x0020, 0x0020, 0x0000, 0x0000, 0x4a49, 0xad55, 0xf79e, 0xffff, 0xffff, 0xffff, 0xffff,
    0xf79e, 0xbdd7, 0x630c, 0x0000, 0x0020, 0x8410, 0xffdf, 0xffff, 0xffdf, 0xb5b6, 0x0000, 0x0841,
    0x0000, 0x0000, 0x0000, 0x0000, 0x0000, 0x0000, 0x0000, 0x0020, 0x0020, 0x0000, 0x8c71, 0x2124,
    0x0000, 0x0020, 0x0000, 0x0000, 0x0000, 0x0000, 0x0000, 0x0000, 0x0000, 0x0000, 0x0000, 0x0000,
    0x0020, 0x0841, 0x0000, 0x528a, 0xf7be, 0xef7d, 0xffdf, 0xef7d, 0x2104, 0x0000, 0x0020, 0x0000,
    0x0000, 0x18e3, 0xffff, 0x94d2, 0x52aa, 0xffff, 0xffff, 0x7bef, 0x9492, 0xffff, 0xf7be, 0xf7be,
    0xffdf, 0xffdf, 0xffff, 0xffff, 0xffff, 0xffff, 0xffff, 0xffff, 0xffff, 0xffff, 0xffff, 0xffff,
    0xffff, 0xffff, 0xffff, 0xffff, 0xffff, 0xf7be, 0xffff, 0xa514, 0x0000, 0x73ae, 0xffff, 0xffff,
    0xffdf, 0xffff, 0xffff, 0xffdf, 0xffff, 0xe73c, 0x18c3, 0x0000, 0x0020, 0x0000, 0x0000, 0x0000,
    0x0000, 0x0020, 0x0020, 0x0841, 0x0000, 0x738e, 0x630c, 0x0000, 0x0020, 0x0000, 0x0000, 0x0000,
    0x0000, 0x0000, 0x0000, 0x0000, 0x0000, 0x0000, 0x0000, 0x0000, 0x0000, 0x0020, 0x0020, 0x0820,
    0x0840, 0x0000, 0x0000, 0x2965, 0x7bef, 0xad75, 0xa534, 0x6b6d, 0x2965, 0x0000, 0x0000, 0x632c,
    0xe71c, 0xffff, 0xffff, 0xf79e, 0xffff, 0xb5b6, 0x0000, 0x0000, 0x0020, 0x0020, 0x0000, 0x0000,
    0x0000, 0x0000, 0x0000, 0x0020, 0x0000, 0x31a6, 0x8430, 0x0000, 0x0000, 0x0000, 0x0000, 0x0000,
    0x0000, 0x0000, 0x0000, 0x0000, 0x0000, 0x0000, 0x0000, 0x0000, 0x0000, 0x0020, 0x0000, 0x2945,
    0xef5d, 0xef7d, 0xffff, 0xbe18, 0x0020, 0x0841, 0x0020, 0x0020, 0x0000, 0x3166, 0xffff, 0xd69a,
    0x4208, 0xf7be, 0xffff, 0x7bef, 0x9492, 0xffff, 0xf7be, 0xf7be, 0xffdf, 0xffdf, 0xffff, 0xffff,
    0xffff, 0xffff, 0xffff, 0xffff, 0xffff, 0xffff, 0xffff, 0xffff, 0xffff, 0xffff, 0xffff, 0xffff,
    0xf7be, 0xffff, 0x9cd3, 0x0000, 0x9492, 0xffff, 0xf7be, 0xf7bf, 0xffdf, 0xffdf, 0xffdf, 0xf79e,
    0xffff, 0x8c71, 0x0000, 0x0020, 0x0000, 0x0000, 0x0000, 0x0000, 0x0000, 0x0020, 0x0020, 0x0020,
    0x0020, 0x0020, 0x9cd3, 0x2965, 0x0000, 0x0020, 0x0000, 0x0000, 0x0000, 0x0000, 0x0000, 0x0000,
    0x0000, 0x0000, 0x0000, 0x0000, 0x0000, 0x0020, 0x0841, 0x0000, 0x39e8, 0x73ae, 0x0000, 0x0000,
    0x0000, 0x0000, 0x0000, 0x0000, 0x0000, 0x39e8, 0xc618, 0xffff, 0xffff, 0xffdf, 0xffdf, 0xf79e,
    0xffff, 0xbdf7, 0x18c3, 0x31c7, 0x0020, 0x0000, 0x0000, 0x0000, 0x0000, 0x0000, 0x0000, 0x0020,
    0x0000, 0x8c51, 0x39e7, 0x0000, 0x0020, 0x0000, 0x0000, 0x0000, 0x0000, 0x0000, 0x0000, 0x0000,
    0x0000, 0x0000, 0x0000, 0x0000, 0x0000, 0x0020, 0x0000, 0x10a2, 0xe73c, 0xffdf, 0xffff, 0x7bcf,
    0x0000, 0x0841, 0x0020, 0x0841, 0x0000, 0x5acb, 0xffff, 0xef9d, 0x4208, 0xe71c, 0xffff, 0x8410,
    0x94b2, 0xffff, 0xf79e, 0xf7be, 0xffdf, 0xffdf, 0xffff, 0xffff, 0xffff, 0xffff, 0xffff, 0xffff,
    0xffff, 0xffff, 0xffff, 0xffff, 0xffff, 0xffff, 0xffff, 0xffdf, 0xffff, 0x94b2, 0x0000, 0xad75,
    0xffff, 0xf7be, 0xffdf, 0xffdf, 0xffdf, 0xffdf, 0xffdf, 0xffdf, 0xef7d, 0x2124, 0x0020, 0x0840,
    0x0020, 0x0000, 0x0000, 0x0000, 0x0000, 0x0000, 0x0000, 0x0000, 0x0000, 0x0000, 0x18e3, 0x9cd3,
    0x18c3, 0x0000, 0x0020, 0x0000, 0x0000, 0x0000, 0x0000, 0x0000, 0x0000, 0x0000, 0x0000, 0x0000,
    0x0000, 0x0000, 0x0841, 0x0000, 0x2124, 0xffff, 0xbdd7, 0x4228, 0x0020, 0x0000, 0x0000, 0x39c7,
    0xa534, 0xffff, 0xffff, 0xf79e, 0xf7be, 0xffff, 0xffff, 0xffdf, 0xdedb, 0x73ce, 0x0861, 0x62ec,
    0x632c, 0x0000, 0x0020, 0x0000, 0x0000, 0x0000, 0x0020, 0x0000, 0x2945, 0x94d3, 0x0020, 0x0020,
    0x0020, 0x0000, 0x0000, 0x0000, 0x0000, 0x0000, 0x0000, 0x0000, 0x0000, 0x0000, 0x0000, 0x0000,
    0x0000, 0x0000, 0x0000, 0x1082, 0xe73c, 0xffff, 0xe73c, 0x2104, 0x0000, 0x0020, 0x0020, 0x0020,
    0x0000, 0x94b2, 0xffff, 0xffff, 0x4a49, 0xd69a, 0xffff, 0x7bf0, 0x94b2, 0xffff, 0xf79e, 0xf7be,
    0xffdf, 0xffdf, 0xffff, 0xffff, 0xffff, 0xffff, 0xffff, 0xffff, 0xffff, 0xffff, 0xffff, 0xffff,
    0xffff, 0xffff, 0xf7be, 0xffff, 0x9cf3, 0x0000, 0xb5b6, 0xffff, 0xf7be, 0xffff, 0xffff, 0xffff,
    0xffff, 0xffdf, 0xffdf, 0xffff, 0x8410, 0x0000, 0x0841, 0x0020, 0x0000, 0x0000, 0x0000, 0x0000,
    0x0000, 0x0000, 0x0000, 0x0020, 0x0000, 0x0020, 0x0000, 0x2965, 0x9492, 0x18e3, 0x0000, 0x0020,
    0x0000, 0x0000, 0x0000, 0x0000, 0x0000, 0x0000, 0x0000, 0x0000, 0x0000, 0x0000, 0x0020, 0x0861,
    0x1082, 0xe71c, 0xffff, 0xffff, 0xbdf7, 0x7bef, 0xb596, 0xffff, 0xffff, 0xffdf, 0xffff, 0xffff,
    0xffff, 0xce79, 0x8430, 0x39e7, 0x0861, 0x0000, 0x0000, 0x0841, 0x7bae, 0x0000, 0x0020, 0x0000,
    0x0000, 0x0000, 0x0020, 0x0000, 0x7bf0, 0x4a49, 0x0000, 0x0020, 0x0000, 0x0000, 0x0000, 0x0000,
    0x0000, 0x0000, 0x0000, 0x0000, 0x0000, 0x0000, 0x0000, 0x0000, 0x0000, 0x0000, 0x0000, 0x0861,
    0xdedb, 0xffff, 0x7bcf, 0x0000, 0x0841, 0x0000, 0x0020, 0x0000, 0x0861, 0xd6ba, 0xffdf, 0xffff,
    0x4a49, 0xce79, 0xffff, 0x8410, 0x94b2, 0xffff, 0xf79e, 0xf7be, 0xffdf, 0xffdf, 0xffff, 0xffff,
    0xffff, 0xffff, 0xffff, 0xffff, 0xffff, 0xffff, 0xffff, 0xffff, 0xffff, 0xf7be, 0xffff, 0xbdd7,
    0x0000, 0xa534, 0xffff, 0xf7be, 0xffff, 0xffff, 0xffff, 0xffff, 0xffff, 0xf7be, 0xffff, 0xdefb,
    0x1082, 0x0020, 0x0000, 0x0000, 0x0000, 0x0000, 0x0000, 0x0000, 0x0000, 0x0000, 0x0841, 0x10a2,
    0x0000, 0x0000, 0x0020, 0x0000, 0x2944, 0x8410, 0x3186, 0x0000, 0x0000, 0x0000, 0x0000, 0x0000,
    0x0000, 0x0000, 0x0000, 0x0000, 0x0000, 0x1082, 0x4208, 0x18e3, 0x0020, 0xdedb, 0xffff, 0xffdf,
    0xffff, 0xffff, 0xffff, 0xffdf, 0xffff, 0xffff, 0xef5d, 0x9cd3, 0x4208, 0x0841, 0x0000, 0x0000,
    0x0000, 0x0020, 0x0000, 0x18c3, 0x7bef, 0x0000, 0x0020, 0x0020, 0x0820, 0x0840, 0x0000, 0x18c3,
    0x8c71, 0x0020, 0x0000, 0x0000, 0x0000, 0x0000, 0x0000, 0x0000, 0x0000, 0x0000, 0x0000, 0x0000,
    0x0000, 0x0000, 0x0000, 0x0000, 0x0000, 0x0020, 0x0000, 0x0841, 0xdefc, 0xef5d, 0x10a2, 0x0000,
    0x0020, 0x0000, 0x0841, 0x0000, 0x6b4d, 0xffff, 0xef7d, 0xffff, 0x528a, 0xdedb, 0xffff, 0x8410,
    0x94b2, 0xffff, 0xf79e, 0xf7be, 0xffdf, 0xffdf, 0xffff, 0xffff, 0xffff, 0xffff, 0xffff, 0xffff,
    0xffff, 0xffff, 0xffff, 0xffff, 0xffdf, 0xffdf, 0xdefb, 0x0020, 0x8431, 0xffff, 0xf79e, 0xffff,
    0xffff, 0xffff, 0xffff, 0xffff, 0xffdf, 0xf79e, 0xffff, 0x5acb, 0x0000, 0x0841, 0x0000, 0x0000,
    0x0000, 0x0000, 0x0000, 0x0020, 0x0020, 0x0000, 0x3186, 0x1082, 0x0020, 0x0020, 0x0020, 0x0840,
    0x0000, 0x0841, 0x4a69, 0x2985, 0x0000, 0x0000, 0x0000, 0x0000, 0x0000, 0x0000, 0x0000, 0x0020,
    0x0000, 0x4208, 0x630c, 0x0000, 0x0020, 0xc638, 0xffff, 0xffdf, 0xffdf, 0xf7be, 0xffff, 0xffff,
    0xce79, 0x6b6d, 0x18e3, 0x0000, 0x0000, 0x0000, 0x0020, 0x0020, 0x0020, 0x0020, 0x0000, 0x1082,
    0x7bef, 0x0000, 0x0020, 0x0000, 0x0000, 0x0841, 0x0000, 0x5aeb, 0x4208, 0x0000, 0x0020, 0x0000,
    0x0000, 0x0000, 0x0000, 0x0000, 0x0000, 0x0000, 0x0000, 0x0000, 0x0000, 0x0000, 0x0000, 0x0000,
    0x0000, 0x0020, 0x0000, 0x1082, 0xdefb, 0x52aa, 0x0000, 0x0840, 0x0020, 0x0020, 0x0000, 0x18c3,
    0xe73c, 0xffff, 0xf7be, 0xef7d, 0x528a, 0xef5d, 0xffff, 0x7bef, 0x9492, 0xffff, 0xf79e, 0xf7be,
    0xffdf, 0xffdf, 0xffff, 0xffff, 0xffff, 0xffff, 0xffff, 0xffff, 0xffff, 0xffff, 0xffff, 0xffdf,
    0xffdf, 0xffdf, 0x3186, 0x4228, 0xffff, 0xffdf, 0xffdf, 0xffff, 0xffff, 0xffff, 0xffff, 0xffdf,
    0xffbf, 0xffff, 0xad75, 0x0000, 0x0020, 0x0020, 0x0000, 0x0000, 0x0000, 0x0000, 0x0000, 0x0020,
    0x0000, 0x2104, 0x4228, 0x0000, 0x0020, 0x0000, 0x0000, 0x0000, 0x0000, 0x0000, 0x0000, 0x0841,
    0x0000, 0x0000, 0x0000, 0x0000, 0x0000, 0x0000, 0x0000, 0x0000, 0x0000, 0x0841, 0x8410, 0x2124,
    0x0000, 0xb596, 0xffff, 0xf7be, 0xf7be, 0xffff, 0xd69a, 0x5acb, 0x0841, 0x0000, 0x0000, 0x0020,
    0x0020, 0x0000, 0x0000, 0x0000, 0x0000, 0x0000, 0x0000, 0x0841, 0x7bef, 0x0000, 0x0000, 0x0000,
    0x0000, 0x0020, 0x31a6, 0x632c, 0x1082, 0x0000, 0x0020, 0x0000, 0x0000, 0x0000, 0x0000, 0x0000,
    0x0000, 0x0000, 0x0000, 0x0000, 0x0000, 0x0000, 0x0000, 0x0000, 0x0000, 0x0020, 0x0000, 0x2104,
    0x5aeb, 0x0000, 0x0020, 0x0000, 0x0020, 0x0841, 0x0000, 0xa535, 0xffff, 0xf79e, 0xffff, 0xce59,
    0x630c, 0xffff, 0xffff, 0x7bcf, 0x8c72, 0xffff, 0xf7be, 0xf7be, 0xffdf, 0xffdf, 0xffff, 0xffff,
    0xffff, 0xffff, 0xffff, 0xffff, 0xffff, 0xffff, 0xffff, 0xf7be, 0xffff, 0x8c51, 0x0020, 0xe71c,
    0xffdf, 0xffdf, 0xffff, 0xffff, 0xffff, 0xffff, 0xffff, 0xffdf, 0xffdf, 0xe75c, 0x2124, 0x0020,
    0x0840, 0x0000, 0x0000, 0x0000, 0x0000, 0x0000, 0x0000, 0x0020, 0x0000, 0x634d, 0x10a2, 0x0000,
    0x0000, 0x0000, 0x0000, 0x0000, 0x0000, 0x0000, 0x0000, 0x0000, 0x0000, 0x0000, 0x0000, 0x0000,
    0x0000, 0x0000, 0x0000, 0x0000, 0x0020, 0x0000, 0x2104, 0x9492, 0x0000, 0x9cd3, 0xffff, 0xef7d,
    0xffff, 0xad55, 0x0861, 0x0000, 0x0000, 0x0020, 0x0000, 0x0000, 0x0000, 0x0000, 0x0000, 0x0000,
    0x0000, 0x0000, 0x0000, 0x0020, 0x8c51, 0x1082, 0x0000, 0x0020, 0x0000, 0x5acb, 0x738e, 0x18c3,
    0x39e7, 0x0000, 0x0000, 0x0000, 0x0000, 0x0000, 0x0000, 0x0000, 0x0000, 0x0000, 0x0000, 0x0000,
    0x0000, 0x0000, 0x0000, 0x0000, 0x0000, 0x0000, 0x0000, 0x0020, 0x0000, 0x0000, 0x0000, 0x0000,
    0x0000, 0x0000, 0x7bcf, 0xffff, 0xf7be, 0xf7be, 0xffff, 0x8c72, 0xa514, 0xffff, 0xffff, 0x7bef,
    0x8c72, 0xffff, 0xf7be, 0xf7be, 0xffdf, 0xffdf, 0xffff, 0xffff, 0xffff, 0xffff, 0xffff, 0xffff,
    0xffff, 0xffff, 0xffff, 0xffff, 0xe73c, 0x0841, 0x7bcf, 0xffff, 0xf7be, 0xffff, 0xffff, 0xffff,
    0xffff, 0xffff, 0xffff, 0xffdf, 0xffff, 0x6b4d, 0x0000, 0x0841, 0x0000, 0x0000, 0x0000, 0x0000,
    0x0000, 0x0000, 0x0000, 0x0000, 0x4a8a, 0x52aa, 0x0000, 0x0000, 0x0000, 0x0000, 0x0000, 0x0000,
    0x0000, 0x0000, 0x0000, 0x0000, 0x0000, 0x0000, 0x0000, 0x0000, 0x0000, 0x0000, 0x0000, 0x0000,
    0x0000, 0x0020, 0x0000, 0x83ef, 0x4a49, 0x7bcf, 0xffff, 0xffdf, 0xbdd7, 0x0020, 0x0020, 0x0841,
    0x0000, 0x0000, 0x0000, 0x0000, 0x0000, 0x0000, 0x0000, 0x0000, 0x0000, 0x0020, 0x0020, 0x0000,
    0x9492, 0x18c3, 0x0000, 0x0841, 0x39c7, 0x5aeb, 0x0020, 0x0000, 0x5aaa, 0x0861, 0x0000, 0x0000,
    0x0000, 0x0000, 0x0000, 0x0000, 0x0000, 0x0000, 0x0000, 0x0000, 0x0000, 0x0000, 0x0000, 0x0000,
    0x0000, 0x0000, 0x0000, 0x0000, 0x0000, 0x0020, 0x0000, 0x0020, 0x0020, 0x5aeb, 0xffff, 0xf7be,
    0xffdf, 0xffff, 0xf7de, 0x738e, 0xef7d, 0xf7be, 0xffff, 0x7bef, 0x9492, 0xffff, 0xf79e, 0xf7be,
    0xffdf, 0xffdf, 0xffff, 0xffff, 0xffff, 0xffff, 0xffff, 0xffff, 0xffff, 0xffdf, 0xf7be, 0xffff,
    0x7bef, 0x0000, 0xdedb, 0xffff, 0xffdf, 0xffff, 0xffff, 0xffff, 0xffff, 0xffff, 0xf7be, 0xffff,
    0xbdf7, 0x0020, 0x0020, 0x0000, 0x0000, 0x0000, 0x0000, 0x0000, 0x0000, 0x0020, 0x0000, 0x18c3,
    0x94b2, 0x0841, 0x0020, 0x0000, 0x0000, 0x0000, 0x0000, 0x0000, 0x0000, 0x0000, 0x0000, 0x0000,
    0x0000, 0x0000, 0x0000, 0x0000, 0x0000, 0x0000, 0x0000, 0x0000, 0x0000, 0x0020, 0x0000, 0x2965,
    0xa514, 0x83ef, 0xffff, 0xf77e, 0x2124, 0x0000, 0x0020, 0x0000, 0x0000, 0x0000, 0x0000, 0x0000,
    0x0000, 0x0000, 0x0000, 0x0000, 0x0000, 0x0000, 0x0000, 0x0000, 0x8410, 0x4208, 0x0000, 0x1082,
    0x10a2, 0x0000, 0x0000, 0x0000, 0x18e3, 0x39e7, 0x0000, 0x0000, 0x0000, 0x0000, 0x0000, 0x0000,
    0x0000, 0x0000, 0x0000, 0x0000, 0x0000, 0x0000, 0x0000, 0x0000, 0x0000, 0x0020, 0x0020, 0x0820,
    0x0020, 0x0000, 0x2104, 0x4249, 0x3186, 0xf7be, 0xffff, 0xf7de, 0xf7be, 0xffff, 0xa534, 0xb5b6,
    0xffff, 0xef7d, 0xffff, 0x7c10, 0x9492, 0xffff, 0xf79e, 0xf7be, 0xffdf, 0xffdf, 0xffff, 0xffff,
    0xffff, 0xffff, 0xffff, 0xffff, 0xffff, 0xffdf, 0xf7be, 0xf7be, 0x18e3, 0x31a6, 0xffff, 0xffdf,
    0xffdf, 0xffdf, 0xffdf, 0xffdf, 0xffdf, 0xffdf, 0xf7be, 0xf7be, 0x3186, 0x0000, 0x0841, 0x0000,
    0x0000, 0x0000, 0x0000, 0x0000, 0x0000, 0x0841, 0x0000, 0x8c71, 0x4228, 0x0000, 0x0020, 0x0000,
    0x0000, 0x0000, 0x0000, 0x0000, 0x0000, 0x0000, 0x0000, 0x0000, 0x0000, 0x0000, 0x0000, 0x0000,
    0x0000, 0x0000, 0x0000, 0x0000, 0x0020, 0x0820, 0x0020, 0x0020, 0xa514, 0xa514, 0xffff, 0x8c51,
    0x0000, 0x0841, 0x0000, 0x0000, 0x0000, 0x0000, 0x0000, 0x0000, 0x0000, 0x0000, 0x0000, 0x0000,
    0x0000, 0x0000, 0x0000, 0x0000, 0x18e3, 0x73ae, 0x39c7, 0x0000, 0x0000, 0x0020, 0x0020, 0x0020,
    0x0000, 0x2104, 0x18c3, 0x0000, 0x0000, 0x0000, 0x0000, 0x0000, 0x0000, 0x0000, 0x0000, 0x0000,
    0x0000, 0x0000, 0x0000, 0x0000, 0x0000, 0x0020, 0x0020, 0x0000, 0x0000, 0x5acb, 0x8410, 0x18c3,
    0x10a2, 0xe71c, 0xffff, 0xf7be, 0xffff, 0xdedb, 0xad55, 0xffff, 0xffdf, 0xf7be, 0xffff, 0x7bef,
    0x9492, 0xffff, 0xf7be, 0xf7be, 0xffdf, 0xffdf, 0xffff, 0xffff, 0xffff, 0xffff, 0xffff, 0xffff,
    0xffff, 0xf7be, 0xffff, 0xc638, 0x0000, 0x6b4d, 0xffff, 0xf79e, 0xffff, 0xffff, 0xffff, 0xffdf,
    0xffdf, 0xf7be, 0xffff, 0x9cd3, 0x0000, 0x0020, 0x0000, 0x0000, 0x0020, 0x0020, 0x0020, 0x0020,
    0x0841, 0x0000, 0x528a, 0x9cd3, 0x0000, 0x0020, 0x0000, 0x0000, 0x0000, 0x0000, 0x0000, 0x0000,
    0x0000, 0x0000, 0x0000, 0x0000, 0x0000, 0x0000, 0x0000, 0x0000, 0x0000, 0x0000, 0x0000, 0x0000,
    0x0000, 0x0020, 0x0841, 0x0000, 0x7bef, 0xd6ba, 0xf79e, 0x2124, 0x0000, 0x0841, 0x0000, 0x0000,
    0x0000, 0x0000, 0x0000, 0x0000, 0x0000, 0x0000, 0x0000, 0x0000, 0x0000, 0x0000, 0x0000, 0x0000,
    0x0000, 0x0020, 0x5aeb, 0x4228, 0x0020, 0x0020, 0x0840, 0x0820, 0x0820, 0x0000, 0x0841, 0x0020,
    0x0000, 0x0000, 0x0000, 0x0000, 0x0000, 0x0000, 0x0000, 0x0000, 0x0000, 0x0000, 0x0000, 0x0000,
    0x0000, 0x0000, 0x0000, 0x4228, 0xa534, 0x8410, 0x0841, 0x0020, 0x18e3, 0xce39, 0xffff, 0xf7be,
    0xf7be, 0xd6ba, 0xffff, 0xffff, 0xffdf, 0xf7be, 0xffff, 0x8410, 0x94b2, 0xffff, 0xf79e, 0xf7be,
    0xffdf, 0xffdf, 0xffff, 0xffff, 0xffff, 0xffff, 0xffff, 0xffff, 0xffff, 0xffdf, 0xffff, 0x94b2,
    0x0000, 0x9cb3, 0xffff, 0xf79e, 0xffff, 0xffff, 0xffff, 0xffff, 0xffdf, 0xffff, 0xa514, 0x0861,
    0x0020, 0x0000, 0x0000, 0x0000, 0x0000, 0x0000, 0x0000, 0x0020, 0x0020, 0x1082, 0xc618, 0x2945,
    0x0000, 0x0020, 0x0000, 0x0000, 0x0000, 0x0000, 0x0000, 0x0000, 0x0000, 0x0000, 0x0000, 0x0000,
    0x0000, 0x0000, 0x0000, 0x0000, 0x0000, 0x0000, 0x0000, 0x0000, 0x10a2, 0x0020, 0x0841, 0x0000,
    0x630c, 0xffdf, 0xbdd7, 0x0000, 0x0020, 0x0000, 0x0000, 0x0000, 0x0000, 0x0000, 0x0000, 0x0000,
    0x0000, 0x0000, 0x0000, 0x0000, 0x0000, 0x0000, 0x0000, 0x0000, 0x0000, 0x0000, 0x0000, 0x10a2,
    0x1082, 0x0000, 0x0000, 0x0000, 0x0000, 0x0020, 0x0020, 0x0020, 0x0020, 0x0020, 0x0020, 0x0020,
    0x0000, 0x0000, 0x0000, 0x0000, 0x0000, 0x0000, 0x0000, 0x0000, 0x0000, 0x4228, 0xb5b6, 0xb5b6,
    0x39e7, 0x0000, 0x0000, 0x2945, 0x39e7, 0xbdf7, 0xffff, 0xf7be, 0xffff, 0xffff, 0xffff, 0xffff,
    0xffff, 0xf7be, 0xffff, 0x8410, 0x94b2, 0xffff, 0xf79e, 0xf7be, 0xffdf, 0xffdf, 0xffff, 0xffff,
    0xffff, 0xffff, 0xffff, 0xffff, 0xffff, 0xffdf, 0xffff, 0x73ae, 0x0000, 0xa514, 0xffff, 0xf79e,
    0xffdf, 0xffff, 0xffdf, 0xffbf, 0xffff, 0x8410, 0x0000, 0x0000, 0x0000, 0x0000, 0x0000, 0x0000,
    0x0000, 0x0000, 0x0000, 0x0020, 0x0000, 0x9cf4, 0x94b2, 0x0000, 0x0020, 0x0000, 0x0000, 0x0000,
    0x0000, 0x0000, 0x0000, 0x0000, 0x0000, 0x0000, 0x0000, 0x0000, 0x0000, 0x0000, 0x0000, 0x0000,
    0x0000, 0x0000, 0x0841, 0x4a69, 0x2945, 0x0000, 0x0861, 0x0000, 0x5acb, 0xffff, 0x7bcf, 0x0000,
    0x0841, 0x0020, 0x0000, 0x0000, 0x0000, 0x0000, 0x0000, 0x0000, 0x0000, 0x0000, 0x0000, 0x0000,
    0x0000, 0x0000, 0x0000, 0x0000, 0x0000, 0x0000, 0x2104, 0x8c71, 0xd69a, 0xa514, 0x5acb, 0x2124,
    0x0841, 0x0000, 0x0000, 0x0000, 0x0000, 0x0000, 0x0000, 0x0000, 0x0000, 0x0020, 0x0020, 0x0000,
    0x0000, 0x0000, 0x0020, 0x4208, 0xad55, 0xc659, 0x632c, 0x0000, 0x0000, 0x0841, 0x0000, 0x738e,
    0x31a6, 0xbdd7, 0xffff, 0xf7be, 0xffff, 0xffff, 0xffff, 0xffff, 0xffff, 0xf7be, 0xffff, 0x840f,
    0x9492, 0xffff, 0xf79e, 0xf7be, 0xffdf, 0xffdf, 0xffff, 0xffff, 0xffff, 0xffff, 0xffff, 0xffff,
    0xffdf, 0xffde, 0xffff, 0x632c, 0x0000, 0x9492, 0xffff, 0xf79e, 0xffdf, 0xf7be, 0xffdf, 0xffdf,
    0x632c, 0x0000, 0x0020, 0x0000, 0x0000, 0x0000, 0x0000, 0x0000, 0x0000, 0x0000, 0x0841, 0x0000,
    0x4208, 0xef7d, 0x3186, 0x0000, 0x0020, 0x0000, 0x0000, 0x0000, 0x0000, 0x0000, 0x0000, 0x0000,
    0x0000, 0x0020, 0x0020, 0x0020, 0x0020, 0x0000, 0x0000, 0x0000, 0x0020, 0x2124, 0x1082, 0x10a2,
    0x0000, 0x0000, 0x0841, 0x0000, 0x31a6, 0xdedb, 0x18e3, 0x0000, 0x0841, 0x0000, 0x0000, 0x0000,
    0x0000, 0x0000, 0x0000, 0x0000, 0x0000, 0x0000, 0x0000, 0x0000, 0x0000, 0x0020, 0x0841, 0x0000,
    0x0841, 0x7bcf, 0xef5d, 0xffff, 0xffff, 0xffff, 0xffff, 0xf79e, 0xce79, 0xb5b6, 0xb596, 0xb596,
    0xb596, 0xa514, 0x8430, 0x5aeb, 0x2985, 0x0000, 0x0000, 0x0020, 0x0020, 0x18c3, 0x632c, 0x8c71,
    0x528a, 0x0020, 0x0000, 0x0000, 0x0020, 0x0000, 0x1082, 0xc638, 0x18c3, 0xbdf7, 0xffff, 0xf7be,
    0xffff, 0xffff, 0xffff, 0xffff, 0xffff, 0xf7be, 0xffff, 0x83ef, 0x9492, 0xffff, 0xf79e, 0xf7be,
    0xffdf, 0xffdf, 0xffff, 0xffff, 0xffff, 0xffff, 0xffff, 0xffdf, 0xffff, 0xffdf, 0xffff, 0x738e,
    0x0000, 0x6b2d, 0xffff, 0xf79e, 0xffbf, 0xffff, 0xf79e, 0x4a49, 0x0000, 0x0841, 0x0000, 0x0000,
    0x0000, 0x0000, 0x0000, 0x0000, 0x0000, 0x0000, 0x0840, 0x0020, 0xce79, 0xad55, 0x2104, 0x0000,
    0x0000, 0x0000, 0x0000, 0x0000, 0x0000, 0x0000, 0x0020, 0x0000, 0x0000, 0x0000, 0x0000, 0x0000,
    0x0000, 0x0861, 0x3186, 0x738e, 0xce59, 0x7c10, 0x0000, 0x0000, 0x0020, 0x0000, 0x0000, 0x5acb,
    0xbdf7, 0x7bcf, 0x738e, 0x3186, 0x0000, 0x0000, 0x0000, 0x0000, 0x0000, 0x0000, 0x0000, 0x0000,
    0x0000, 0x0000, 0x0000, 0x0000, 0x0020, 0x0020, 0x0000, 0x31a7, 0xce59, 0xffff, 0xffff, 0xffdf,
    0xffff, 0xffff, 0xffff, 0xffff, 0xffff, 0xffff, 0xffff, 0xffff, 0xffff, 0xffff, 0xffff, 0xffff,
    0xf79e, 0xb5b6, 0x528a, 0x0000, 0x0000, 0x1082, 0x0861, 0x0000, 0x0000, 0x0000, 0x0000, 0x0000,
    0x0841, 0x0000, 0x528a, 0xd6ba, 0x0861, 0xd6ba, 0xffff, 0xf7be, 0xffff, 0xffff, 0xffff, 0xffff,
    0xffff, 0xf7be, 0xffff, 0x840f, 0x94b2, 0xffff, 0xf7be, 0xf7be, 0xffdf, 0xffdf, 0xffff, 0xffff,
    0xffff, 0xffff, 0xffff, 0xffff, 0xffff, 0xffdf, 0xffff, 0x94b2, 0x0000, 0x2124, 0xf79e, 0xffdf,
    0xffdf, 0xef7d, 0x39e8, 0x0000, 0x0841, 0x0020, 0x0000, 0x0000, 0x0000, 0x0000, 0x0000, 0x0000,
    0x0000, 0x0020, 0x0000, 0x62ec, 0xef7d, 0x6b6d, 0x39e7, 0x0000, 0x0000, 0x0000, 0x0000, 0x0000,
    0x0020, 0x0020, 0x0000, 0x0020, 0x31a6, 0x6b6d, 0x8c72, 0xa514, 0xbdf7, 0xd6ba, 0xf7be, 0xffff,
    0xffff, 0x39e7, 0x0000, 0x0841, 0x0000, 0x2104, 0xce39, 0xce59, 0x8430, 0x31a6, 0xbdd7, 0xffff,
    0x738e, 0x0000, 0x0020, 0x0000, 0x0000, 0x0000, 0x0000, 0x0000, 0x0000, 0x0000, 0x0000, 0x0020,
    0x0000, 0x0000, 0x73ae, 0xf7be, 0xffff, 0xffdf, 0xffff, 0xffff, 0xffff, 0xffff, 0xffff, 0xffff,
    0xffdf, 0xffdf, 0xffdf, 0xffdf, 0xffdf, 0xffdf, 0xffdf, 0xffdf, 0xffdf, 0xffff, 0xffff, 0xad75,
    0x18c3, 0x0000, 0x0020, 0x0020, 0x0820, 0x0020, 0x0020, 0x0020, 0x0841, 0x0000, 0xb596, 0x8451,
    0x2104, 0xffdf, 0xffdf, 0xffdf, 0xffff, 0xffff, 0xffff, 0xffff, 0xffff, 0xf7be, 0xffff, 0x840f,
    0x94b2, 0xffff, 0xf7be, 0xf7be, 0xffdf, 0xffdf, 0xffff, 0xffff, 0xffff, 0xffff, 0xffff, 0xffff,
    0xffdf, 0xf7be, 0xffff, 0xce59, 0x0020, 0x0000, 0x9cd3, 0xffff, 0xe73c, 0x39e7, 0x0000, 0x0841,
    0x0020, 0x0000, 0x0000, 0x0000, 0x0000, 0x0000, 0x0000, 0x0000, 0x0020, 0x0020, 0x0020, 0xdedb,
    0xa534, 0xa514, 0x528a, 0x0000, 0x0820, 0x0020, 0x0020, 0x0820, 0x0000, 0x0000, 0x630c, 0xc638,
    0xf7de, 0xffff, 0xffff, 0xffff, 0xffff, 0xffff, 0xffdf, 0xffdf, 0xef5d, 0x18e3, 0x0000, 0x0020,
    0x18e3, 0xe73c, 0x7bcf, 0x4208, 0x8c92, 0xa534, 0x4a49, 0x5aeb, 0xffff, 0x52aa, 0x0000, 0x0841,
    0x0000, 0x0000, 0x0000, 0x0000, 0x0020, 0x0020, 0x0840, 0x0000, 0x2104, 0xb5b6, 0xffff, 0xffdf,
    0xffdf, 0xffff, 0xffff, 0xffff, 0xffff, 0xffff, 0xffff, 0xffff, 0xffff, 0xffff, 0xffff, 0xffff,
    0xffff, 0xffff, 0xffff, 0xffff, 0xffff, 0xffff, 0xffdf, 0xffff, 0xdedb, 0x2945, 0x0000, 0x0841,
    0x0020, 0x0020, 0x0020, 0x0840, 0x0000, 0x2104, 0xdedb, 0x0841, 0x7bef, 0xffff, 0xf7be, 0xffdf,
    0xffdf, 0xffff, 0xffff, 0xffff, 0xffff, 0xf7be, 0xffff, 0x7bef, 0x94b2, 0xffff, 0xf79e, 0xf7be,
    0xffbf, 0xffdf, 0xffff, 0xffff, 0xffff, 0xffff, 0xffff, 0xffff, 0xffff, 0xffdf, 0xf7be, 0xffdf,
    0x4208, 0x0000, 0x2104, 0xbdf7, 0x39c7, 0x0000, 0x0841, 0x0020, 0x0000, 0x0000, 0x0000, 0x0000,
    0x0000, 0x0000, 0x0000, 0x0000, 0x0841, 0x0000, 0x52aa, 0xffff, 0x632c, 0xb596, 0x528a, 0x0000,
    0x0020, 0x0020, 0x0840, 0x0000, 0x2925, 0xbdf7, 0xffff, 0xffff, 0xffdf, 0xffdf, 0xffdf, 0xffdf,
    0xffdf, 0xffdf, 0xf7be, 0xffff, 0xd6db, 0x0861, 0x0841, 0x0000, 0xb5b6, 0x8c51, 0x52ab, 0xffff,
    0xffff, 0xffff, 0xffff, 0x4a69, 0x9492, 0xdefb, 0x0020, 0x0000, 0x0020, 0x0000, 0x0000, 0x0020,
    0x0820, 0x0841, 0x0000, 0x4a49, 0xe73c, 0xffff, 0xf7be, 0xffff, 0xffff, 0xffff, 0xffff, 0xffff,
    0xffff, 0xffff, 0xffff, 0xffff, 0xffff, 0xffff, 0xffff, 0xffff, 0xffff, 0xffff, 0xffff, 0xffff,
    0xffff, 0xffff, 0xffff, 0xf7be, 0xffff, 0xd6ba, 0x10a2, 0x0000, 0x0020, 0x0000, 0x0020, 0x0841,
    0x0000, 0x9cd3, 0x5aeb, 0x10a2, 0xef7d, 0xffdf, 0xffdf, 0xffff, 0xffff, 0xffff, 0xffff, 0xffff,
    0xffff, 0xf7be, 0xffff, 0x7bef, 0x9492, 0xffff, 0xf79e, 0xf7be, 0xffdf, 0xffdf, 0xffff, 0xffff,
    0xffff, 0xffff, 0xffff, 0xffff, 0xffff, 0xffff, 0xffdf, 0xffff, 0xb596, 0x0000, 0x0020, 0x0841,
    0x0000, 0x0020, 0x0000, 0x0000, 0x0000, 0x0000, 0x0000, 0x0000, 0x0000, 0x0000, 0x0000, 0x0000,
    0x0020, 0x0000, 0xc638, 0xd69a, 0x31a6, 0x10a2, 0x0000, 0x0000, 0x0000, 0x0020, 0x0000, 0x39e7,
    0xef5d, 0xffff, 0xf7be, 0xffff, 0xffff, 0xffff, 0xffff, 0xffff, 0xffff, 0xffdf, 0xf7be, 0xffff,
    0xd6ba, 0x0882, 0x0000, 0x2945, 0xc638, 0x4208, 0xffff, 0xffff, 0xf7be, 0xf79e, 0xffff, 0xce79,
    0x4208, 0xffdf, 0x2144, 0x0000, 0x0820, 0x0000, 0x0000, 0x0020, 0x0020, 0x0000, 0x73ae, 0xffdf,
    0xffff, 0xffdf, 0xffff, 0xffff, 0xffff, 0xffff, 0xffff, 0xffff, 0xffff, 0xffff, 0xffff, 0xffff,
    0xffff, 0xffff, 0xffff, 0xffff, 0xffff, 0xffff, 0xffff, 0xffff, 0xffff, 0xffff, 0xffff, 0xffff,
    0xf79e, 0xffff, 0x9cd3, 0x0000, 0x0841, 0x0000, 0x0000, 0x0000, 0x2965, 0x5aeb, 0x0000, 0xbdd7,
    0xffff, 0xffdf, 0xffff, 0xffff, 0xffff, 0xffff, 0xffff, 0xffff, 0xffff, 0xf7be, 0xffff, 0x7bef,
    0x9492, 0xffff, 0xf79e, 0xf7be, 0xffdf, 0xffdf, 0xffff, 0xffff, 0xffff, 0xffff, 0xffff, 0xffff,
    0xffff, 0xffff, 0xffff, 0xffdf, 0xffff, 0x5aeb, 0x0000, 0x0841, 0x0000, 0x0000, 0x0000, 0x0000,
    0x0000, 0x0000, 0x0000, 0x0000, 0x0000, 0x0020, 0x0020, 0x0841, 0x0000, 0x3186, 0xffff, 0x8c71,
    0x1082, 0x0000, 0x0000, 0x0000, 0x0041, 0x0000, 0x3186, 0xef7d, 0xffff, 0xffdf, 0xffff, 0xffff,
    0xffff, 0xffff, 0xffff, 0xffff, 0xffff, 0xffff, 0xf7be, 0xffff, 0xe71c, 0x10c3, 0x0000, 0x738e,
    0x632c, 0x6b2d, 0xffff, 0xf7be, 0xffdf, 0xffdf, 0xffff, 0xe73c, 0x4a49, 0xffdf, 0x39c7, 0x0000,
    0x0841, 0x0000, 0x0020, 0x0000, 0x0841, 0x9cd3, 0xffff, 0xffdf, 0xffdf, 0xffff, 0xffff, 0xffff,
    0xffff, 0xffff, 0xffff, 0xffff, 0xffff, 0xffff, 0xffff, 0xffff, 0xffff, 0xffff, 0xffff, 0xffff,
    0xffff, 0xffff, 0xffff, 0xffff, 0xffff, 0xffff, 0xffff, 0xffff, 0xffdf, 0xffdf, 0xffdf, 0x39c7,
    0x0000, 0x0020, 0x0000, 0x0020, 0x0841, 0x0000, 0x9cf3, 0xffff, 0xf7be, 0xffff, 0xffff, 0xffff,
    0xffff, 0xffff, 0xffff, 0xffff, 0xffff, 0xf7be, 0xffff, 0x7bef, 0x94b2, 0xffff, 0xf79e, 0xf7be,
    0xffdf, 0xffdf, 0xffff, 0xffff, 0xffff, 0xffff, 0xffff, 0xffff, 0xffff, 0xffff, 0xffff, 0xf79e,
    0xffff, 0x8c71, 0x0000, 0x0841, 0x0020, 0x0000, 0x2104, 0x0020, 0x0000, 0x0000, 0x0000, 0x0000,
    0x0000, 0x0000, 0x0020, 0x0841, 0x0000, 0x8410, 0xffff, 0x4229, 0x0000, 0x0841, 0x0020, 0x0020,
    0x0020, 0x1082, 0xd6ba, 0xffff, 0xf7be, 0xffdf, 0xffff, 0xffff, 0xffff, 0xffff, 0xffff, 0xffff,
    0xffff, 0xffff, 0xffdf, 0xffff, 0xf79e, 0x2945, 0x0000, 0x8430, 0x8c71, 0x7bef, 0xffff, 0xf7be,
    0xffff, 0xf79e, 0xffff, 0xad75, 0x5aaa, 0xf79e, 0x1082, 0x0000, 0x0020, 0x0841, 0x0000, 0x18e3,
    0xc638, 0xffff, 0xf7be, 0xffdf, 0xffff, 0xffff, 0xffff, 0xffff, 0xffff, 0xffff, 0xffff, 0xffff,
    0xffff, 0xffff, 0xffff, 0xffff, 0xffff, 0xffff, 0xffff, 0xffff, 0xffff, 0xffff, 0xffff, 0xffff,
    0xffff, 0xffff, 0xffff, 0xffff, 0xffff, 0xffdf, 0xffff, 0xa534, 0x0000, 0x0841, 0x0020, 0x0000,
    0x1082, 0xb596, 0xffff, 0xf7be, 0xffdf, 0xffdf, 0xffdf, 0xffff, 0xffff, 0xffff, 0xffff, 0xffff,
    0xffff, 0xf7be, 0xffff, 0x8410, 0x94b2, 0xffff, 0xf79e, 0xf7be, 0xffdf, 0xffdf, 0xffff, 0xffff,
    0xffff, 0xffff, 0xffff, 0xffdf, 0xffdf, 0xffdf, 0xffdf, 0xffff, 0xd69a, 0x0841, 0x0000, 0x0841,
    0x0000, 0x39c7, 0x6b6d, 0x0000, 0x0000, 0x0000, 0x0000, 0x0000, 0x0000, 0x0000, 0x0000, 0x0841,
    0x0000, 0xce59, 0xe71c, 0x0861, 0x0020, 0x0020, 0x0820, 0x0841, 0x0000, 0x9cf3, 0xffff, 0xf7be,
    0xffff, 0xffdf, 0xffdf, 0xffff, 0xffff, 0xffff, 0xffff, 0xffff, 0xffff, 0xffff, 0xffdf, 0xf7be,
    0xffff, 0x4a49, 0x0000, 0x5acb, 0xc617, 0x4228, 0xffff, 0xffff, 0xffff, 0xffff, 0xf79e, 0x2986,
    0xc638, 0xad75, 0x0000, 0x0020, 0x0020, 0x0000, 0x2945, 0xd6bb, 0xffff, 0xf7be, 0xffff, 0xffff,
    0xffff, 0xffff, 0xffff, 0xffff, 0xffff, 0xffff, 0xffff, 0xffff, 0xffff, 0xffff, 0xffff, 0xffff,
    0xffff, 0xffff, 0xffff, 0xffff, 0xffff, 0xffff, 0xffff, 0xffff, 0xffff, 0xffff, 0xffdf, 0xffdf,
    0xffdf, 0xf7be, 0xffdf, 0xef5c, 0x18e3, 0x0041, 0x1082, 0x5acb, 0xe73c, 0xffff, 0xffff, 0xffff,
    0xffff, 0xffff, 0xffff, 0xffff, 0xffff, 0xffff, 0xffff, 0xffff, 0xffdf, 0xf7be, 0xffff, 0x8410,
    0x94b2, 0xffff, 0xf79e, 0xf7be, 0xffdf, 0xffdf, 0xffff, 0xffff, 0xffff, 0xffff, 0xffff, 0xffdf,
    0xffdf, 0xf7be, 0xf7be, 0xffdf, 0x4228, 0x0000, 0x0861, 0x0000, 0x18c3, 0xd6ba, 0x31a6, 0x0000,
    0x0841, 0x0020, 0x0000, 0x0000, 0x0000, 0x0000, 0x0020, 0x0000, 0x18e3, 0xf7be, 0x9cf3, 0x0000,
    0x0841, 0x0000, 0x0000, 0x0841, 0x0000, 0x7bef, 0xffff, 0xffdf, 0xffff, 0xffff, 0xffff, 0xffff,
    0xffff, 0xffff, 0xffff, 0xffff, 0xffff, 0xffff, 0xffff, 0xffdf, 0xffff, 0x9491, 0x0000, 0x1082,
    0xe73c, 0x630c, 0x5aeb, 0xdefb, 0xe71c, 0xa534, 0x39c7, 0x9cd3, 0xffff, 0x2144, 0x0020, 0x0861,
    0x0000, 0x4228, 0xef3d, 0xffff, 0xf7be, 0xffff, 0xffff, 0xffff, 0xffff, 0xffff, 0xffff, 0xffff,
    0xffff, 0xffff, 0xffff, 0xffff, 0xffff, 0xffff, 0xffff, 0xffff, 0xffff, 0xffff, 0xffff, 0xffff,
    0xffff, 0xffff, 0xffff, 0xffff, 0xffdf, 0xffff, 0xffff, 0xffff, 0xffff, 0xffff, 0xf7be, 0xef5d,
    0x4228, 0x0841, 0x73ae, 0xad96, 0xbdf7, 0xce59, 0xe73c, 0xffff, 0xffff, 0xffff, 0xffff, 0xffff,
    0xffff, 0xffff, 0xffff, 0xffff, 0xffdf, 0xf7be, 0xffff, 0x840f, 0x94b2, 0xffff, 0xf79e, 0xf7be,
    0xffdf, 0xffdf, 0xffff, 0xffff, 0xffff, 0xffff, 0xffff, 0xffff, 0xffff, 0xf7be, 0xffff, 0xad75,
    0x0000, 0x0841, 0x0841, 0x0000, 0xbdf7, 0xd6ba, 0x0000, 0x0020, 0x0020, 0x0000, 0x0000, 0x0020,
    0x0020, 0x0000, 0x0020, 0x0000, 0x39e7, 0xffff, 0x632c, 0x0000, 0x0841, 0x0000, 0x0000, 0x0000,
    0x0000, 0x0841, 0xd69a, 0xffff, 0xf7be, 0xffff, 0xffff, 0xffff, 0xffff, 0xffff, 0xffff, 0xffff,
    0xffff, 0xffff, 0xffff, 0xffdf, 0xffff, 0xdefb, 0x1082, 0x0000, 0x4a49, 0xffbf, 0x8450, 0x31a6,
    0x39e8, 0x632c, 0xd69a, 0xef7d, 0x4208, 0x0000, 0x0861, 0x0000, 0x5aeb, 0xffdf, 0xffff, 0xffdf,
    0xffff, 0xffff, 0xffff, 0xffff, 0xffff, 0xffff, 0xffff, 0xffff, 0xffff, 0xffff, 0xffff, 0xffff,
    0xffff, 0xffff, 0xffff, 0xffff, 0xffff, 0xffff, 0xffff, 0xffff, 0xffff, 0xffdf, 0xffff, 0xffff,
    0xffff, 0xffff, 0xe73c, 0xbdd7, 0x8c71, 0x5aeb, 0x39e7, 0x2104, 0x0020, 0x0020, 0x0841, 0x0000,
    0x0000, 0x0841, 0x18c3, 0x4a49, 0xce59, 0xffff, 0xffdf, 0xffff, 0xffff, 0xffff, 0xffff, 0xffff,
    0xffff, 0xf7be, 0xffff, 0x7bef, 0x9492, 0xffff, 0xf79e, 0xf7be, 0xffdf, 0xffdf, 0xffff, 0xffff,
    0xffff, 0xffff, 0xffff, 0xffff, 0xffff, 0xffff, 0xffff, 0x4208, 0x0000, 0x1082, 0x0000, 0x6b4d,
    0xffff, 0x8c51, 0x0000, 0x0020, 0x0000, 0x0000, 0x0000, 0x0000, 0x0020, 0x0020, 0x0841, 0x0000,
    0x5aeb, 0xffff, 0x39e7, 0x0000, 0x0841, 0x0000, 0x0000, 0x0000, 0x0841, 0x0000, 0x4a69, 0xffff,
    0xf7be, 0xffdf, 0xffff, 0xffff, 0xffff, 0xffff, 0xffff, 0xffff, 0xffff, 0xffff, 0xffff, 0xffdf,
    0xf7be, 0xffff, 0x6b4d, 0x0000, 0x0000, 0x39c7, 0xc618, 0x52cb, 0xbdd7, 0xdefb, 0x8c71, 0x10a3,
    0x0000, 0x0841, 0x0020, 0x7bef, 0xffff, 0xffff, 0xffdf, 0xffff, 0xffff, 0xffff, 0xffff, 0xffff,
    0xffff, 0xffff, 0xffff, 0xffff, 0xffff, 0xffff, 0xffff, 0xffff, 0xffff, 0xffff, 0xffff, 0xffff,
    0xffff, 0xffff, 0xffdf, 0xffff, 0xffff, 0xffff, 0xf7be, 0xc618, 0x7bef, 0x4228, 0x18c3, 0x0000,
    0x0000, 0x0000, 0x0000, 0x0000, 0x0000, 0x0000, 0x0000, 0x0000, 0x0000, 0x0000, 0x0020, 0x0000,
    0x6b4d, 0xffff, 0xffdf, 0xffff, 0xffff, 0xffff, 0xffff, 0xffff, 0xffff, 0xf7be, 0xffff, 0x7bef,
    0x9492, 0xffff, 0xf79e, 0xf7be, 0xffdf, 0xffdf, 0xffff, 0xffff, 0xffff, 0xffff, 0xffff, 0xffff,
    0xf7be, 0xffff, 0xce79, 0x0020, 0x0841, 0x0020, 0x2124, 0xef7d, 0xffff, 0x630c, 0x0000, 0x0020,
    0x0000, 0x0000, 0x0000, 0x0000, 0x0000, 0x0000, 0x0020, 0x0000, 0x6b4d, 0xf7be, 0x10c2, 0x0000,
    0x0020, 0x0000, 0x0000, 0x0000, 0x0000, 0x0000, 0x0000, 0xa514, 0xffff, 0xf7be, 0xffff, 0xffff,
    0xffff, 0xffff, 0xffff, 0xffff, 0xffff, 0xffff, 0xffdf, 0xffdf, 0xf7be, 0xffff, 0x9492, 0x0000,
    0x0000, 0x0000, 0x0000, 0x0020, 0x2104, 0x0020, 0x0000, 0x0000, 0x0000, 0x0000, 0x8410, 0xffff,
    0xf7be, 0xffff, 0xffff, 0xffff, 0xffff, 0xffff, 0xffff, 0xffff, 0xffff, 0xffff, 0xffff, 0xffff,
    0xffff, 0xffff, 0xffff, 0xffff, 0xffff, 0xffff, 0xffff, 0xffdf, 0xffff, 0xffff, 0xffff, 0xffdf,
    0xbdf7, 0x738e, 0x2945, 0x0000, 0x0000, 0x0000, 0x0000, 0x0000, 0x0020, 0x0020, 0x0020, 0x0020,
    0x0000, 0x0000, 0x0000, 0x0000, 0x0000, 0x0000, 0x0841, 0x0000, 0x73ae, 0xffff, 0xffdf, 0xffff,
    0xffff, 0xffff, 0xffff, 0xffff, 0xffff, 0xf7be, 0xffff, 0x7bef, 0x9492, 0xffff, 0xf79e, 0xf7be,
    0xffdf, 0xffdf, 0xffff, 0xffff, 0xffff, 0xffff, 0xffff, 0xffdf, 0xf79e, 0xffff, 0x8430, 0x0000,
    0x1082, 0x0000, 0x9cd3, 0xffff, 0xffff, 0x4228, 0x0000, 0x0020, 0x0000, 0x0000, 0x0000, 0x0000,
    0x0000, 0x0000, 0x0000, 0x0000, 0x5acb, 0xdefb, 0x0841, 0x0000, 0x0000, 0x0000, 0x0000, 0x0000,
    0x0000, 0x0020, 0x0020, 0x10a2, 0xdedb, 0xffff, 0xf79e, 0xffff, 0xffff, 0xffff, 0xffff, 0xffff,
    0xffff, 0xffff, 0xffff, 0xffdf, 0xffdf, 0xffdf, 0x632c, 0xad55, 0x10a2, 0x0000, 0x0861, 0x0841,
    0x0000, 0x0000, 0x0000, 0x0000, 0x528a, 0x4a69, 0xdefb, 0xffff, 0xffdf, 0xffff, 0xffff, 0xffff,
    0xffff, 0xffff, 0xffff, 0xffff, 0xffff, 0xffff, 0xffff, 0xffff, 0xffff, 0xffff, 0xffff, 0xffff,
    0xffff, 0xffff, 0xffff, 0xffff, 0xffff, 0xd6ba, 0x8430, 0x31a6, 0x0000, 0x0000, 0x0000, 0x0000,
    0x0000, 0x0000, 0x0000, 0x0000, 0x0000, 0x0000, 0x0000, 0x0000, 0x0000, 0x0000, 0x0000, 0x0000,
    0x0000, 0x0000, 0x0841, 0x0000, 0x8410, 0xffff, 0xffdf, 0xffff, 0xffff, 0xffff, 0xffff, 0xffff,
    0xffff, 0xf7be, 0xffff, 0x7bef, 0x9492, 0xffff, 0xf79e, 0xf7be, 0xffdf, 0xffdf, 0xffff, 0xffff,
    0xffff, 0xffff, 0xffff, 0xffff, 0xf7be, 0xffff, 0x4a49, 0x0000, 0x0841, 0x18e3, 0xef5d, 0xffff,
    0xffdf, 0x31a6, 0x0000, 0x0021, 0x0020, 0x0000, 0x0000, 0x0000, 0x0000, 0x0000, 0x0000, 0x0000,
    0x39e7, 0xad95, 0x0000, 0x0000, 0x0000, 0x0000, 0x0000, 0x0000, 0x0000, 0x0000, 0x0020, 0x0000,
    0x4a8a, 0xd69a, 0xb5b6, 0xffff, 0xffff, 0xffff, 0xffff, 0xffff, 0xffff, 0xffff, 0xffff, 0xffff,
    0xffff, 0xd6ba, 0x5aeb, 0xffff, 0xd69a, 0x31a6, 0x0000, 0x0000, 0x0000, 0x0861, 0x4228, 0xb5b7,
    0xbdf7, 0x7bae, 0xffff, 0xf7be, 0xffdf, 0xffdf, 0xffff, 0xffff, 0xffff, 0xffff, 0xffff, 0xffff,
    0xffff, 0xffff, 0xffff, 0xffff, 0xffff, 0xffff, 0xffdf, 0xffff, 0xffff, 0xffff, 0xef7d, 0xa514,
    0x4a69, 0x0861, 0x0000, 0x0000, 0x0000, 0x0020, 0x0000, 0x0000, 0x0000, 0x0000, 0x0000, 0x0000,
    0x0000, 0x0000, 0x0000, 0x0000, 0x0000, 0x0000, 0x0000, 0x0000, 0x0000, 0x0000, 0x0841, 0x0000,
    0x8c51, 0xffff, 0xffdf, 0xffff, 0xffff, 0xffff, 0xffff, 0xffff, 0xffff, 0xf7be, 0xffff, 0x7bef,
    0x94b2, 0xffff, 0xf79e, 0xf7be, 0xffdf, 0xffdf, 0xffff, 0xffff, 0xffff, 0xffff, 0xffff, 0xffff,
    0xffdf, 0xf79e, 0x2145, 0x0841, 0x0000, 0x5aeb, 0xffff, 0xf79e, 0xf79e, 0x2945, 0x0000, 0x0020,
    0x0000, 0x0000, 0x0000, 0x0000, 0x0000, 0x0000, 0x0020, 0x0000, 0x2104, 0x94b2, 0x0000, 0x0020,
    0x0000, 0x0000, 0x0000, 0x0000, 0x0000, 0x0000, 0x0000, 0x0020, 0x0020, 0x3186, 0xd69a, 0xffff,
    0xffbf, 0xffdf, 0xffff, 0xffff, 0xffff, 0xffff, 0xffff, 0xffdf, 0xffff, 0x9cd3, 0x8430, 0xffff,
    0xffff, 0xf7be, 0x73ae, 0x6b4d, 0x9cf3, 0xd6ba, 0xffdf, 0xffff, 0x5acb, 0xbdd7, 0xffff, 0xf7be,
    0xffdf, 0xffdf, 0xffff, 0xffff, 0xffff, 0xffff, 0xffff, 0xffff, 0xffff, 0xffff, 0xffff, 0xffff,
    0xffdf, 0xffff, 0xffff, 0xffff, 0x8c51, 0x5acb, 0x2945, 0x0000, 0x0000, 0x0000, 0x0000, 0x0000,
    0x0000, 0x0000, 0x0000, 0x0000, 0x0000, 0x0000, 0x0000, 0x0000, 0x0000, 0x0000, 0x0000, 0x0000,
    0x0000, 0x0000, 0x0000, 0x0000, 0x0000, 0x0000, 0x0841, 0x0000, 0x94b2, 0xffff, 0xffdf, 0xffff,
    0xffff, 0xffff, 0xffff, 0xffff, 0xffff, 0xf7be, 0xffff, 0x7bef, 0x94b2, 0xffff, 0xf79e, 0xf7be,
    0xffdf, 0xffdf, 0xffff, 0xffff, 0xffff, 0xffff, 0xffff, 0xffff, 0xffff, 0xef7d, 0x18e3, 0x0841,
    0x0000, 0x94b2, 0xffff, 0xef7d, 0xf7be, 0x3186, 0x0000, 0x0000, 0x0000, 0x0000, 0x0000, 0x0000,
    0x0000, 0x0000, 0x0000, 0x0020, 0x0000, 0x8c71, 0x2965, 0x0000, 0x0020, 0x0000, 0x0000, 0x0000,
    0x0000, 0x0000, 0x0020, 0x0020, 0x0020, 0x0000, 0xc618, 0xffff, 0xf7bf, 0xffdf, 0xffdf, 0xffdf,
    0xffdf, 0xffdf, 0xffdf, 0xf7be, 0xffff, 0x630c, 0xb596, 0xffff, 0xf7be, 0xffff, 0xbdd7, 0xffff,
    0xffff, 0xffff, 0xffff, 0xce79, 0x52aa, 0xffff, 0xf7be, 0xffdf, 0xffff, 0xffff, 0xffff, 0xffff,
    0xffff, 0xffff, 0xffff, 0xffff, 0xffff, 0xffff, 0xffdf, 0xffff, 0xffff, 0xf7be, 0xb596, 0x4a69,
    0x0000, 0x0000, 0x0000, 0x0020, 0x0000, 0x0000, 0x0000, 0x0000, 0x0000, 0x0000, 0x0000, 0x0000,
    0x0000, 0x0000, 0x0000, 0x0000, 0x0000, 0x0000, 0x0000, 0x0000, 0x0000, 0x0000, 0x0000, 0x0000,
    0x0000, 0x0020, 0x0841, 0x0000, 0xa534, 0xffff, 0xffdf, 0xffff, 0xffff, 0xffff, 0xffff, 0xffff,
    0xffff, 0xf7be, 0xffff, 0x7bef, 0x94b2, 0xffff, 0xf79e, 0xf7be, 0xffdf, 0xffdf, 0xffff, 0xffff,
    0xffff, 0xffff, 0xffff, 0xffdf, 0xffdf, 0xf79e, 0x2945, 0x0841, 0x0020, 0xb596, 0xffff, 0xef7d,
    0xffff, 0x4a8a, 0x0000, 0x0020, 0x0000, 0x0000, 0x0000, 0x0000, 0x0000, 0x0000, 0x0000, 0x0020,
    0x0000, 0x4208, 0x73ae, 0x0000, 0x0841, 0x0000, 0x0000, 0x0000, 0x0000, 0x0000, 0x0000, 0x0000,
    0x0020, 0x0020, 0x2965, 0xef7d, 0xffdf, 0xffdf, 0xffff, 0xffff, 0xffff, 0xffff, 0xffdf, 0xffff,
    0xef9d, 0x4a49, 0xe71c, 0xffdf, 0xffff, 0xd6ba, 0xbdd7, 0xffff, 0xf7be, 0xf7be, 0xffff, 0x73ae,
    0xad35, 0xffff, 0xffdf, 0xffff, 0xffff, 0xffff, 0xffff, 0xffff, 0xffff, 0xffff, 0xffff, 0xffdf,
    0xffdf, 0xffff, 0xffff, 0xef7d, 0x94d3, 0x3186, 0x0000, 0x0000, 0x0000, 0x0020, 0x0000, 0x0000,
    0x0000, 0x0000, 0x0000, 0x0000, 0x0000, 0x0000, 0x0000, 0x0000, 0x0000, 0x0000, 0x0000, 0x0000,
    0x0000, 0x0000, 0x0000, 0x0000, 0x0000, 0x0000, 0x0000, 0x0000, 0x0000, 0x0020, 0x0841, 0x0000,
    0xbdd7, 0xffff, 0xffdf, 0xffff, 0xffff, 0xffff, 0xffff, 0xffff, 0xffff, 0xf7be, 0xffff, 0x7bef,
    0x94b2, 0xffff, 0xf79e, 0xf7be, 0xffdf, 0xffdf, 0xffff, 0xffff, 0xffff, 0xffff, 0xffff, 0xffdf,
    0xf7be, 0xffff, 0x4a69, 0x0020, 0x0020, 0xa534, 0xffff, 0xef7d, 0xffff, 0x7bcf, 0x0000, 0x0020,
    0x0000, 0x0000, 0x0000, 0x0000, 0x0000, 0x0000, 0x0020, 0x0020, 0x0020, 0x0000, 0x7bef, 0x3186,
    0x0000, 0x0020, 0x0000, 0x0000, 0x0000, 0x0000, 0x0000, 0x0000, 0x0000, 0x0841, 0x0000, 0x52aa,
    0xffff, 0xffdf, 0xffff, 0xffff, 0xffff, 0xffff, 0xf7be, 0xffff, 0xc638, 0x5acb, 0xffff, 0xf79e,
    0xffff, 0xbdd7, 0xe73c, 0xffff, 0xffdf, 0xffff, 0xe73c, 0x4228, 0xf7be, 0xffff, 0xffff, 0xffff,
    0xffff, 0xffff, 0xffff, 0xffff, 0xffff, 0xffdf, 0xffdf, 0xffff, 0xffff, 0xdedb, 0x7bcf, 0x2104,
    0x0000, 0x0000, 0x0000, 0x0000, 0x0000, 0x0000, 0x0000, 0x0000, 0x0000, 0x0000, 0x0000, 0x0000,
    0x0000, 0x0000, 0x0000, 0x0000, 0x0000, 0x0000, 0x0000, 0x0000, 0x0000, 0x0000, 0x0000, 0x0000,
    0x0000, 0x0000, 0x0000, 0x0000, 0x0000, 0x0020, 0x0841, 0x0020, 0xce39, 0xffff, 0xffdf, 0xffff,
    0xffff, 0xffff, 0xffff, 0xffff, 0xffff, 0xf7be, 0xffff, 0x7bef, 0x94b2, 0xffff, 0xf79e, 0xf7be,
    0xffdf, 0xffdf, 0xffff, 0xffff, 0xffff, 0xffff, 0xffff, 0xffdf, 0xf79e, 0xffff, 0x94b2, 0x0000,
    0x0000, 0x6b4d, 0xffff, 0xef7d, 0xffff, 0xb595, 0x0000, 0x0020, 0x0020, 0x0000, 0x0000, 0x0000,
    0x0000, 0x0000, 0x0000, 0x0000, 0x0020, 0x0000, 0x18c3, 0x7bef, 0x1082, 0x0000, 0x0020, 0x0000,
    0x0000, 0x0000, 0x0000, 0x0000, 0x0000, 0x0000, 0x0020, 0x0000, 0x8c51, 0xffff, 0xf79e, 0xffff,
    0xffff, 0xffff, 0xf7be, 0xffff, 0x8c51, 0x7bcf, 0xffff, 0xffdf, 0xf79e, 0xc618, 0xffff, 0xffdf,
    0xf7be, 0xffff, 0x8410, 0x7bcf, 0xffff, 0xf7be, 0xffdf, 0xffff, 0xffff, 0xffff, 0xffff, 0xffdf,
    0xffff, 0xffff, 0xffff, 0xd69a, 0x6b4d, 0x10a2, 0x0000, 0x0000, 0x0020, 0x0000, 0x0000, 0x0000,
    0x0000, 0x0000, 0x0000, 0x0000, 0x0000, 0x0000, 0x0000, 0x0000, 0x0000, 0x0000, 0x0000, 0x0000,
    0x0000, 0x0000, 0x0000, 0x0000, 0x0000, 0x0000, 0x0000, 0x0000, 0x0000, 0x0000, 0x0000, 0x0000,
    0x0000, 0x0020, 0x0020, 0x0861, 0xd6ba, 0xffff, 0xffdf, 0xffff, 0xffff, 0xffff, 0xffff, 0xffff,
    0xffff, 0xf7be, 0xffff, 0x7bef, 0x94b2, 0xffff, 0xf79e, 0xf7be, 0xffdf, 0xffdf, 0xffff, 0xffff,
    0xffff, 0xffff, 0xffff, 0xffff, 0xffdf, 0xffff, 0xef7d, 0x2124, 0x0000, 0x18c2, 0xdedb, 0xffff,
    0xf79e, 0xe73c, 0x18e3, 0x0020, 0x0841, 0x0000, 0x0000, 0x0000, 0x0000, 0x0000, 0x0000, 0x0000,
    0x0000, 0x0000, 0x0000, 0x2103, 0x630c, 0x0861, 0x0000, 0x0000, 0x0000, 0x0000, 0x0000, 0x0000,
    0x0000, 0x0000, 0x0020, 0x0841, 0x0020, 0xb5b6, 0xffff, 0xffbe, 0xffdf, 0xffdf, 0xffdf, 0xffff,
    0x528a, 0xb596, 0xffff, 0xffff, 0xdedb, 0xdefb, 0xffff, 0xffdf, 0xffdf, 0xf7be, 0x4228, 0xe6fb,
    0xffff, 0xffde, 0xffdf, 0xffff, 0xffff, 0xffdf, 0xffff, 0xffff, 0xffff, 0xbdf7, 0x52ca, 0x0841,
    0x0000, 0x0000, 0x0020, 0x0000, 0x0000, 0x0000, 0x0000, 0x0000, 0x0000, 0x0000, 0x0000, 0x0000,
    0x0000, 0x0000, 0x0000, 0x0000, 0x0000, 0x0000, 0x0000, 0x0000, 0x0000, 0x0000, 0x0000, 0x0000,
    0x0000, 0x0000, 0x0000, 0x0000, 0x0000, 0x0000, 0x0000, 0x0000, 0x0000, 0x0020, 0x0020, 0x1082,
    0xdefb, 0xffdf, 0xffdf, 0xffff, 0xffff, 0xffff, 0xffff, 0xffff, 0xffdf, 0xf7be, 0xffff, 0x7bef,
    0x94b2, 0xffff, 0xf79e, 0xf7be, 0xffdf, 0xffdf, 0xffff, 0xffff, 0xffff, 0xffff, 0xffff, 0xffff,
    0xffff, 0xffdf, 0xffff, 0xb5b6, 0x0020, 0x0020, 0x2124, 0xc618, 0xffff, 0xffff, 0x8410, 0x0000,
    0x0841, 0x0020, 0x0000, 0x0000, 0x0000, 0x0000, 0x0000, 0x0000, 0x0000, 0x0000, 0x0020, 0x0000,
    0x18c3, 0x528a, 0x18c3, 0x0000, 0x0000, 0x0000, 0x0000, 0x0000, 0x0000, 0x0020, 0x0020, 0x0820,
    0x0020, 0x10a2, 0xce9a, 0xffff, 0xf7be, 0xffdf, 0xffff, 0xe73c, 0x31a6, 0xe71c, 0xffff, 0xffdf,
    0xce59, 0xf7be, 0xffff, 0xffdf, 0xffff, 0xad55, 0x6b4d, 0xffff, 0xffdf, 0xffff, 0xffff, 0xffdf,
    0xffff, 0xffff, 0xffff, 0xb5b6, 0x4248, 0x0000, 0x0000, 0x0000, 0x0020, 0x0000, 0x0000, 0x0000,
    0x0000, 0x0000, 0x0000, 0x0000, 0x0000, 0x0000, 0x0000, 0x0000, 0x0000, 0x0000, 0x0000, 0x0000,
    0x0000, 0x0000, 0x0000, 0x0000, 0x0000, 0x0000, 0x0000, 0x0000, 0x0000, 0x0000, 0x0000, 0x0000,
    0x0000, 0x0000, 0x0000, 0x0000, 0x0000, 0x0020, 0x0000, 0x2124, 0xef5d, 0xffdf, 0xffdf, 0xffff,
    0xffff, 0xffff, 0xffff, 0xffff, 0xffff, 0xf7be, 0xffff, 0x7bef, 0x94b2, 0xffff, 0xf79e, 0xf7be,
    0xffdf, 0xffdf, 0xffff, 0xffff, 0xffff, 0xffff, 0xffff, 0xffff, 0xffff, 0xffdf, 0xf7be, 0xffff,
    0x9d14, 0x0841, 0x0000, 0x0020, 0x630c, 0xc638, 0xe73c, 0x3186, 0x0000, 0x0020, 0x0000, 0x0000,
    0x0000, 0x0000, 0x0000, 0x0000, 0x0000, 0x0000, 0x0000, 0x0000, 0x0000, 0x0861, 0x4a48, 0x2104,
    0x0000, 0x0000, 0x0000, 0x0000, 0x0000, 0x0000, 0x0000, 0x0000, 0x0820, 0x0000, 0x2104, 0xe73c,
    0xffff, 0xf79e, 0xffff, 0xb5b6, 0x4a49, 0xffff, 0xffdf, 0xef7d, 0xd69a, 0xffff, 0xffdf, 0xffdf,
    0xffff, 0x4a69, 0xc5f7, 0xffff, 0xffdf, 0xf7bf, 0xffff, 0xffff, 0xffdf, 0xa534, 0x39e7, 0x0000,
    0x0000, 0x0000, 0x0000, 0x0000, 0x0000, 0x0000, 0x0000, 0x0000, 0x0000, 0x0000, 0x0000, 0x0000,
    0x0000, 0x0000, 0x0000, 0x0000, 0x0000, 0x0000, 0x0000, 0x0000, 0x0000, 0x0000, 0x0000, 0x0000,
    0x0000, 0x0000, 0x0000, 0x0000, 0x0000, 0x0000, 0x0000, 0x0000, 0x0000, 0x0000, 0x0000, 0x0000,
    0x0000, 0x0020, 0x0000, 0x39c7, 0xf7be, 0xf7be, 0xffdf, 0xffff, 0xffff, 0xffff, 0xffff, 0xffff,
    0xffff, 0xf7be, 0xffff, 0x7bef, 0x94b2, 0xffff, 0xf79e, 0xf7be, 0xffdf, 0xffdf, 0xffff, 0xffff,
    0xffff, 0xffff, 0xffff, 0xffff, 0xffff, 0xffff, 0xffdf, 0xffde, 0xffff, 0xc618, 0x73ae, 0x8c51,
    0x39c7, 0x2104, 0x4a69, 0x528a, 0x0020, 0x0000, 0x0000, 0x0000, 0x0000, 0x0000, 0x0000, 0x0000,
    0x0000, 0x0000, 0x0000, 0x0000, 0x0000, 0x0000, 0x0000, 0x2124, 0x1082, 0x0000, 0x0000, 0x0000,
    0x0000, 0x0000, 0x0000, 0x0000, 0x0000, 0x0820, 0x0000, 0x4228, 0xffdf, 0xef7d, 0xffff, 0x8410,
    0x8c51, 0xffff, 0xffdf, 0xd6ba, 0xe71c, 0xffff, 0xf7be, 0xffff, 0xce59, 0x4a49, 0xffdf, 0xf79e,
    0xf7bf, 0xffff, 0xf7be, 0xa514, 0x31a6, 0x0000, 0x0000, 0x0000, 0x0000, 0x0000, 0x0000, 0x0000,
    0x0000, 0x0000, 0x0000, 0x0000, 0x0000, 0x0000, 0x0000, 0x0000, 0x0000, 0x0000, 0x0000, 0x0000,
    0x0000, 0x0000, 0x0000, 0x0000, 0x0000, 0x0000, 0x0000, 0x0000, 0x0000, 0x0000, 0x0000, 0x0000,
    0x0000, 0x0000, 0x0000, 0x0020, 0x0020, 0x0020, 0x0020, 0x0020, 0x0020, 0x0841, 0x0000, 0x4228,
    0xffff, 0xf79e, 0xffdf, 0xffff, 0xffff, 0xffff, 0xffff, 0xffff, 0xffff, 0xf7be, 0xffff, 0x7bef,
    0x94b2, 0xffff, 0xf79e, 0xf7be, 0xffdf, 0xffdf, 0xffff, 0xffff, 0xffff, 0xffff, 0xffff, 0xffff,
    0xffff, 0xffff, 0xffff, 0xffff, 0xffdf, 0xffff, 0xffff, 0xf7be, 0xffff, 0xef7d, 0xdefb, 0xef7d,
    0xad55, 0x0020, 0x0000, 0x0020, 0x0000, 0x0000, 0x0000, 0x0000, 0x0000, 0x0000, 0x0000, 0x0000,
    0x0000, 0x0000, 0x0000, 0x0000, 0x0020, 0x0000, 0x0000, 0x0000, 0x0000, 0x0000, 0x0000, 0x0000,
    0x0000, 0x0020, 0x0841, 0x0000, 0x5aeb, 0xffff, 0xffff, 0x528a, 0xce59, 0xffff, 0xffdf, 0xc638,
    0xffdf, 0xffff, 0xf7be, 0xffff, 0x73ae, 0x94b2, 0xffff, 0xffff, 0xf7be, 0x9cf3, 0x2985, 0x0000,
    0x0000, 0x0000, 0x0000, 0x0000, 0x0000, 0x0000, 0x0000, 0x0000, 0x0000, 0x0000, 0x0000, 0x0000,
    0x0000, 0x0000, 0x0000, 0x0000, 0x0000, 0x0000, 0x0000, 0x0000, 0x0000, 0x0000, 0x0000, 0x0000,
    0x0000, 0x0020, 0x0020, 0x0020, 0x0000, 0x0000, 0x0000, 0x0000, 0x0000, 0x0000, 0x0000, 0x0000,
    0x0000, 0x0000, 0x0000, 0x0000, 0x0000, 0x0020, 0x0000, 0x5acb, 0xffff, 0xf7be, 0xffdf, 0xffff,
    0xffff, 0xffff, 0xffff, 0xffff, 0xffff, 0xf7be, 0xffff, 0x7bef, 0x94b2, 0xffff, 0xf79e, 0xf7be,
    0xffdf, 0xffdf, 0xffff, 0xffff, 0xffff, 0xffff, 0xffff, 0xffff, 0xffff, 0xffff, 0xffff, 0xffff,
    0xffff, 0xffff, 0xffff, 0xffff, 0xffdf, 0xffff, 0xffff, 0xffdf, 0xffff, 0xc638, 0x18e3, 0x0000,
    0x0020, 0x0000, 0x0000, 0x0000, 0x0000, 0x0000, 0x0000, 0x0000, 0x0000, 0x0000, 0x0000, 0x0000,
    0x0000, 0x0000, 0x0000, 0x0000, 0x0000, 0x0000, 0x0000, 0x0000, 0x0000, 0x0000, 0x0000, 0x0841,
    0x0000, 0x73ae, 0xe71c, 0x4228, 0xf7be, 0xffff, 0xef5d, 0xc638, 0xffff, 0xffdf, 0xffff, 0xf79e,
    0x4a49, 0xf7be, 0xffdf, 0x9cf3, 0x3186, 0x0000, 0x0000, 0x0020, 0x0000, 0x0000, 0x0000, 0x0000,
    0x0000, 0x0000, 0x0000, 0x0000, 0x0000, 0x0000, 0x0000, 0x0000, 0x0000, 0x0000, 0x0000, 0x0000,
    0x0000, 0x0020, 0x0020, 0x0020, 0x0000, 0x0000, 0x0000, 0x0000, 0x0000, 0x0000, 0x0000, 0x0000,
    0x0000, 0x0000, 0x0000, 0x0841, 0x18a3, 0x2945, 0x39c7, 0x4a49, 0x5aeb, 0x738e, 0x8c51, 0x9cd3,
    0xad55, 0xbdd7, 0xc659, 0xe73c, 0xffff, 0xffff, 0xffff, 0xffff, 0xffff, 0xffff, 0xffff, 0xffff,
    0xffff, 0xf7be, 0xffff, 0x7bef, 0x94b2, 0xffff, 0xf79e, 0xf7be, 0xffdf, 0xffdf, 0xffff, 0xffff,
    0xffff, 0xffff, 0xffff, 0xffff, 0xffff, 0xffff, 0xffff, 0xffff, 0xffff, 0xffff, 0xffff, 0xffff,
    0xffff, 0xffdf, 0xffdf, 0xf7be, 0xffff, 0xdefb, 0x18c3, 0x0020, 0x0020, 0x0020, 0x0000, 0x0000,
    0x0000, 0x0000, 0x0000, 0x0000, 0x0000, 0x0000, 0x0000, 0x0000, 0x0000, 0x0000, 0x0000, 0x0000,
    0x0000, 0x0000, 0x0000, 0x0000, 0x0000, 0x0000, 0x0000, 0x0000, 0x0000, 0x0000, 0x39a7, 0x8c71,
    0xffff, 0xffdf, 0xd6ba, 0xd6ba, 0xffff, 0xf79e, 0xffff, 0xb596, 0x6b4d, 0xad55, 0x2965, 0x0000,
    0x0000, 0x0840, 0x0020, 0x0000, 0x0000, 0x0000, 0x0000, 0x0000, 0x0000, 0x0000, 0x0000, 0x0000,
    0x0000, 0x0020, 0x0000, 0x0000, 0x0000, 0x0000, 0x0000, 0x0000, 0x0000, 0x0000, 0x0000, 0x0000,
    0x0000, 0x0000, 0x0861, 0x18e3, 0x3186, 0x4a49, 0x630c, 0x7bcf, 0x9492, 0xad75, 0xc639, 0xd6ba,
    0xe73c, 0xf7be, 0xffff, 0xffff, 0xffff, 0xffff, 0xffff, 0xffff, 0xffff, 0xffff, 0xffff, 0xffff,
    0xffff, 0xffff, 0xffff, 0xffff, 0xffff, 0xffff, 0xffff, 0xffff, 0xffff, 0xf7be, 0xffff, 0x7bef,
    0x94b2, 0xffff, 0xf79e, 0xf7be
  },
  // LISTENING
  {
    0xffff, 0xffff, 0xffff, 0xffff, 0xffff, 0xffff, 0xffff, 0xffff, 0xffff, 0xffff, 0xffff, 0xffff,
    0xffff, 0xffff, 0xffff, 0xffff, 0xffff, 0xffff, 0xffff, 0xffff, 0xffff, 0xffff, 0xffff, 0xffff,
    0xffff, 0xffff, 0xffff, 0xffff, 0xffff, 0xffff, 0xffff, 0xffff, 0xffff, 0xffff, 0xffff, 0xffff,
    0xffff, 0xffff, 0xffff, 0xffff, 0xffff, 0xffff, 0xffff, 0xffff, 0xffff, 0xffff, 0xffff, 0xffff,
    0xffff, 0xffff, 0xffff, 0xffff, 0xffff, 0xffff, 0xffff, 0xffff, 0xffff, 0xffdf, 0xffff, 0xad75,
    0x0000, 0x1082, 0x0000, 0x31a6, 0xffff, 0xffff, 0xffff, 0xffff, 0xffff, 0xffff, 0xffff, 0xffff,
    0xffff, 0xffff, 0xffff, 0xffff, 0xffff, 0xffff, 0xffff, 0xffff, 0xffff, 0xffff, 0xffff, 0xffff,
    0xffff, 0xffff, 0xffff, 0xffff, 0xffff, 0xffff, 0xffff, 0xffff, 0xffff, 0xffff, 0xffff, 0xffff,
    0xffff, 0xffff, 0xffff, 0xffff, 0xffff, 0xffff, 0xffff, 0xffff, 0xffff, 0xffff, 0xffff, 0xffff,
    0xffff, 0xffff, 0xffff, 0xffff, 0xffff, 0xffff, 0xffff, 0xffff, 0xffff, 0xffff, 0xffff, 0xffff,
    0xffff, 0xffdf, 0xffff, 0xc618, 0x630c, 0xffff, 0xffdf, 0xffff, 0xffff, 0xffff, 0xffff, 0xffff,
    0xffff, 0xffff, 0xffff, 0xffff, 0xffff, 0xffff, 0xffff, 0xffff, 0xffff, 0xffff, 0xffff, 0xffff,
    0xffff, 0xffff, 0xffff, 0xffff, 0xffff, 0xffff, 0xffff, 0xffff, 0xffff, 0xffff, 0xffff, 0xffff,
    0xffff, 0xffff, 0xffff, 0xffff, 0xffff, 0xffff, 0xffff, 0xffff, 0xffff, 0xffff, 0xffff, 0xffff,
    0xffff, 0xffff, 0xffff, 0xffff, 0xffff, 0xffff, 0xffff, 0xffff, 0xffff, 0xffff, 0xffff, 0xffff,
    0xffff, 0xffff, 0xffff, 0xffff, 0xffff, 0xffdf, 0xffff, 0x8450, 0x0000, 0x10a2, 0x0000, 0x8c71,
    0xffff, 0xf7be, 0xffff, 0xffff, 0xffff, 0xffff, 0xffff, 0xffff, 0xffff, 0xffff, 0xffff, 0xffff,
    0xffff, 0xffff, 0xffff, 0xffff, 0xffff, 0xffff, 0xffff, 0xffff, 0xffff, 0xffff, 0xffff, 0xffff,
    0xffff, 0xffff, 0xffff, 0xffff, 0xffff, 0xffff, 0xffff, 0xffff, 0xffff, 0xffff, 0xffff, 0xffff,
    0xffff, 0xffff, 0xffff, 0xffff, 0xffff, 0xffff, 0xffff, 0xffff, 0xffff, 0xffff, 0xffff, 0xffff,
    0xffff, 0xffff, 0xffff, 0xffff, 0xffff, 0xffff, 0xffff, 0xffff, 0xffff, 0xffdf, 0xffff, 0xc618,
    0x630c, 0xffff, 0xffdf, 0xffff, 0xffff, 0xffff, 0xffff, 0xffff, 0xffff, 0xffff, 0xffff, 0xffff,
    0xffff, 0xffff, 0xffff, 0xffff, 0xffff, 0xffff, 0xffff, 0xffff, 0xffff, 0xffff, 0xffff, 0xffff,
    0xffff, 0xffff, 0xffff, 0xffff, 0xffff, 0xffff, 0xffff, 0xffff, 0xffff, 0xffff, 0xffff, 0xffff,
    0xffff, 0xffff, 0xffff, 0xffff, 0xffff, 0xffff, 0xffff, 0xffff, 0xffff, 0xffff, 0xffff, 0xffff,
    0xffff, 0xffff, 0xffff, 0xffff, 0xffff, 0xffff, 0xffff, 0xffff, 0xffff, 0xffff, 0xffff, 0xffff,
    0xffff, 0xffdf, 0xffff, 0x8c51, 0x0000, 0x1082, 0x0841, 0xce59, 0xffff, 0xf7be, 0xffff, 0xffff,
    0xffff, 0xffff, 0xffff, 0xffff, 0xffff, 0xffff, 0xffff, 0xffff, 0xffff, 0xffff, 0xffff, 0xffff,
    0xffff, 0xffff, 0xffff, 0xffff, 0xffff, 0xffff, 0xffff, 0xffff, 0xffff, 0xffff, 0xffff, 0xffff,
    0xffff, 0xffff, 0xffff, 0xffff, 0xffff, 0xffff, 0xffff, 0xffff, 0xffff, 0xffff, 0xffff, 0xffff,
    0xffff, 0xffff, 0xffff, 0xffff, 0xffff, 0xffff, 0xffff, 0xffff, 0xffff, 0xffff, 0xffff, 0xffff,
    0xffff, 0xffff, 0xffff, 0xffff, 0xffff, 0xffdf, 0xffff, 0xc618, 0x630c, 0xffff, 0xffdf, 0xffff,
    0xffff, 0xffff, 0xffff, 0xffff, 0xffff, 0xffff, 0xffff, 0xffff, 0xffff, 0xffff, 0xffff, 0xffff,
    0xffff, 0xffff, 0xffff, 0xffff, 0xffff, 0xffff, 0xffff, 0xffff, 0xffff, 0xffff, 0xffff, 0xffff,
    0xffff, 0xffff, 0xffff, 0xffff, 0xffff, 0xffff, 0xffff, 0xffff, 0xffff, 0xffff, 0xffff, 0xffff,
    0xffff, 0xffff, 0xffff, 0xffff, 0xffff, 0xffff, 0xffff, 0xffff, 0xffff, 0xffff, 0xffff, 0xffff,
    0xffff, 0xffff, 0xffff, 0xffff, 0xffff, 0xffff, 0xffff, 0xffff, 0xffff, 0xffdf, 0xffff, 0xb596,
    0x0000, 0x0841, 0x2104, 0xef3d, 0xffdf, 0xf7be, 0xffdf, 0xffff, 0xffff, 0xffff, 0xffff, 0xffff,
    0xffff, 0xffff, 0xffff, 0xffff, 0xffff, 0xffff, 0xffff, 0xffff, 0xffff, 0xffff, 0xffff, 0xffff,
    0xffff, 0xffff, 0xffff, 0xffff, 0xffff, 0xffff, 0xffff, 0xffff, 0xffff, 0xffff, 0xffff, 0xffff,
    0xffff, 0xffff, 0xffff, 0xffff, 0xffff, 0xffff, 0xffff, 0xffff, 0xffff, 0xffff, 0xffff, 0xffff,
    0xffff, 0xffff, 0xffff, 0xffff, 0xffff, 0xffff, 0xffff, 0xffff, 0xffff, 0xffff, 0xffff, 0xffff,
    0xffff, 0xffdf, 0xffff, 0xc618, 0x630c, 0xffff, 0xffdf, 0xffff, 0xffff, 0xffff, 0xffff, 0xffff,
    0xffff, 0xffff, 0xffff, 0xffff, 0xffff, 0xffff, 0xffff, 0xffff, 0xffff, 0xffff, 0xffff, 0xffff,
    0xffff, 0xffff, 0xffff, 0xffff, 0xffff, 0xffff, 0xffff, 0xffff, 0xffff, 0xffff, 0xffff, 0xffff,
    0xffff, 0xffff, 0xffff, 0xffff, 0xffff, 0xffff, 0xffff, 0xffff, 0xffff, 0xffff, 0xffff, 0xffff,
    0xffff, 0xffff, 0xffff, 0xffff, 0xffff, 0xffff, 0xffff, 0xffff, 0xffff, 0xffff, 0xffff, 0xffff,
    0xffff, 0xffff, 0xffff, 0xffff, 0xffff, 0xffdf, 0xffdf, 0xef5d, 0x2104, 0x0020, 0x2945, 0xef7d,
    0xffdf, 0xffdf, 0xffff, 0xffff, 0xffff, 0xffff, 0xffff, 0xffff, 0xffff, 0xffff, 0xffff, 0xffff,
    0xffff, 0xffff, 0xffff, 0xffff, 0xffff, 0xffff, 0xffff, 0xffff, 0xffff, 0xffff, 0xffff, 0xffff,
    0xffff, 0xffff, 0xffff, 0xffff, 0xffff, 0xffff, 0xffff, 0xffff, 0xffff, 0xffff, 0xffff, 0xffff,
    0xffff, 0xffff, 0xffff, 0xffff, 0xffff, 0xffff, 0xffff, 0xffff, 0xffff, 0xffff, 0xffff, 0xffff,
    0xffff, 0xffff, 0xffff, 0xffff, 0xffff, 0xffff, 0xffff, 0xffff, 0xffff, 0xffdf, 0xffff, 0xc618,
    0x630c, 0xffff, 0xffdf, 0xffff, 0xffff, 0xffff, 0xffff, 0xffff, 0xffff, 0xffff, 0xffff, 0xffff,
    0xffff, 0xffff, 0xffff, 0xffff, 0xffff, 0xffff, 0xffff, 0xffff, 0xffff, 0xffff, 0xffff, 0xffff,
    0xffff, 0xffff, 0xffff, 0xffff, 0xffff, 0xffff, 0xffff, 0xffff, 0xffff, 0xffff, 0xffff, 0xffff,
    0xffff, 0xffff, 0xffff, 0xffff, 0xffff, 0xffff, 0xffff, 0xffff, 0xffff, 0xffff, 0xffff, 0xffff,
    0xffff, 0xffff, 0xffff, 0xffff, 0xffff, 0xffff, 0xffff, 0xffff, 0xffff, 0xffff, 0xffff, 0xffdf,
    0xffdf, 0xf7be, 0xf79e, 0xffff, 0x9cd3, 0x0000, 0x2104, 0xef7d, 0xffdf, 0xf7be, 0xffff, 0xffff,
    0xffdf, 0xffdf, 0xffdf, 0xffdf, 0xffdf, 0xffdf, 0xffdf, 0xffff, 0xffff, 0xffff, 0xffff, 0xffff,
    0xffff, 0xffff, 0xffff, 0xffff, 0xffff, 0xffff, 0xffff, 0xffff, 0xffff, 0xffff, 0xffff, 0xffff,
    0xffff, 0xffff, 0xffff, 0xffff, 0xffff, 0xffff, 0xffff, 0xffff, 0xffff, 0xffff, 0xffff, 0xffff,
    0xffff, 0xffff, 0xffff, 0xffff, 0xffff, 0xffff, 0xffff, 0xffff, 0xffff, 0xffff, 0xffff, 0xffff,
    0xffff, 0xffff, 0xffff, 0xffff, 0xffff, 0xffdf, 0xffff, 0xc618, 0x630c, 0xffff, 0xffdf, 0xffff,
    0xffff, 0xffff, 0xffff, 0xffff, 0xffff, 0xffff, 0xffff, 0xffff, 0xffff, 0xffff, 0xffff, 0xffff,
    0xffff, 0xffff, 0xffff, 0xffff, 0xffff, 0xffff, 0xffff, 0xffff, 0xffff, 0xffff, 0xffff, 0xffff,
    0xffff, 0xffff, 0xffff, 0xffff, 0xffff, 0xffff, 0xffff, 0xffff, 0xffff, 0xffff, 0xffff, 0xffff,
    0xffff, 0xffff, 0xffff, 0xffff, 0xffff, 0xffff, 0xffff, 0xffff, 0xffff, 0xffff, 0xffff, 0xffff,
    0xffff, 0xffff, 0xffff, 0xffff, 0xffff, 0xffdf, 0xffff, 0xffff, 0xffff, 0xffff, 0xffff, 0xffff,
    0xffff, 0x6b6d, 0x0020, 0xdedb, 0xffff, 0xffff, 0xffff, 0xffff, 0xffff, 0xffff, 0xffff, 0xffff,
    0xffff, 0xffff, 0xffff, 0xffff, 0xffff, 0xffdf, 0xffdf, 0xffdf, 0xffff, 0xffff, 0xffff, 0xffff,
    0xffff, 0xffff, 0xffff, 0xffff, 0xffff, 0xffff, 0xffff, 0xffff, 0xffff, 0xffff, 0xffff, 0xffff,
    0xffff, 0xffff, 0xffff, 0xffff, 0xffff, 0xffff, 0xffff, 0xffff, 0xffff, 0xffff, 0xffff, 0xffff,
    0xffff, 0xffff, 0xffff, 0xffff, 0xffff, 0xffff, 0xffff, 0xffff, 0xffff, 0xffff, 0xffff, 0xffff,
    0xffff, 0xffdf, 0xffff, 0xc618, 0x630c, 0xffff, 0xffdf, 0xffff, 0xffff, 0xffff, 0xffff, 0xffff,
    0xffff, 0xffff, 0xffff, 0xffff, 0xffff, 0xffff, 0xffff, 0xffff, 0xffff, 0xffff, 0xffff, 0xffff,
    0xffff, 0xffff, 0xffff, 0xffff, 0xffff, 0xffff, 0xffff, 0xffff, 0xffff, 0xffff, 0xffff, 0xffff,
    0xffff, 0xffff, 0xffff, 0xffff, 0xffff, 0xffff, 0xffff, 0xffff, 0xffff, 0xffff, 0xffff, 0xffff,
    0xffff, 0xffff, 0xffff, 0xffff, 0xffff, 0xffff, 0xffff, 0xffff, 0xffff, 0xffff, 0xffdf, 0xffff,
    0xffff, 0xffff, 0xffdf, 0xce79, 0x9cd3, 0x73ae, 0x5aeb, 0x52aa, 0x6b6d, 0x8c51, 0x1082, 0x736e,
    0x7bcf, 0x4a69, 0x632c, 0x73ae, 0x9cf3, 0xa514, 0x8c51, 0x8410, 0x8430, 0x9cd3, 0xb5b6, 0xd6ba,
    0xf7be, 0xffff, 0xffff, 0xffff, 0xffdf, 0xffdf, 0xffff, 0xffff, 0xffff, 0xffff, 0xffff, 0xffff,
    0xffff, 0xffff, 0xffff, 0xffff, 0xffff, 0xffff, 0xffff, 0xffff, 0xffff, 0xffff, 0xffff, 0xffff,
    0xffff, 0xffff, 0xffff, 0xffff, 0xffff, 0xffff, 0xffff, 0xffff, 0xffff, 0xffff, 0xffff, 0xffff,
    0xffff, 0xffff, 0xffff, 0xffff, 0xffff, 0xffff, 0xffff, 0xffff, 0xffff, 0xffff, 0xffff, 0xc618,
    0x630c, 0xffff, 0xffdf, 0xffff, 0xffff, 0xffff, 0xffff, 0xffff, 0xffff, 0xffff, 0xffff, 0xffff,
    0xffff, 0xffff, 0xffff, 0xffff, 0xffff, 0xffff, 0xffff, 0xffff, 0xffff, 0xffff, 0xffff, 0xffff,
    0xffff, 0xffff, 0xffff, 0xffff, 0xffff, 0xffff, 0xffff, 0xffff, 0xffff, 0xffff, 0xffff, 0xffff,
    0xffff, 0xffff, 0xffff, 0xffff, 0xffff, 0xffff, 0xffff, 0xffff, 0xffff, 0xffff, 0xffff, 0xffff,
    0xffff, 0xffff, 0xffff, 0xffff, 0xffdf, 0xffff, 0xffff, 0xf7be, 0xb596, 0x630c, 0x2124, 0x10a2,
    0x1082, 0x1082, 0x3186, 0x52aa, 0x738e, 0x8430, 0x9492, 0x5acb, 0x5acb, 0x0000, 0x0000, 0x0000,
    0x0000, 0x0841, 0x0000, 0x0000, 0x0000, 0x0000, 0x0000, 0x0861, 0x2945, 0x5aeb, 0x9cf3, 0xdedb,
    0xffff, 0xffff, 0xffff, 0xffdf, 0xffff, 0xffff, 0xffff, 0xffff, 0xffff, 0xffff, 0xffff, 0xffff,
    0xffff, 0xffff, 0xffff, 0xffff, 0xffff, 0xffff, 0xffff, 0xffff, 0xffff, 0xffff, 0xffff, 0xffff,
    0xffff, 0xffff, 0xffff, 0xffff, 0xffff, 0xffff, 0xffff, 0xffff, 0xffff, 0xffff, 0xffff, 0xffff,
    0xffff, 0xffff, 0xffff, 0xffff, 0xffff, 0xffdf, 0xffff, 0xc618, 0x630c, 0xffff, 0xffdf, 0xffff,
    0xffff, 0xffff, 0xffff, 0xffff, 0xffff, 0xffff, 0xffff, 0xffff, 0xffff, 0xffff, 0xffff, 0xffff,
    0xffff, 0xffff, 0xffff, 0xffff, 0xffff, 0xffff, 0xffff, 0xffff, 0xffff, 0xffff, 0xffff, 0xffff,
    0xffff, 0xffff, 0xffff, 0xffff, 0xffff, 0xffff, 0xffff, 0xffff, 0xffff, 0xffff, 0xffff, 0xffff,
    0xffff, 0xffff, 0xffff, 0xffff, 0xffff, 0xffff, 0xffff, 0xffff, 0xffff, 0xffff, 0xffdf, 0xffff,
    0xffff, 0xdefc, 0x73ae, 0x18c3, 0x10a2, 0x39e7, 0x5aeb, 0x632c, 0x4208, 0x18e3, 0x18c3, 0x10a2,
    0x18e3, 0x2965, 0x52aa, 0x7bef, 0x5aca, 0x10a2, 0x2124, 0x630c, 0x632c, 0x630c, 0x6b4d, 0x738e,
    0x6b4d, 0x4208, 0x0841, 0x0000, 0x0000, 0x0000, 0x0000, 0x1082, 0x4a69, 0x9cf3, 0xef5c, 0xffff,
    0xffff, 0xffdf, 0xffdf, 0xffff, 0xffff, 0xffff, 0xffff, 0xffff, 0xffff, 0xffff, 0xffff, 0xffff,
    0xffff, 0xffff, 0xffff, 0xffff, 0xffff, 0xffff, 0xffff, 0xffff, 0xffff, 0xffff, 0xffff, 0xffff,
    0xffff, 0xffff, 0xffff, 0xffff, 0xffff, 0xffff, 0xffff, 0xffff, 0xffff, 0xffff, 0xffff, 0xffff,
    0xffff, 0xffdf, 0xffff, 0xc618, 0x630c, 0xffff, 0xffdf, 0xffff, 0xffff, 0xffff, 0xffff, 0xffff,
    0xffff, 0xffff, 0xffff, 0xffff, 0xffff, 0xffff, 0xffff, 0xffff, 0xffff, 0xffff, 0xffff, 0xffff,
    0xffff, 0xffff, 0xffff, 0xffff, 0xffff, 0xffff, 0xffff, 0xffff, 0xffff, 0xffff, 0xffff, 0xffff,
    0xffff, 0xffff, 0xffff, 0xffff, 0xffff, 0xffff, 0xffff, 0xffff, 0xffff, 0xffff, 0xffff, 0xffff,
    0xffff, 0xffff, 0xffff, 0xffff, 0xffdf, 0xffff, 0xffff, 0xd6ba, 0x5acb, 0x0841, 0x3186, 0x8410,
    0x8c71, 0x52aa, 0x18e3, 0x0000, 0x0000, 0x0000, 0x0000, 0x0000, 0x0000, 0x0000, 0x0000, 0x0000,
    0x0020, 0x0000, 0x0861, 0x0841, 0x0000, 0x0000, 0x0000, 0x1082, 0x31a6, 0x738e, 0x9cd3, 0x6b4d,
    0x0861, 0x0000, 0x0841, 0x0020, 0x0000, 0x0000, 0x18c3, 0x6b6d, 0xce79, 0xffff, 0xffff, 0xf7be,
    0xffdf, 0xffff, 0xffff, 0xffff, 0xffff, 0xffff, 0xffff, 0xffff, 0xffff, 0xffff, 0xffff, 0xffff,
    0xffff, 0xffff, 0xffff, 0xffff, 0xffff, 0xffff, 0xffff, 0xffff, 0xffff, 0xffff, 0xffff, 0xffff,
    0xffff, 0xffff, 0xffff, 0xffff, 0xffff, 0xffff, 0xffff, 0xffff, 0xffff, 0xffff, 0xffff, 0xc618,
    0x630c, 0xffff, 0xffdf, 0xffff, 0xffff, 0xffff, 0xffff, 0xffff, 0xffff, 0xffff, 0xffff, 0xffff,
    0xffff, 0xffff, 0xffff, 0xffff, 0xffff, 0xffff, 0xffff, 0xffff, 0xffff, 0xffff, 0xffff, 0xffff,
    0xffff, 0xffff, 0xffff, 0xffff, 0xffff, 0xffff, 0xffff, 0xffff, 0xffff, 0xffff, 0xffff, 0xffff,
    0xffff, 0xffff, 0xffff, 0xffff, 0xffff, 0xffff, 0xffff, 0xffff, 0xffff, 0xffff, 0xffff, 0xffdf,
    0xffff, 0xef5d, 0x630c, 0x0841, 0x4a69, 0xbdd7, 0xad75, 0x4228, 0x0000, 0x0000, 0x0000, 0x0000,
    0x0000, 0x0000, 0x0000, 0x0000, 0x0000, 0x0000, 0x0020, 0x0000, 0x0000, 0x0000, 0x0000, 0x0000,
    0x0000, 0x0020, 0x0020, 0x0000, 0x0000, 0x0000, 0x10a2, 0x7bcf, 0xbdf7, 0x634d, 0x0000, 0x0000,
    0x0020, 0x0020, 0x0000, 0x0000, 0x0020, 0x5aeb, 0xd69a, 0xffff, 0xffff, 0xffdf, 0xffff, 0xffff,
    0xffff, 0xffff, 0xffff, 0xffff, 0xffff, 0xffff, 0xffff, 0xffff, 0xffff, 0xffff, 0xffff, 0xffff,
    0xffff, 0xffff, 0xffff, 0xffff, 0xffff, 0xffff, 0xffff, 0xffff, 0xffff, 0xffff, 0xffff, 0xffff,
    0xffff, 0xffff, 0xffff, 0xffff, 0xffff, 0xffdf, 0xffff, 0xc618, 0x630c, 0xffff, 0xffdf, 0xffff,
    0xffff, 0xffff, 0xffff, 0xffff, 0xffff, 0xffff, 0xffff, 0xffff, 0xffff, 0xffff, 0xffff, 0xffff,
    0xffff, 0xffff, 0xffff, 0xffff, 0xffff, 0xffff, 0xffff, 0xffff, 0xffff, 0xffff, 0xffff, 0xffff,
    0xffff, 0xffff, 0xffff, 0xffff, 0xffff, 0xffff, 0xffff, 0xffff, 0xffff, 0xffff, 0xffff, 0xffff,
    0xffff, 0xffff, 0xffff, 0xffff, 0xffff, 0xffdf, 0xffff, 0xffff, 0x94b2, 0x10a2, 0x39e7, 0xd69a,
    0xdefb, 0x52aa, 0x0000, 0x0000, 0x0000, 0x0000, 0x0000, 0x0000, 0x0000, 0x0000, 0x0000, 0x0000,
    0x0000, 0x0000, 0x0000, 0x0000, 0x0000, 0x0000, 0x0000, 0x0000, 0x0000, 0x0000, 0x0000, 0x0000,
    0x0000, 0x0020, 0x0000, 0x0000, 0x2945, 0xce59, 0xc638, 0x2965, 0x0000, 0x0020, 0x0020, 0x0020,
    0x0020, 0x0000, 0x0841, 0x738e, 0xef5d, 0xffff, 0xffdf, 0xffff, 0xffff, 0xffff, 0xffff, 0xffff,
    0xffff, 0xffff, 0xffff, 0xffff, 0xffff, 0xffff, 0xffff, 0xffff, 0xffff, 0xffff, 0xffff, 0xffff,
    0xffff, 0xffff, 0xffff, 0xffff, 0xffff, 0xffff, 0xffff, 0xffff, 0xffff, 0xffff, 0xffff, 0xffff,
    0xffff, 0xffff, 0xffff, 0xc618, 0x630c, 0xffff, 0xffdf, 0xffff, 0xffff, 0xffff, 0xffff, 0xffff,
    0xffff, 0xffff, 0xffff, 0xffff, 0xffff, 0xffff, 0xffff, 0xffff, 0xffff, 0xffff, 0xffff, 0xffff,
    0xffff, 0xffff, 0xffff, 0xffff, 0xffff, 0xffff, 0xffff, 0xffff, 0xffff, 0xffff, 0xffff, 0xffff,
    0xffff, 0xffff, 0xffff, 0xffff, 0xffff, 0xffff, 0xffff, 0xffff, 0xffff, 0xffff, 0xffff, 0xffff,
    0xffdf, 0xffff, 0xd69a, 0x39c7, 0x18e3, 0xad75, 0xffff, 0x94b2, 0x0841, 0x0000, 0x0020, 0x0000,
    0x0000, 0x0000, 0x0000, 0x0000, 0x0000, 0x0000, 0x0000, 0x0000, 0x0000, 0x0000, 0x0000, 0x0000,
    0x0000, 0x0000, 0x0000, 0x0000, 0x0000, 0x0000, 0x0000, 0x0000, 0x0000, 0x0000, 0x0000, 0x0020,
    0x0000, 0x0000, 0xb5b6, 0xffff, 0x6b6e, 0x0000, 0x0000, 0x0840, 0x0020, 0x0820, 0x0000, 0x0000,
    0x18e4, 0xa514, 0xffff, 0xffdf, 0xffdf, 0xffff, 0xffff, 0xffff, 0xffff, 0xffff, 0xffff, 0xffff,
    0xffff, 0xffff, 0xffff, 0xffff, 0xffff, 0xffff, 0xffff, 0xffff, 0xffff, 0xffff, 0xffff, 0xffff,
    0xffff, 0xffff, 0xffff, 0xffff, 0xffff, 0xffff, 0xffff, 0xffff, 0xffff, 0xffdf, 0xffff, 0xc618,
    0x630c, 0xffff, 0xffdf, 0xffff, 0xffff, 0xffff, 0xffff, 0xffff, 0xffff, 0xffff, 0xffff, 0xffff,
    0xffff, 0xffff, 0xffff, 0xffff, 0xffff, 0xffff, 0xffff, 0xffff, 0xffff, 0xffff, 0xffff, 0xffff,
    0xffff, 0xffff, 0xffff, 0xffff, 0xffff, 0xffff, 0xffff, 0xffff, 0xffff, 0xffff, 0xffff, 0xffff,
    0xffff, 0xffff, 0xffff, 0xffff, 0xffff, 0xffff, 0xffdf, 0xffff, 0xffff, 0x8c51, 0x1082, 0x6b6d,
    0xffff, 0xf7be, 0x4a69, 0x0000, 0x0000, 0x0020, 0x0000, 0x0000, 0x0000, 0x0000, 0x0000, 0x0000,
    0x0000, 0x0000, 0x0000, 0x0000, 0x0000, 0x0000, 0x0000, 0x0000, 0x0000, 0x0000, 0x0000, 0x0000,
    0x0000, 0x0000, 0x0000, 0x0000, 0x0000, 0x0000, 0x0000, 0x0000, 0x0840, 0x0020, 0x0000, 0xb576,
    0xffff, 0xad55, 0x1082, 0x0000, 0x0020, 0x0000, 0x0000, 0x0020, 0x0000, 0x0000, 0x5acb, 0xef5d,
    0xffff, 0xf7be, 0xffff, 0xffff, 0xffff, 0xffff, 0xffff, 0xffff, 0xffff, 0xffff, 0xffff, 0xffff,
    0xffff, 0xffff, 0xffff, 0xffff, 0xffff, 0xffff, 0xffff, 0xffff, 0xffff, 0xffff, 0xffff, 0xffff,
    0xffff, 0xffff, 0xffff, 0xffff, 0xffff, 0xffdf, 0xffff, 0xc618, 0x630c, 0xffff, 0xffdf, 0xffff,
    0xffff, 0xffff, 0xffff, 0xffff, 0xffff, 0xffff, 0xffff, 0xffff, 0xffff, 0xffff, 0xffff, 0xffff,
    0xffff, 0xffff, 0xffff, 0xffff, 0xffff, 0xffff, 0xffff, 0xffff, 0xffff, 0xffff, 0xffff, 0xffff,
    0xffff, 0xffff, 0xffff, 0xffff, 0xffff, 0xffff, 0xffff, 0xffff, 0xffff, 0xffff, 0xffff, 0xffff,
    0xffff, 0xf7be, 0xffff, 0xef7d, 0x4a49, 0x2945, 0xc618, 0xffff, 0xd6ba, 0x2124, 0x0000, 0x0020,
    0x0000, 0x0000, 0x0000, 0x0000, 0x0000, 0x0000, 0x0000, 0x0000, 0x0000, 0x0000, 0x0000, 0x0000,
    0x0000, 0x0000, 0x0000, 0x0000, 0x0000, 0x0000, 0x0000, 0x0000, 0x0000, 0x0000, 0x0000, 0x0000,
    0x0000, 0x0000, 0x0000, 0x0000, 0x0000, 0x0000, 0x0020, 0x0841, 0xc638, 0xffff, 0xc659, 0x2124,
    0x0000, 0x0841, 0x0000, 0x0000, 0x0020, 0x0841, 0x0000, 0x2124, 0xc638, 0xffff, 0xffdf, 0xffdf,
    0xffff, 0xffff, 0xffff, 0xffff, 0xffff, 0xffff, 0xffff, 0xffff, 0xffff, 0xffff, 0xffff, 0xffff,
    0xffff, 0xffff, 0xffff, 0xffff, 0xffff, 0xffff, 0xffff, 0xffff, 0xffff, 0xffff, 0xffff, 0xffff,
    0xffff, 0xffdf, 0xffff, 0xc618, 0x630c, 0xffff, 0xffdf, 0xffff, 0xffff, 0xffff, 0xffff, 0xffff,
    0xffff, 0xffff, 0xffff, 0xffff, 0xffff, 0xffff, 0xffff, 0xffff, 0xffff, 0xffff, 0xffff, 0xffff,
    0xffff, 0xffff, 0xffff, 0xffff, 0xffff, 0xffff, 0xffff, 0xffff, 0xffff, 0xffff, 0xffff, 0xffff,
    0xffff, 0xffff, 0xffff, 0xffff, 0xffff, 0xffff, 0xffff, 0xffff, 0xf7be, 0xffff, 0xce79, 0x18e3,
    0x52aa, 0xf79e, 0xffff, 0xc638, 0x18c3, 0x0000, 0x0841, 0x0000, 0x0000, 0x0000, 0x0000, 0x0000,
    0x0000, 0x0000, 0x0000, 0x0000, 0x0000, 0x0000, 0x0000, 0x0000, 0x0000, 0x0000, 0x0000, 0x0000,
    0x0000, 0x0000, 0x0000, 0x0000, 0x0000, 0x0000, 0x0000, 0x0000, 0x0000, 0x0000, 0x0000, 0x0000,
    0x0000, 0x0000, 0x0841, 0x0000, 0x2945, 0xef5d, 0xffff, 0xe73c, 0x39c7, 0x0000, 0x0840, 0x0020,
    0x0020, 0x0020, 0x0841, 0x0000, 0x0841, 0x9cf3, 0xffff, 0xffdf, 0xffdf, 0xffff, 0xffff, 0xffff,
    0xffff, 0xffff, 0xffff, 0xffff, 0xffff, 0xffff, 0xffff, 0xffff, 0xffff, 0xffff, 0xffff, 0xffff,
    0xffff, 0xffff, 0xffff, 0xffff, 0xffff, 0xffff, 0xffff, 0xffff, 0xffff, 0xffdf, 0xffff, 0xc638,
    0x630c, 0xffff, 0xffdf, 0xffff, 0xffff, 0xffff, 0xffff, 0xffff, 0xffff, 0xffff, 0xffff, 0xffff,
    0xffff, 0xffff, 0xffff, 0xffff, 0xffff, 0xffff, 0xffff, 0xffff, 0xffff, 0xffff, 0xffff, 0xffff,
    0xffff, 0xffff, 0xffff, 0xffff, 0xffff, 0xffff, 0xffff, 0xffff, 0xffff, 0xffff, 0xffff, 0xffff,
    0xffff, 0xffff, 0xffff, 0xffdf, 0xffff, 0xad55, 0x0841, 0x8c31, 0xffff, 0xffdf, 0xd69a, 0x18c3,
    0x0000, 0x0841, 0x0000, 0x0000, 0x0000, 0x0000, 0x0000, 0x0000, 0x0000, 0x0000, 0x0000, 0x0000,
    0x0000, 0x0000, 0x0000, 0x0000, 0x0000, 0x0000, 0x0000, 0x0000, 0x0000, 0x0000, 0x0000, 0x0000,
    0x0000, 0x0000, 0x0000, 0x0000, 0x0000, 0x0000, 0x0000, 0x0000, 0x0000, 0x0000, 0x0000, 0x0020,
    0x0000, 0x8410, 0xffff, 0xf7be, 0xef7d, 0x41e8, 0x0000, 0x0840, 0x0020, 0x0000, 0x0000, 0x0020,
    0x0020, 0x0000, 0x7bcf, 0xffff, 0xffdf, 0xffff, 0xffff, 0xffff, 0xffff, 0xffff, 0xffff, 0xffff,
    0xffff, 0xffff, 0xffff, 0xffff, 0xffff, 0xffff, 0xffff, 0xffff, 0xffff, 0xffff, 0xffff, 0xffff,
    0xffff, 0xffff, 0xffff, 0xffff, 0xffff, 0xffdf, 0xffff, 0xc638, 0x630c, 0xffff, 0xffdf, 0xffff,
    0xffff, 0xffff, 0xffff, 0xffff, 0xffff, 0xffff, 0xffff, 0xffff, 0xffff, 0xffff, 0xffff, 0xffff,
    0xffff, 0xffff, 0xffff, 0xffff, 0xffff, 0xffff, 0xffff, 0xffff, 0xffff, 0xffff, 0xffff, 0xffff,
    0xffff, 0xffff, 0xffff, 0xffff, 0xffff, 0xffff, 0xffff, 0xffff, 0xffff, 0xffff, 0xf7be, 0xffff,
    0x94b2, 0x0041, 0xad75, 0xffff, 0xf7de, 0xf77e, 0x3186, 0x0000, 0x0020, 0x0020, 0x0020, 0x0000,
    0x0020, 0x0000, 0x1082, 0x4208, 0x0020, 0x0000, 0x0000, 0x0000, 0x0000, 0x0000, 0x0000, 0x0000,
    0x0000, 0x0000, 0x0000, 0x2945, 0x0000, 0x0000, 0x0000, 0x0000, 0x0000, 0x0000, 0x0000, 0x0000,
    0x0000, 0x0000, 0x0000, 0x0000, 0x0000, 0x0000, 0x0000, 0x0020, 0x0020, 0x10a2, 0xdefb, 0xf7be,
    0xffff, 0xef5d, 0x2124, 0x0000, 0x0041, 0x0000, 0x0000, 0x0000, 0x0000, 0x0020, 0x0000, 0x6b4d,
    0xffff, 0xffdf, 0xffdf, 0xffff, 0xffff, 0xffff, 0xffff, 0xffff, 0xffff, 0xffff, 0xffff, 0xffff,
    0xffff, 0xffff, 0xffff, 0xffff, 0xffff, 0xffff, 0xffff, 0xffff, 0xffff, 0xffff, 0xffff, 0xffff,
    0xffff, 0xffdf, 0xffff, 0xc618, 0x630c, 0xffff, 0xffdf, 0xffff, 0xffff, 0xffff, 0xffff, 0xffff,
    0xffff, 0xffff, 0xffff, 0xffff, 0xffff, 0xffff, 0xffff, 0xffff, 0xffff, 0xffff, 0xffff, 0xffff,
    0xffff, 0xffff, 0xffff, 0xffff, 0xffff, 0xffff, 0xffff, 0xffff, 0xffff, 0xffff, 0xffff, 0xffff,
    0xffff, 0xffff, 0xffff, 0xffff, 0xffdf, 0xf7be, 0xffff, 0x8430, 0x0841, 0xc638, 0xffff, 0xef7d,
    0xffff, 0x5acb, 0x0000, 0x1082, 0x0020, 0x0000, 0x0020, 0x0020, 0x0000, 0x0861, 0x8c51, 0x2104,
    0x0000, 0x0000, 0x0000, 0x0000, 0x0000, 0x0000, 0x0000, 0x0000, 0x0020, 0x0000, 0x1082, 0x6b6d,
    0x0000, 0x0000, 0x0000, 0x0000, 0x0000, 0x0000, 0x0000, 0x0000, 0x0000, 0x0000, 0x0000, 0x0000,
    0x0000, 0x0000, 0x0000, 0x0000, 0x0021, 0x0000, 0x738e, 0xffff, 0xef7d, 0xffff, 0xce59, 0x0841,
    0x0020, 0x0000, 0x0000, 0x0000, 0x0000, 0x0020, 0x0841, 0x0000, 0x5acb, 0xffff, 0xffff, 0xffdf,
    0xffff, 0xffff, 0xffff, 0xffff, 0xffff, 0xffff, 0xffff, 0xffff, 0xffff, 0xffff, 0xffff, 0xffff,
    0xffff, 0xffff, 0xffff, 0xffff, 0xffff, 0xffff, 0xffff, 0xffff, 0xffff, 0xffdf, 0xffff, 0xc618,
    0x630b, 0xffff, 0xffdf, 0xffff, 0xffff, 0xffff, 0xffff, 0xffff, 0xffff, 0xffff, 0xffff, 0xffff,
    0xffff, 0xffff, 0xffff, 0xffff, 0xffff, 0xffff, 0xffff, 0xffff, 0xffff, 0xffff, 0xffff, 0xffff,
    0xffff, 0xffff, 0xffff, 0xffff, 0xffff, 0xffff, 0xffff, 0xffff, 0xffff, 0xffff, 0xffff, 0xffff,
    0xf7be, 0xffff, 0x8410, 0x0841, 0xce79, 0xffff, 0xf79e, 0xffff, 0x9cf3, 0x18e3, 0x8c72, 0x8430,
    0x0841, 0x0000, 0x0020, 0x0841, 0x0000, 0x9492, 0x4a69, 0x0000, 0x0841, 0x0020, 0x0000, 0x0000,
    0x0000, 0x0000, 0x0000, 0x0000, 0x0020, 0x0000, 0x2965, 0x94b2, 0x0000, 0x0000, 0x0000, 0x0000,
    0x0000, 0x0000, 0x0000, 0x0000, 0x0000, 0x0000, 0x0000, 0x0000, 0x0000, 0x0000, 0x0000, 0x0020,
    0x0020, 0x0000, 0x18e3, 0xef7d, 0xffdf, 0xf79e, 0xffff, 0x9cd3, 0x0000, 0x0020, 0x0020, 0x0000,
    0x0000, 0x0000, 0x0000, 0x0841, 0x0000, 0x630c, 0xffff, 0xf7be, 0xffff, 0xffff, 0xffff, 0xffff,
    0xffff, 0xffff, 0xffff, 0xffff, 0xffff, 0xffff, 0xffff, 0xffff, 0xffff, 0xffff, 0xffff, 0xffff,
    0xffff, 0xffff, 0xffff, 0xffff, 0xffff, 0xffff, 0xffff, 0xc618, 0x5aeb, 0xffff, 0xffdf, 0xffff,
    0xffff, 0xffff, 0xffff, 0xffff, 0xffff, 0xffff, 0xffff, 0xffff, 0xffff, 0xffff, 0xffff, 0xffff,
    0xffff, 0xffff, 0xffff, 0xffff, 0xffff, 0xffff, 0xffff, 0xffff, 0xffff, 0xffff, 0xffff, 0xffff,
    0xffff, 0xffff, 0xffff, 0xffff, 0xffff, 0xffff, 0xffff, 0xf7be, 0xffff, 0x94b2, 0x0841, 0xce79,
    0xffff, 0xf7be, 0xffff, 0xffdf, 0xa535, 0xf79e, 0xce59, 0x10a2, 0x0020, 0x0020, 0x0000, 0x0000,
    0x6b4d, 0x94b2, 0x0000, 0x0000, 0x0820, 0x0020, 0x0000, 0x0000, 0x0000, 0x0000, 0x0000, 0x0000,
    0x0020, 0x0000, 0x5aec, 0x9cd3, 0x0000, 0x0020, 0x0000, 0x0000, 0x0000, 0x0000, 0x0000, 0x0000,
    0x0000, 0x0000, 0x0000, 0x0000, 0x0000, 0x0000, 0x0020, 0x0000, 0x0000, 0x0861, 0x0000, 0xad75,
    0xffff, 0xf79e, 0xf79e, 0xffff, 0x630c, 0x0000, 0x0841, 0x0000, 0x0000, 0x0000, 0x0000, 0x0000,
    0x0020, 0x0000, 0x7bef, 0xffff, 0xf7be, 0xffdf, 0xffff, 0xffff, 0xffff, 0xffff, 0xffff, 0xffff,
    0xffff, 0xffff, 0xffff, 0xffff, 0xffff, 0xffff, 0xffff, 0xffff, 0xffff, 0xffff, 0xffff, 0xffff,
    0xffff, 0xffdf, 0xffff, 0xc618, 0x5aeb, 0xffff, 0xffdf, 0xffff, 0xffff, 0xffff, 0xffff, 0xffff,
    0xffff, 0xffff, 0xffff, 0xffff, 0xffff, 0xffff, 0xffff, 0xffff, 0xffff, 0xffff, 0xffff, 0xffff,
    0xffff, 0xffff, 0xffff, 0xffff, 0xffff, 0xffff, 0xffff, 0xffff, 0xffff, 0xffff, 0xffff, 0xffff,
    0xffff, 0xffff, 0xf7be, 0xffff, 0xa514, 0x0882, 0xce59, 0xffff, 0xffdf, 0xffff, 0xffdf, 0xf7be,
    0xffff, 0xce79, 0x2965, 0x18e3, 0x0000, 0x0841, 0x0000, 0x2104, 0xce59, 0x10a2, 0x0841, 0x5acb,
    0x0000, 0x0000, 0x0020, 0x0000, 0x0000, 0x0000, 0x0000, 0x0000, 0x0020, 0x0000, 0xad75, 0x8450,
    0x0000, 0x0020, 0x0000, 0x0000, 0x0000, 0x0000, 0x0000, 0x0000, 0x0000, 0x0000, 0x0000, 0x0000,
    0x0000, 0x0000, 0x0000, 0x18e3, 0x10c3, 0x0000, 0x0000, 0x6b6e, 0xffff, 0xf79e, 0xffdf, 0xffff,
    0xef7d, 0x2124, 0x0000, 0x0020, 0x0000, 0x0000, 0x0000, 0x0000, 0x0000, 0x0841, 0x0000, 0x9cf3,
    0xffff, 0xf7be, 0xffff, 0xffff, 0xffff, 0xffff, 0xffff, 0xffff, 0xffff, 0xffff, 0xffff, 0xffff,
    0xffff, 0xffff, 0xffff, 0xffff, 0xffff, 0xffff, 0xffff, 0xffff, 0xffff, 0xffdf, 0xffff, 0xc618,
    0x5aeb, 0xffff, 0xffdf, 0xffff, 0xffff, 0xffff, 0xffff, 0xffff, 0xffff, 0xffff, 0xffff, 0xffff,
    0xffff, 0xffff, 0xffff, 0xffff, 0xffff, 0xffff, 0xffff, 0xffff, 0xffff, 0xffff, 0xffff, 0xffff,
    0xffff, 0xffff, 0xffff, 0xffff, 0xffff, 0xffff, 0xffff, 0xffff, 0xffff, 0xffdf, 0xffff, 0xb5b6,
    0x0841, 0xc638, 0xffff, 0xffdf, 0xe73c, 0xa534, 0xffdf, 0xffff, 0xdefb, 0x2124, 0x2945, 0x0861,
    0x0000, 0x0020, 0x0000, 0xad55, 0x738e, 0x0000, 0x6b6d, 0x7bcf, 0x18a3, 0x39e7, 0x0000, 0x0020,
    0x0020, 0x0020, 0x0020, 0x0841, 0x0000, 0x18e3, 0xffdf, 0x5aeb, 0x0000, 0x0841, 0x0000, 0x0000,
    0x0000, 0x0000, 0x0000, 0x0000, 0x0020, 0x0000, 0x0020, 0x0000, 0x0841, 0x0000, 0x4228, 0xef5d,
    0xdefb, 0x8410, 0x0000, 0x4208, 0xffff, 0xffdf, 0xffff, 0xf7be, 0xffff, 0xad55, 0x0000, 0x0841,
    0x0000, 0x0000, 0x0000, 0x0000, 0x0000, 0x0000, 0x0000, 0x0841, 0xce7a, 0xffff, 0xf7be, 0xffff,
    0xffff, 0xffff, 0xffff, 0xffff, 0xffff, 0xffff, 0xffff, 0xffff, 0xffff, 0xffff, 0xffff, 0xffff,
    0xffff, 0xffff, 0xffff, 0xffff, 0xffff, 0xffdf, 0xffff, 0xc618, 0x5aeb, 0xffff, 0xffdf, 0xffff,
    0xffff, 0xffff, 0xffff, 0xffff, 0xffff, 0xffff, 0xffff, 0xffff, 0xffff, 0xffff, 0xffff, 0xffff,
    0xffff, 0xffff, 0xffff, 0xffff, 0xffff, 0xffff, 0xffff, 0xffff, 0xffff, 0xffff, 0xffff, 0xffff,
    0xffff, 0xffff, 0xffff, 0xffff, 0xf7be, 0xffff, 0xd69a, 0x0861, 0xad55, 0xffff, 0xffdf, 0xef7d,
    0x39e8, 0xbdb7, 0xffff, 0xef5d, 0x3186, 0x0000, 0x0020, 0x0000, 0x0041, 0x0000, 0x41e7, 0xd69a,
    0x0841, 0x0861, 0xa534, 0x0861, 0x4a69, 0x3186, 0x0000, 0x0020, 0x0000, 0x0000, 0x0000, 0x0861,
    0x0000, 0x7bcf, 0xffff, 0x2965, 0x0000, 0x0841, 0x0020, 0x0020, 0x0020, 0x0000, 0x0861, 0x18e3,
    0x0000, 0x7baf, 0xc618, 0x2124, 0x0000, 0x0000, 0xb596, 0xffff, 0xf7be, 0xffff, 0xb596, 0x39a6,
    0xf7be, 0xffff, 0xffff, 0xffdf, 0xf7be, 0xffdf, 0x4208, 0x0000, 0x0020, 0x0000, 0x0000, 0x0000,
    0x0000, 0x0000, 0x0841, 0x0000, 0x31a6, 0xf79e, 0xf7be, 0xffdf, 0xffff, 0xffff, 0xffff, 0xffff,
    0xffff, 0xffff, 0xffff, 0xffff, 0xffff, 0xffff, 0xffff, 0xffff, 0xffff, 0xffff, 0xffff, 0xffff,
    0xffff, 0xffdf, 0xffff, 0xc618, 0x630b, 0xffff, 0xffdf, 0xffff, 0xffff, 0xffff, 0xffff, 0xffff,
    0xffff, 0xffff, 0xffff, 0xffff, 0xffff, 0xffff, 0xffff, 0xffff, 0xffff, 0xffff, 0xffff, 0xffff,
    0xffff, 0xffff, 0xffff, 0xffff, 0xffff, 0xffff, 0xffff, 0xffff, 0xffff, 0xffff, 0xffff, 0xffdf,
    0xffdf, 0xef5d, 0x2104, 0x9492, 0xffff, 0xf79e, 0xef5d, 0x31a6, 0x2965, 0xffff, 0xf79e, 0x39e7,
    0x0000, 0x0841, 0x0000, 0x0000, 0x0841, 0x0000, 0xa535, 0x6b6e, 0x0000, 0x18e3, 0x31a6, 0x0000,
    0x0020, 0x0000, 0x0000, 0x0000, 0x0000, 0x0000, 0x0000, 0x0861, 0x0861, 0xdedb, 0xe71c, 0x0841,
    0x0020, 0x0020, 0x0020, 0x0020, 0x0020, 0x0000, 0x0841, 0x4a49, 0x0000, 0xad55, 0xffff, 0xdedb,
    0x18c3, 0x0000, 0xc638, 0xffff, 0xf7be, 0xf7df, 0xffff, 0xbdd7, 0xe73c, 0xffff, 0xffdf, 0xffdf,
    0xf7be, 0xffff, 0xbdf7, 0x0000, 0x0020, 0x0020, 0x0000, 0x0000, 0x0000, 0x0000, 0x0000, 0x0840,
    0x0000, 0x6b6d, 0xffff, 0xffdf, 0xffdf, 0xffff, 0xffff, 0xffff, 0xffff, 0xffff, 0xffff, 0xffff,
    0xffff, 0xffff, 0xffff, 0xffff, 0xffff, 0xffff, 0xffff, 0xffff, 0xffff, 0xffdf, 0xffff, 0xc618,
    0x630c, 0xffff, 0xffdf, 0xffff, 0xffff, 0xffff, 0xffff, 0xffff, 0xffff, 0xffff, 0xffff, 0xffff,
    0xffff, 0xffff, 0xffff, 0xffff, 0xffff, 0xffff, 0xffff, 0xffff, 0xffff, 0xffff, 0xffff, 0xffff,
    0xffff, 0xffff, 0xffff, 0xffff, 0xffff, 0xffff, 0xffdf, 0xf7be, 0xffff, 0x39c7, 0x738e, 0xffff,
    0xf7be, 0xf79e, 0x4208, 0x0000, 0x8c51, 0xffff, 0x5acb, 0x0000, 0x0841, 0x0000, 0x0000, 0x0020,
    0x0000, 0x2104, 0xbdf8, 0x0861, 0x0000, 0x0000, 0x0000, 0x0000, 0x0000, 0x0000, 0x0000, 0x0000,
    0x0000, 0x0000, 0x0000, 0x0000, 0x0841, 0xf79e, 0x9cf3, 0x0000, 0x0020, 0x0000, 0x0000, 0x0000,
    0x0000, 0x0000, 0x0000, 0x0000, 0x0000, 0x31a6, 0xf7be, 0xffff, 0x9492, 0x0000, 0xbdf7, 0xffff,
    0xf7be, 0xffff, 0xffff, 0xffff, 0xffff, 0xffdf, 0xffdf, 0xffdf, 0xffdf, 0xf79e, 0xffff, 0x4a69,
    0x0000, 0x0841, 0x0000, 0x0000, 0x0000, 0x0000, 0x0000, 0x0020, 0x0841, 0x0020, 0xbdd7, 0xffff,
    0xf7be, 0xffff, 0xffff, 0xffff, 0xffff, 0xffff, 0xffff, 0xffff, 0xffff, 0xffff, 0xffff, 0xffff,
    0xffff, 0xffff, 0xffff, 0xffff, 0xffff, 0xffdf, 0xffff, 0xc618, 0x630c, 0xffff, 0xffdf, 0xffff,
    0xffff, 0xffff, 0xffff, 0xffff, 0xffff, 0xffff, 0xffff, 0xffff, 0xffff, 0xffff, 0xffff, 0xffff,
    0xffff, 0xffff, 0xffff, 0xffff, 0xffff, 0xffff, 0xffff, 0xffff, 0xffff, 0xffff, 0xffff, 0xffff,
    0xffff, 0xffff, 0xf7be, 0xffff, 0x632c, 0x4a69, 0xffff, 0xf79e, 0xffdf, 0x528a, 0x0000, 0x0020,
    0xce59, 0x8c71, 0x0000, 0x0841, 0x0020, 0x0020, 0x0020, 0x0020, 0x0000, 0x736e, 0x8410, 0x0000,
    0x0000, 0x0000, 0x0000, 0x0000, 0x0000, 0x0000, 0x0000, 0x0000, 0x0020, 0x0020, 0x0020, 0x0000,
    0x18e3, 0xffdf, 0x52aa, 0x0000, 0x0020, 0x0000, 0x0000, 0x0000, 0x0000, 0x0000, 0x0020, 0x0020,
    0x0841, 0x0000, 0x632c, 0xffff, 0xef7d, 0x0020, 0x7bcf, 0xffff, 0xf79e, 0xffdf, 0xffdf, 0xffdf,
    0xffff, 0xffff, 0xffff, 0xffff, 0xffff, 0xf7be, 0xffff, 0xc618, 0x0020, 0x0020, 0x0020, 0x0020,
    0x0000, 0x0000, 0x0000, 0x0000, 0x0840, 0x0000, 0x2965, 0xf7be, 0xffff, 0xffff, 0xffff, 0xffff,
    0xffff, 0xffff, 0xffff, 0xffff, 0xffff, 0xffff, 0xffff, 0xffff, 0xffff, 0xffff, 0xffff, 0xffff,
    0xffff, 0xffdf, 0xffff, 0xc618, 0x630c, 0xffff, 0xffdf, 0xffff, 0xffff, 0xffff, 0xffff, 0xffff,
    0xffff, 0xffff, 0xffff, 0xffff, 0xffff, 0xffff, 0xffff, 0xffff, 0xffff, 0xffff, 0xffff, 0xffff,
    0xffff, 0xffff, 0xffff, 0xffff, 0xffff, 0xffff, 0xffff, 0xffff, 0xffff, 0xf7be, 0xffff, 0xa514,
    0x3186, 0xffdf, 0xef7d, 0xffff, 0x8430, 0x0000, 0x0000, 0x2104, 0x9cf4, 0x0841, 0x0000, 0x0000,
    0x0000, 0x0000, 0x0000, 0x0020, 0x0000, 0x9cd3, 0x2965, 0x0000, 0x0000, 0x0000, 0x0000, 0x0000,
    0x0000, 0x0000, 0x0000, 0x0000, 0x0000, 0x0000, 0x0020, 0x0000, 0x528a, 0xef7d, 0x0861, 0x0000,
    0x0020, 0x0020, 0x0000, 0x0000, 0x0000, 0x0000, 0x0000, 0x0000, 0x0000, 0x0020, 0x0000, 0x5acb,
    0xdedb, 0x4a49, 0x10a3, 0xf79e, 0xf7be, 0xf7be, 0xffdf, 0xffdf, 0xf7be, 0xf7be, 0xffff, 0xffff,
    0xffff, 0xffff, 0xffff, 0xffff, 0x4228, 0x0000, 0x0841, 0x0020, 0x0000, 0x0000, 0x0000, 0x0000,
    0x0000, 0x0020, 0x0000, 0x8c51, 0xffff, 0xf7be, 0xffff, 0xffff, 0xffff, 0xffff, 0xffff, 0xffff,
    0xffff, 0xffff, 0xffff, 0xffff, 0xffff, 0xffff, 0xffff, 0xffff, 0xffff, 0xffdf, 0xffff, 0xc638,
    0x630c, 0xffff, 0xffdf, 0xffff, 0xffff, 0xffff, 0xffff, 0xffff, 0xffff, 0xffff, 0xffff, 0xffff,
    0xffff, 0xffff, 0xffff, 0xffff, 0xffff, 0xffff, 0xffff, 0xffff, 0xffff, 0xffff, 0xffff, 0xffff,
    0xffff, 0xffff, 0xffff, 0xffff, 0xffff, 0xffff, 0xdedb, 0x2945, 0xef3d, 0xb5b6, 0xd6ba, 0xce79,
    0x0841, 0x0841, 0x0000, 0x0861, 0x18e3, 0x0841, 0x0000, 0x0000, 0x0000, 0x0000, 0x0020, 0x0000,
    0x18c3, 0x94b2, 0x0020, 0x0020, 0x0000, 0x0000, 0x0000, 0x0000, 0x0000, 0x0000, 0x0000, 0x0000,
    0x0000, 0x0000, 0x0841, 0x0000, 0x9cb3, 0xa534, 0x0841, 0x0840, 0x0020, 0x0020, 0x0000, 0x0000,
    0x0000, 0x0000, 0x0000, 0x0000, 0x0000, 0x0000, 0x0000, 0x0000, 0x18c3, 0x7bef, 0x0000, 0x7bcf,
    0xffff, 0xf7be, 0xffdf, 0xffff, 0xe73c, 0x94b2, 0xffff, 0xffff, 0xffff, 0xffff, 0xf7be, 0xffff,
    0xa534, 0x0000, 0x0841, 0x0020, 0x0000, 0x0000, 0x0000, 0x0000, 0x0000, 0x0020, 0x0020, 0x18e3,
    0xe73c, 0xffdf, 0xffdf, 0xffff, 0xffff, 0xffff, 0xffff, 0xffff, 0xffff, 0xffff, 0xffff, 0xffff,
    0xffff, 0xffff, 0xffff, 0xffff, 0xffff, 0xffdf, 0xffff, 0xc638, 0x630c, 0xffff, 0xffdf, 0xffff,
    0xffff, 0xffff, 0xffff, 0xffff, 0xffff, 0xffff, 0xffff, 0xffff, 0xffff, 0xffff, 0xffff, 0xffff,
    0xffff, 0xffff, 0xffff, 0xffff, 0xffff, 0xffff, 0xffff, 0xffff, 0xffff, 0xffff, 0xffff, 0xffdf,
    0xffdf, 0xffdf, 0x39e7, 0xb5b7, 0xbdf7, 0x5aeb, 0xffff, 0x31a6, 0x0000, 0x0020, 0x0000, 0x0000,
    0x2945, 0x0020, 0x0000, 0x0020, 0x0020, 0x0020, 0x0820, 0x0000, 0x3186, 0x632c, 0x0000, 0x0020,
    0x0000, 0x0000, 0x0000, 0x0000, 0x0000, 0x0000, 0x0000, 0x0000, 0x0000, 0x0000, 0x0020, 0x0861,
    0xb596, 0x8c71, 0x528a, 0x0000, 0x0020, 0x0000, 0x0000, 0x0000, 0x0000, 0x0000, 0x0000, 0x0000,
    0x0000, 0x0000, 0x0000, 0x0841, 0x0000, 0x7bcf, 0x18e3, 0x0000, 0xad75, 0xffff, 0xf79e, 0xffff,
    0xdefb, 0x2124, 0xdefc, 0xffff, 0xef5d, 0xf7de, 0xffdf, 0xf7be, 0xef5d, 0x18e3, 0x0000, 0x0020,
    0x0000, 0x0000, 0x0000, 0x0000, 0x0000, 0x0000, 0x0040, 0x0000, 0x8430, 0xffff, 0xffdf, 0xffff,
    0xffff, 0xffff, 0xffff, 0xffff, 0xffff, 0xffff, 0xffff, 0xffff, 0xffff, 0xffff, 0xffff, 0xffff,
    0xffff, 0xffff, 0xffff, 0xc618, 0x630c, 0xffff, 0xffdf, 0xffff, 0xffff, 0xffff, 0xffff, 0xffff,
    0xffff, 0xffff, 0xffff, 0xffff, 0xffff, 0xffff, 0xffff, 0xffff, 0xffff, 0xffff, 0xffff, 0xffff,
    0xffff, 0xffff, 0xffff, 0xffff, 0xffff, 0xffff, 0xffff, 0xffdf, 0xffff, 0x73ae, 0x630c, 0xd69a,
    0x0020, 0xd6bb, 0x9492, 0x0000, 0x0841, 0x0020, 0x0000, 0x2945, 0x3186, 0x0000, 0x0840, 0x0020,
    0x0020, 0x0020, 0x0020, 0x0020, 0x4228, 0x2985, 0x0000, 0x0000, 0x0000, 0x0000, 0x0000, 0x0000,
    0x0000, 0x0000, 0x0000, 0x0000, 0x0000, 0x0020, 0x0000, 0x39c7, 0x8451, 0xbdd7, 0x8c51, 0x0000,
    0x0020, 0x0000, 0x0000, 0x0000, 0x0000, 0x0000, 0x0000, 0x0000, 0x0000, 0x0000, 0x0000, 0x0020,
    0x0000, 0x5acb, 0x4a49, 0x0000, 0x0861, 0x9cd3, 0xffdf, 0xffff, 0x73ae, 0x0000, 0x8410, 0xffff,
    0xd6ba, 0x7bcf, 0xffff, 0xf79e, 0xffff, 0x6b4d, 0x0000, 0x0020, 0x0000, 0x0000, 0x0000, 0x0000,
    0x0000, 0x0000, 0x0000, 0x0000, 0x2104, 0xef5d, 0xffdf, 0xffdf, 0xffff, 0xffff, 0xffff, 0xffff,
    0xffff, 0xffff, 0xffff, 0xffff, 0xffff, 0xffff, 0xffff, 0xffff, 0xffff, 0xffdf, 0xffff, 0xc618,
    0x62eb, 0xffff, 0xffdf, 0xffff, 0xffff, 0xffff, 0xffff, 0xffff, 0xffff, 0xffff, 0xffff, 0xffff,
    0xffff, 0xffff, 0xffff, 0xffff, 0xffff, 0xffff, 0xffff, 0xffff, 0xffff, 0xffff, 0xffff, 0xffff,
    0xffff, 0xffff, 0xffdf, 0xffff, 0xce59, 0x31a7, 0xbdf8, 0x0861, 0x5acb, 0xe73c, 0x0841, 0x0000,
    0x0020, 0x0020, 0x0821, 0x52aa, 0x0861, 0x0020, 0x0020, 0x0020, 0x0020, 0x0020, 0x0000, 0x7bef,
    0x4a69, 0x0841, 0x0000, 0x0000, 0x0000, 0x0000, 0x0000, 0x0000, 0x0000, 0x0000, 0x0000, 0x0000,
    0x0000, 0x0000, 0x0000, 0x5aeb, 0x632c, 0xf7bf, 0xb5b6, 0x0000, 0x0020, 0x0020, 0x0000, 0x0000,
    0x0000, 0x0000, 0x0000, 0x0000, 0x0000, 0x0020, 0x0020, 0x0020, 0x0000, 0x2965, 0x6b4d, 0x0000,
    0x0841, 0x0000, 0x31a6, 0x39c7, 0x0020, 0x0000, 0x2945, 0xf79e, 0xffff, 0x39c7, 0x73ae, 0xffff,
    0xffff, 0xbdf7, 0x0000, 0x0020, 0x0020, 0x0000, 0x0000, 0x0000, 0x0000, 0x0000, 0x0000, 0x0841,
    0x0000, 0x94b2, 0xffff, 0xf7be, 0xffff, 0xffff, 0xffff, 0xffff, 0xffff, 0xffff, 0xffff, 0xffff,
    0xffff, 0xffff, 0xffff, 0xffff, 0xffff, 0xffff, 0xffff, 0xc618, 0x5aeb, 0xffff, 0xffdf, 0xffff,
    0xffff, 0xffff, 0xffff, 0xffff, 0xffff, 0xffff, 0xffff, 0xffff, 0xffff, 0xffff, 0xffff, 0xffff,
    0xffff, 0xffff, 0xffff, 0xffff, 0xffff, 0xffff, 0xffff, 0xffff, 0xffff, 0xffff, 0xf7be, 0xffdf,
    0x52aa, 0x8c51, 0x6b4d, 0x2104, 0xc639, 0x6b4d, 0x0000, 0x0020, 0x0000, 0x0000, 0x2965, 0x39e7,
    0x0000, 0x0020, 0x0000, 0x0000, 0x0020, 0x0000, 0x632d, 0xef7d, 0x18c3, 0x0000, 0x0020, 0x0000,
    0x0000, 0x0000, 0x0000, 0x0000, 0x0000, 0x0000, 0x0000, 0x0000, 0x0000, 0x0000, 0x0841, 0x39e7,
    0xad55, 0xffff, 0xe73c, 0x18e3, 0x0000, 0x0841, 0x0000, 0x0000, 0x0000, 0x0000, 0x0000, 0x0000,
    0x0000, 0x0000, 0x0000, 0x0000, 0x0000, 0x0861, 0x738e, 0x0000, 0x0000, 0x0000, 0x0000, 0x0000,
    0x0020, 0x0020, 0x0000, 0xad75, 0xffff, 0x7bef, 0x0000, 0xad55, 0xffff, 0xef7d, 0x2965, 0x0000,
    0x0841, 0x0000, 0x0000, 0x0000, 0x0000, 0x0000, 0x0000, 0x0841, 0x0000, 0x3186, 0xf7be, 0xffff,
    0xffff, 0xffff, 0xffff, 0xffff, 0xffff, 0xffff, 0xffff, 0xffff, 0xffff, 0xffff, 0xffff, 0xffff,
    0xffff, 0xffdf, 0xffff, 0xc618, 0x630b, 0xffff, 0xffdf, 0xffff, 0xffff, 0xffff, 0xffff, 0xffff,
    0xffff, 0xffff, 0xffff, 0xffff, 0xffff, 0xffff, 0xffff, 0xffff, 0xffff, 0xffff, 0xffff, 0xffff,
    0xffff, 0xffff, 0xffff, 0xffff, 0xffff, 0xffdf, 0xffff, 0xa534, 0x528a, 0x736e, 0x8c71, 0x632c,
    0xce39, 0x0841, 0x0820, 0x0020, 0x0000, 0x0000, 0x52aa, 0x1082, 0x0000, 0x0000, 0x0000, 0x0841,
    0x0000, 0x2945, 0xf7be, 0xe71c, 0x1082, 0x0000, 0x0020, 0x0000, 0x0000, 0x0000, 0x0000, 0x0000,
    0x0000, 0x0000, 0x0000, 0x0000, 0x0000, 0x0020, 0x0000, 0x4a49, 0xffdf, 0xef5d, 0xffff, 0x6b4d,
    0x0000, 0x0841, 0x0000, 0x0000, 0x0000, 0x0000, 0x0000, 0x0000, 0x0000, 0x0000, 0x0000, 0x0000,
    0x0000, 0x0000, 0x6b4d, 0x18e3, 0x0000, 0x0000, 0x0000, 0x0000, 0x0000, 0x0020, 0x0000, 0x52aa,
    0xffff, 0xad55, 0x0000, 0x1082, 0xce59, 0xffff, 0x6b6d, 0x0000, 0x0861, 0x0020, 0x0000, 0x0000,
    0x0000, 0x0000, 0x0000, 0x0000, 0x0000, 0x0000, 0xbdb7, 0xffff, 0xffdf, 0xffff, 0xffff, 0xffff,
    0xffff, 0xffff, 0xffff, 0xffff, 0xffff, 0xffff, 0xffff, 0xffff, 0xffff, 0xffdf, 0xffff, 0xc638,
    0x630c, 0xffff, 0xffdf, 0xffff, 0xffff, 0xffff, 0xffff, 0xffff, 0xffff, 0xffff, 0xffff, 0xffff,
    0xffff, 0xffff, 0xffff, 0xffff, 0xffff, 0xffff, 0xffff, 0xffff, 0xffff, 0xffff, 0xffff, 0xffff,
    0xffdf, 0xffdf, 0xef7d, 0x4a69, 0x4208, 0xce79, 0x73ae, 0x9cd3, 0x6b4d, 0x0000, 0x0841, 0x0020,
    0x0000, 0x18e3, 0x5acb, 0x0000, 0x0020, 0x0000, 0x0000, 0x0840, 0x0020, 0xc5f8, 0xffff, 0xd6ba,
    0x0861, 0x0000, 0x0020, 0x0000, 0x0000, 0x0000, 0x0000, 0x0000, 0x0000, 0x0000, 0x0020, 0x0020,
    0x0020, 0x0020, 0x0000, 0xbdf7, 0xffff, 0xf79e, 0xffff, 0xbdf7, 0x0000, 0x0000, 0x0000, 0x0000,
    0x0000, 0x0000, 0x0000, 0x0000, 0x0000, 0x0000, 0x0000, 0x0000, 0x0000, 0x0000, 0x5acb, 0x31a6,
    0x0000, 0x0020, 0x0000, 0x0020, 0x0020, 0x0020, 0x0020, 0x1082, 0xef5d, 0xdedb, 0x0861, 0x0020,
    0x31a6, 0xffdf, 0xb5b6, 0x0000, 0x0840, 0x0020, 0x0000, 0x0000, 0x0000, 0x0000, 0x0000, 0x0000,
    0x0020, 0x0000, 0x6b4d, 0xffff, 0xf79e, 0xffff, 0xffff, 0xffff, 0xffff, 0xffff, 0xffff, 0xffff,
    0xffff, 0xffff, 0xffff, 0xffff, 0xffff, 0xffdf, 0xffff, 0xc638, 0x630c, 0xffff, 0xffdf, 0xffff,
    0xffff, 0xffff, 0xffff, 0xffff, 0xffff, 0xffff, 0xffff, 0xffff, 0xffff, 0xffff, 0xffff, 0xffff,
    0xffff, 0xffff, 0xffff, 0xffff, 0xffff, 0xffff, 0xffff, 0xffff, 0xf7be, 0xffff, 0x9cf3, 0x0020,
    0xa534, 0xffdf, 0x4208, 0xa535, 0x0861, 0x0000, 0x0000, 0x0020, 0x0000, 0x4249, 0x39e7, 0x0000,
    0x0020, 0x0000, 0x0020, 0x0000, 0x83f0, 0xffff, 0xffff, 0xd6ba, 0x0861, 0x0000, 0x0020, 0x0000,
    0x0000, 0x0000, 0x0000, 0x0000, 0x0000, 0x0000, 0x0020, 0x0020, 0x0841, 0x0000, 0x4228, 0xffff,
    0xf7be, 0xffdf, 0xffdf, 0xf7be, 0x2124, 0x0000, 0x0020, 0x0000, 0x0000, 0x0000, 0x0000, 0x0000,
    0x0000, 0x0000, 0x0000, 0x0000, 0x0000, 0x0000, 0x31a7, 0x4228, 0x0000, 0x0020, 0x0000, 0x0000,
    0x0000, 0x0000, 0x0841, 0x0000, 0x9cd3, 0xffdf, 0x2945, 0x0020, 0x0000, 0x7bef, 0xf7be, 0x1082,
    0x0000, 0x0000, 0x0000, 0x0000, 0x0000, 0x0000, 0x0000, 0x0000, 0x0840, 0x0000, 0x2945, 0xf79e,
    0xf7be, 0xffdf, 0xffff, 0xffff, 0xffff, 0xffff, 0xffff, 0xffff, 0xffff, 0xffff, 0xffff, 0xffff,
    0xffff, 0xffdf, 0xffff, 0xc618, 0x5aeb, 0xffff, 0xffdf, 0xffff, 0xffff, 0xffff, 0xffff, 0xffff,
    0xffff, 0xffff, 0xffff, 0xffff, 0xffff, 0xffff, 0xffff, 0xffff, 0xffff, 0xffff, 0xffff, 0xffff,
    0xffff, 0xffff, 0xffff, 0xffff, 0xffff, 0xffdf, 0x2104, 0x52ab, 0xffff, 0xb595, 0x52aa, 0x6b6d,
    0x0000, 0x0020, 0x0000, 0x0000, 0x0000, 0x6b4d, 0x18e3, 0x0000, 0x0020, 0x0841, 0x0000, 0x39e7,
    0xd6ba, 0xbdd7, 0xdedb, 0xe73c, 0x1082, 0x0000, 0x0020, 0x0000, 0x0000, 0x0000, 0x0000, 0x0000,
    0x0000, 0x0000, 0x0000, 0x0000, 0x0020, 0x0000, 0xbdf7, 0xffff, 0xf7be, 0xffff, 0xffff, 0xffff,
    0xa514, 0x0000, 0x0861, 0x0020, 0x0020, 0x0000, 0x0000, 0x0000, 0x0000, 0x0000, 0x0000, 0x0000,
    0x0000, 0x0000, 0x18e3, 0x4228, 0x0000, 0x0020, 0x0000, 0x0000, 0x0000, 0x0000, 0x0841, 0x0000,
    0x4a49, 0xffff, 0x4a89, 0x0000, 0x0841, 0x0020, 0xc618, 0x4a49, 0x0000, 0x0020, 0x0000, 0x0000,
    0x0000, 0x0000, 0x0000, 0x0020, 0x0020, 0x0841, 0x0020, 0xc618, 0xffff, 0xffdf, 0xffff, 0xffff,
    0xffff, 0xffff, 0xffff, 0xffff, 0xffff, 0xffff, 0xffff, 0xffff, 0xffff, 0xffdf, 0xffff, 0xc618,
    0x5aeb, 0xffff, 0xffdf, 0xffff, 0xffff, 0xffff, 0xffff, 0xffff, 0xffff, 0xffff, 0xffff, 0xffff,
    0xffff, 0xffff, 0xffff, 0xffff, 0xffff, 0xffff, 0xffff, 0xffff, 0xffff, 0xffff, 0xffff, 0xf7be,
    0xffff, 0xa534, 0x18c3, 0xef7d, 0xffff, 0x7bcf, 0x73ae, 0x2945, 0x0000, 0x0020, 0x0000, 0x0000,
    0x0861, 0x738e, 0x0020, 0x0020, 0x0020, 0x0020, 0x0000, 0x10a2, 0x0861, 0x0000, 0x0000, 0x4208,
    0x0861, 0x0000, 0x0000, 0x0000, 0x0000, 0x0000, 0x0000, 0x0000, 0x0000, 0x0000, 0x0000, 0x0020,
    0x0000, 0x4228, 0xffff, 0xffff, 0xef7d, 0xad96, 0x8c51, 0x7bcf, 0x8410, 0x10a2, 0x0020, 0x0020,
    0x0000, 0x2945, 0x0020, 0x0000, 0x0000, 0x0000, 0x0000, 0x0020, 0x0020, 0x0020, 0x0861, 0x39c7,
    0x0000, 0x0020, 0x0020, 0x0020, 0x0020, 0x0000, 0x0000, 0x0000, 0x0861, 0xef7d, 0x8c51, 0x0000,
    0x0861, 0x0000, 0x4228, 0x738e, 0x0000, 0x0020, 0x0000, 0x0000, 0x0000, 0x0000, 0x0000, 0x0000,
    0x0020, 0x0841, 0x0000, 0x7bef, 0xffff, 0xffdf, 0xffff, 0xffff, 0xffff, 0xffff, 0xffff, 0xffff,
    0xffff, 0xffff, 0xffff, 0xffff, 0xffff, 0xffdf, 0xffff, 0xc618, 0x5acb, 0xffff, 0xffdf, 0xffff,
    0xffff, 0xffff, 0xffff, 0xffff, 0xffff, 0xffff, 0xffff, 0xffff, 0xffff, 0xffff, 0xffff, 0xffff,
    0xffff, 0xffff, 0xffff, 0xffff, 0xffff, 0xffff, 0xffdf, 0xf7be, 0xffff, 0x3a08, 0x9cf3, 0xffff,
    0xffdf, 0x630c, 0x738e, 0x0020, 0x0020, 0x0000, 0x0000, 0x0000, 0x2945, 0x632c, 0x0000, 0x0020,
    0x0020, 0x0000, 0x2104, 0x6b4d, 0x9cd3, 0xad75, 0x8c51, 0x632c, 0x18e3, 0x0000, 0x0020, 0x0000,
    0x0000, 0x0000, 0x0000, 0x0000, 0x0000, 0x0000, 0x0020, 0x0841, 0x0000, 0xc618, 0xffdf, 0xad55,
    0x52aa, 0x2985, 0x2104, 0x1082, 0x0000, 0x0000, 0x0000, 0x0020, 0x0000, 0x4208, 0x52aa, 0x0000,
    0x0020, 0x0000, 0x0020, 0x0020, 0x0020, 0x0020, 0x0020, 0x3186, 0x0841, 0x0020, 0x0020, 0x0000,
    0x0000, 0x0000, 0x0000, 0x0000, 0x0000, 0xb596, 0xc618, 0x0000, 0x0020, 0x0020, 0x0020, 0x528a,
    0x0020, 0x0000, 0x0000, 0x0000, 0x0000, 0x0000, 0x0000, 0x0000, 0x0000, 0x0020, 0x0000, 0x4a29,
    0xffff, 0xffdf, 0xffff, 0xffff, 0xffff, 0xffff, 0xffff, 0xffff, 0xffff, 0xffff, 0xffff, 0xffff,
    0xffff, 0xffdf, 0xffff, 0xc618, 0x5aeb, 0xffff, 0xffdf, 0xffff, 0xffff, 0xffff, 0xffff, 0xffff,
    0xffff, 0xffff, 0xffff, 0xffff, 0xffff, 0xffff, 0xffff, 0xffff, 0xffff, 0xffff, 0xffff, 0xffff,
    0xffff, 0xffff, 0xffdf, 0xffff, 0xc638, 0x4208, 0xffdf, 0xffff, 0xdedb, 0x5aeb, 0x4a69, 0x0000,
    0x0020, 0x0000, 0x0020, 0x0000, 0x4228, 0x4a69, 0x0000, 0x0841, 0x0020, 0x18c3, 0xdedb, 0xffff,
    0xffff, 0xffff, 0xffff, 0xffff, 0x630c, 0x0000, 0x0841, 0x0000, 0x0000, 0x0000, 0x0000, 0x0000,
    0x0000, 0x0000, 0x0020, 0x0000, 0x5acb, 0xffff, 0xf79e, 0xd6ba, 0xef5d, 0xffdf, 0xffdf, 0xef7d,
    0xd69a, 0xad55, 0x2945, 0x0000, 0x0020, 0x0861, 0x5acb, 0x0000, 0x0020, 0x0020, 0x0020, 0x0020,
    0x0000, 0x0000, 0x0000, 0x2124, 0x0841, 0x0000, 0x0000, 0x0000, 0x0000, 0x0000, 0x0000, 0x0841,
    0x0000, 0x6b6d, 0xef7d, 0x0861, 0x0000, 0x0820, 0x0000, 0x10a2, 0x0841, 0x0000, 0x0000, 0x0000,
    0x0000, 0x0000, 0x0000, 0x0000, 0x0000, 0x0000, 0x0000, 0x18e3, 0xef7d, 0xffff, 0xffdf, 0xffff,
    0xffff, 0xffff, 0xffff, 0xffff, 0xffff, 0xffff, 0xffff, 0xffff, 0xffff, 0xffdf, 0xffff, 0xc618,
    0x5aeb, 0xffff, 0xffdf, 0xffff, 0xffff, 0xffff, 0xffff, 0xffff, 0xffff, 0xffff, 0xffff, 0xffff,
    0xffff, 0xffff, 0xffff, 0xffff, 0xffff, 0xffff, 0xffff, 0xffff, 0xffff, 0xffff, 0xffdf, 0xffff,
    0x73ae, 0x94b2, 0xffff, 0xffff, 0xad55, 0x528a, 0x18e3, 0x0000, 0x0000, 0x0000, 0x0020, 0x0000,
    0x6b6d, 0x4208, 0x0000, 0x0861, 0x0000, 0x8430, 0xffff, 0xf7be, 0xffdf, 0xffdf, 0xf79d, 0xffff,
    0x94b2, 0x0000, 0x1082, 0x0861, 0x0000, 0x0000, 0x0000, 0x0020, 0x0020, 0x0020, 0x0020, 0x0841,
    0xd69a, 0xffff, 0xffdf, 0xffff, 0xffff, 0xffff, 0xffff, 0xffff, 0xffff, 0xffff, 0xc638, 0x0020,
    0x0020, 0x0000, 0x4a49, 0x18e3, 0x0000, 0x0020, 0x0000, 0x0000, 0x0000, 0x0000, 0x0000, 0x0841,
    0x0020, 0x0000, 0x0000, 0x0000, 0x0000, 0x0000, 0x0000, 0x0821, 0x0000, 0x2945, 0xffdf, 0x4228,
    0x0000, 0x0841, 0x0000, 0x0000, 0x0020, 0x0000, 0x0000, 0x0000, 0x0000, 0x0000, 0x0000, 0x0000,
    0x0000, 0x0000, 0x0000, 0x0020, 0xce79, 0xffff, 0xf7be, 0xffff, 0xffff, 0xffff, 0xffff, 0xffff,
    0xffff, 0xffff, 0xffff, 0xffff, 0xffff, 0xffdf, 0xffff, 0xc618, 0x5aeb, 0xffff, 0xffdf, 0xffff,
    0xffff, 0xffff, 0xffff, 0xffff, 0xffff, 0xffff, 0xffff, 0xffff, 0xffff, 0xffff, 0xffff, 0xffff,
    0xffff, 0xffff, 0xffff, 0xffff, 0xffff, 0xffdf, 0xffff, 0xf7be, 0x4a69, 0xdefb, 0xf7be, 0xffff,
    0x8410, 0x3186, 0x0020, 0x0000, 0x0000, 0x0020, 0x0841, 0x0000, 0x8430, 0x3186, 0x0020, 0x0841,
    0x2104, 0xef5d, 0xffdf, 0xffff, 0xffff, 0xffff, 0xf7be, 0xffff, 0xd69a, 0x0000, 0x2104, 0x528a,
    0x0000, 0x0020, 0x0000, 0x0000, 0x0000, 0x0841, 0x0000, 0x630c, 0xffff, 0xf7be, 0xffff, 0xffdf,
    0xffff, 0xffff, 0xffff, 0xffff, 0xffff, 0xf7be, 0xffff, 0x73ae, 0x0000, 0x0000, 0x738e, 0xc618,
    0x0000, 0x0000, 0x0000, 0x0000, 0x0000, 0x0000, 0x0000, 0x0000, 0x0000, 0x0000, 0x0000, 0x0000,
    0x0000, 0x0000, 0x0000, 0x0020, 0x0020, 0x0821, 0xdefb, 0x8430, 0x0000, 0x0841, 0x0020, 0x0000,
    0x0000, 0x0000, 0x0000, 0x0000, 0x0000, 0x0000, 0x0000, 0x0000, 0x0020, 0x0020, 0x0841, 0x0000,
    0xa514, 0xffff, 0xf79e, 0xffff, 0xffff, 0xffff, 0xffff, 0xffff, 0xffff, 0xffff, 0xffff, 0xffff,
    0xffff, 0xffdf, 0xffff, 0xc618, 0x5aeb, 0xffff, 0xffdf, 0xffff, 0xffff, 0xffff, 0xffff, 0xffff,
    0xffff, 0xffff, 0xffff, 0xffff, 0xffff, 0xffff, 0xffff, 0xffff, 0xffff, 0xffff, 0xffff, 0xffff,
    0xffff, 0xf7be, 0xffff, 0xce59, 0x52aa, 0xffff, 0xef7d, 0xf7be, 0x528a, 0x10a2, 0x0000, 0x0000,
    0x0020, 0x0020, 0x0020, 0x0000, 0x94b2, 0x2104, 0x0020, 0x0000, 0x8c51, 0xffff, 0xf79e, 0xffdf,
    0xffdf, 0xf7be, 0xf7be, 0xffdf, 0xffff, 0x39c7, 0x0861, 0xa534, 0x0841, 0x0020, 0x0000, 0x0000,
    0x0000, 0x0020, 0x0861, 0xd69a, 0xffff, 0xf7be, 0xffdf, 0xffdf, 0xffff, 0xffff, 0xffff, 0xffff,
    0xffff, 0xffdf, 0xf7be, 0xffdf, 0x4208, 0x0000, 0x18c3, 0xffbf, 0x630c, 0x0000, 0x0841, 0x0000,
    0x0000, 0x0000, 0x0000, 0x0000, 0x0000, 0x0000, 0x0000, 0x0000, 0x0000, 0x0000, 0x0020, 0x0020,
    0x0841, 0x0000, 0xa534, 0xce59, 0x0000, 0x0820, 0x0020, 0x0000, 0x0000, 0x0000, 0x0000, 0x0000,
    0x0000, 0x0000, 0x0000, 0x0000, 0x0841, 0x2145, 0x0841, 0x0000, 0x7bef, 0xffff, 0xf79e, 0xffff,
    0xffff, 0xffff, 0xffff, 0xffff, 0xffff, 0xffff, 0xffff, 0xffff, 0xffff, 0xffdf, 0xffff, 0xc618,
    0x630b, 0xffff, 0xffdf, 0xffff, 0xffff, 0xffff, 0xffff, 0xffff, 0xffff, 0xffff, 0xffff, 0xffff,
    0xffff, 0xffff, 0xffff, 0xffff, 0xffff, 0xffff, 0xffff, 0xffff, 0xffff, 0xf7be, 0xffff, 0x9cd3,
    0x7bcf, 0xffff, 0xf79e, 0xe73c, 0x2124, 0x0020, 0x0020, 0x0020, 0x0020, 0x0020, 0x0020, 0x0000,
    0x9cf3, 0x18e3, 0x0000, 0x18e3, 0xe73c, 0xffff, 0xf7be, 0xf7be, 0xf7be, 0xffff, 0xffff, 0xf7be,
    0xffff, 0xad54, 0x0000, 0xbdf8, 0x7bcf, 0x0000, 0x0841, 0x0020, 0x0841, 0x0000, 0x4228, 0xffff,
    0xffdf, 0xffdf, 0xffff, 0xffff, 0xffff, 0xffff, 0xffff, 0xffdf, 0xffdf, 0xffdf, 0xf7be, 0xffdf,
    0xdefb, 0x2104, 0x0000, 0x9cf3, 0xef7d, 0x10a2, 0x0000, 0x0000, 0x0000, 0x0000, 0x0000, 0x0000,
    0x0000, 0x0000, 0x0000, 0x0000, 0x0000, 0x0000, 0x0020, 0x0020, 0x0841, 0x0000, 0x6b6d, 0xffdf,
    0x18e3, 0x0000, 0x0020, 0x0000, 0x0000, 0x0000, 0x0000, 0x0000, 0x0000, 0x0000, 0x0000, 0x0000,
    0x0000, 0x39c7, 0x1082, 0x0000, 0x5acb, 0xffff, 0xf7be, 0xffff, 0xffff, 0xffff, 0xffff, 0xffff,
    0xffff, 0xffff, 0xffff, 0xffff, 0xffff, 0xffdf, 0xffff, 0xc618, 0x630c, 0xffff, 0xffdf, 0xffff,
    0xffff, 0xffff, 0xffff, 0xffff, 0xffff, 0xffff, 0xffff, 0xffff, 0xffff, 0xffff, 0xffff, 0xffff,
    0xffff, 0xffff, 0xffff, 0xffff, 0xffff, 0xf7be, 0xffff, 0x73ae, 0x9cd3, 0xffff, 0xffdf, 0xc638,
    0x0020, 0x0020, 0x0020, 0x0000, 0x0000, 0x0020, 0x0020, 0x0020, 0x9cf3, 0x2104, 0x0000, 0x7bcf,
    0xffff, 0xf7be, 0xffff, 0xffff, 0xffff, 0xd69a, 0xdedb, 0xffff, 0xf7be, 0xffdf, 0x2965, 0x7bef,
    0xffdf, 0x2965, 0x0000, 0x0841, 0x0841, 0x0000, 0x4228, 0xffff, 0xffdf, 0xffdf, 0xffff, 0xffff,
    0xffff, 0xffff, 0xffff, 0xffff, 0xffff, 0xffff, 0xffdf, 0xf7be, 0xffff, 0xd6ba, 0x18c3, 0x18e3,
    0xffff, 0xad34, 0x0000, 0x0841, 0x0020, 0x0000, 0x0000, 0x0000, 0x0000, 0x0000, 0x0000, 0x0000,
    0x0000, 0x0000, 0x0000, 0x0000, 0x0000, 0x0000, 0x2965, 0xffff, 0x5b0b, 0x0000, 0x0841, 0x0000,
    0x0000, 0x0000, 0x0000, 0x0000, 0x0000, 0x0000, 0x0000, 0x0020, 0x0000, 0x3186, 0x31a6, 0x0000,
    0x4208, 0xffff, 0xf7be, 0xffff, 0xffff, 0xffff, 0xffff, 0xffff, 0xffff, 0xffff, 0xffff, 0xffff,
    0xffff, 0xffdf, 0xffff, 0xc618, 0x630c, 0xffff, 0xffdf, 0xffff, 0xffff, 0xffff, 0xffff, 0xffff,
    0xffff, 0xffff, 0xffff, 0xffff, 0xffff, 0xffff, 0xffff, 0xffff, 0xffff, 0xffff, 0xffff, 0xffff,
    0xffff, 0xf7be, 0xffff, 0x5aeb, 0xb576, 0xffff, 0xffff, 0xa534, 0x0000, 0x0841, 0x0020, 0x0000,
    0x0000, 0x0020, 0x0020, 0x0020, 0x9cf3, 0x18e3, 0x0841, 0xd69a, 0xffdf, 0xef7d, 0x9cd3, 0xa514,
    0xb5b6, 0xd6ba, 0xa534, 0x9cf3, 0xffdf, 0xffff, 0xce59, 0x4228, 0xf7be, 0xdedb, 0x18e3, 0x0000,
    0x0861, 0x0000, 0x2965, 0xf7be, 0xffdf, 0xffdf, 0xffdf, 0xffdf, 0xffff, 0xffdf, 0xce59, 0xad75,
    0xb5b6, 0xce79, 0xe73c, 0xf7be, 0xf79e, 0xffff, 0xdedb, 0x18e3, 0x8430, 0xffff, 0x6b6d, 0x0000,
    0x0841, 0x0020, 0x0020, 0x0000, 0x0000, 0x0000, 0x0000, 0x0000, 0x0000, 0x0000, 0x0000, 0x0000,
    0x0000, 0x0020, 0x0020, 0xd6ba, 0xbdf7, 0x0000, 0x0841, 0x0020, 0x0000, 0x0000, 0x0000, 0x0000,
    0x0000, 0x0000, 0x0000, 0x0020, 0x0000, 0x18c3, 0x632c, 0x0000, 0x3186, 0xffdf, 0xffdf, 0xffff,
    0xffff, 0xffff, 0xffff, 0xffff, 0xffff, 0xffff, 0xffff, 0xffff, 0xffff, 0xffdf, 0xffff, 0xc618,
    0x630c, 0xffff, 0xffdf, 0xffff, 0xffff, 0xffff, 0xffff, 0xffff, 0xffff, 0xffff, 0xffff, 0xffff,
    0xffff, 0xffff, 0xffff, 0xffff, 0xffff, 0xffff, 0xffff, 0xffff, 0xffff, 0xffdf, 0xffff, 0x52aa,
    0xc618, 0xffff, 0xffff, 0x8410, 0x0000, 0x0841, 0x0000, 0x0000, 0x0000, 0x0000, 0x0020, 0x0000,
    0x9492, 0x10a2, 0x39c7, 0xffff, 0xffff, 0x7bef, 0x0020, 0x0000, 0x0000, 0x2986, 0xc618, 0xb5b6,
    0xbdd7, 0xffff, 0xffff, 0xad75, 0xb5b6, 0xffff, 0xd6ba, 0x31a6, 0x0000, 0x0000, 0x1082, 0xdefb,
    0xffff, 0xf7be, 0xf7be, 0xffdf, 0xdedb, 0x73ae, 0x8c71, 0xbdf7, 0xce59, 0xce59, 0xd6ba, 0xf7be,
    0xffff, 0xffff, 0xffff, 0xe73c, 0x4208, 0xb5b6, 0xffff, 0x39e7, 0x0000, 0x0841, 0x0000, 0x0000,
    0x0000, 0x0000, 0x0000, 0x0000, 0x0000, 0x0000, 0x0000, 0x0000, 0x0000, 0x0861, 0x0000, 0x8c71,
    0xffdf, 0x2124, 0x0000, 0x0020, 0x0000, 0x0000, 0x0000, 0x0000, 0x0000, 0x0000, 0x0000, 0x0000,
    0x0000, 0x0000, 0x6b6d, 0x0841, 0x18c3, 0xef5d, 0xffff, 0xffff, 0xffff, 0xffff, 0xffff, 0xffff,
    0xffff, 0xffff, 0xffff, 0xffff, 0xffff, 0xffdf, 0xffff, 0xc618, 0x630c, 0xffff, 0xffdf, 0xffff,
    0xffff, 0xffff, 0xffff, 0xffff, 0xffff, 0xffff, 0xffff, 0xffff, 0xffff, 0xffff, 0xffff, 0xffff,
    0xffff, 0xffff, 0xffff, 0xffff, 0xffff, 0xffdf, 0xffff, 0x5acb, 0xbdf7, 0xffff, 0xffff, 0x5aeb,
    0x0000, 0x0020, 0x0000, 0x0000, 0x0000, 0x0000, 0x0020, 0x0000, 0x7bcf, 0x18e3, 0x73ae, 0xce59,
    0x528a, 0x0000, 0x0000, 0x0000, 0x10a2, 0x0000, 0x0000, 0x9cd3, 0xef7d, 0xffdf, 0xffdf, 0xffff,
    0xf79e, 0xf7bf, 0xffff, 0xf7be, 0x8410, 0x2104, 0x0000, 0x8430, 0xffff, 0xf7be, 0xffff, 0xffff,
    0xce59, 0xef5d, 0xe71c, 0x8430, 0x4a49, 0x3186, 0x31a6, 0x4228, 0x73ae, 0xbdd7, 0xf7be, 0xf79e,
    0xef5d, 0x8430, 0xd69a, 0xe73c, 0x2124, 0x0000, 0x0020, 0x0000, 0x0000, 0x0000, 0x0000, 0x0000,
    0x0000, 0x0000, 0x0000, 0x0000, 0x0000, 0x0841, 0x0000, 0x4208, 0xffff, 0x7c10, 0x0000, 0x0020,
    0x0000, 0x0000, 0x0000, 0x0000, 0x0000, 0x0000, 0x0000, 0x0000, 0x0020, 0x0000, 0x52aa, 0x2124,
    0x0841, 0xe71c, 0xffff, 0xffff, 0xffff, 0xffff, 0xffff, 0xffff, 0xffff, 0xffff, 0xffff, 0xffff,
    0xffff, 0xffdf, 0xffff, 0xc618, 0x630c, 0xffff, 0xffdf, 0xffff, 0xffff, 0xffff, 0xffff, 0xffff,
    0xffff, 0xffff, 0xffff, 0xffff, 0xffff, 0xffff, 0xffff, 0xffff, 0xffff, 0xffff, 0xffff, 0xffff,
    0xffff, 0xf7be, 0xffff, 0x632c, 0xa534, 0xffff, 0xffff, 0x4a49, 0x0000, 0x0020, 0x0000, 0x0000,
    0x0000, 0x0000, 0x0020, 0x0000, 0x632c, 0x39e7, 0xc5f8, 0xce79, 0x0000, 0x0000, 0x2145, 0xb596,
    0x630c, 0x0020, 0x0841, 0x0000, 0xbdd7, 0xffff, 0xf7be, 0xffdf, 0xffff, 0xffff, 0xffff, 0xffff,
    0xffff, 0xef5d, 0x9cd3, 0x6b6d, 0xef5d, 0xffff, 0xffdf, 0xffdf, 0xd6ba, 0x73ae, 0x0841, 0x0000,
    0x0000, 0x0000, 0x0000, 0x0000, 0x0000, 0x0020, 0x2965, 0x8430, 0xffff, 0xffff, 0xe71c, 0xffff,
    0xd6ba, 0x18e3, 0x0000, 0x0841, 0x0000, 0x0000, 0x0000, 0x0000, 0x0000, 0x0000, 0x0000, 0x0000,
    0x0000, 0x0020, 0x0000, 0x0861, 0xe71c, 0xe71c, 0x0861, 0x0000, 0x0020, 0x0000, 0x0000, 0x0000,
    0x0000, 0x0000, 0x0000, 0x0000, 0x0000, 0x0000, 0x3186, 0x4208, 0x0000, 0xdefb, 0xffff, 0xffdf,
    0xffff, 0xffff, 0xffff, 0xffff, 0xffff, 0xffff, 0xffff, 0xffff, 0xffff, 0xffdf, 0xffff, 0xc618,
    0x630c, 0xffff, 0xffdf, 0xffff, 0xffff, 0xffff, 0xffff, 0xffff, 0xffff, 0xffff, 0xffff, 0xffff,
    0xffff, 0xffff, 0xffff, 0xffff, 0xffff, 0xffff, 0xffff, 0xffdf, 0xffdf, 0xf79e, 0xffff, 0x8c51,
    0x7bcf, 0xffff, 0xffdf, 0x39e7, 0x0000, 0x0000, 0x0000, 0x0000, 0x0000, 0x0000, 0x0020, 0x0000,
    0x4208, 0x52aa, 0xb596, 0x4248, 0x0000, 0x2966, 0xef5d, 0xbdf7, 0x18e3, 0x0841, 0x0861, 0x0000,
    0x7bcf, 0xffff, 0xf79e, 0xffff, 0xffff, 0xffff, 0xffff, 0xffff, 0xffdf, 0xffff, 0xffff, 0xffff,
    0xf7be, 0xffdf, 0xffdf, 0xe73c, 0xb5b6, 0x18c3, 0x0841, 0x10a2, 0x0020, 0x0020, 0x0000, 0x0020,
    0x10a2, 0x0000, 0x0000, 0x0020, 0x738e, 0xf7be, 0xffff, 0xf7be, 0xffff, 0xd69a, 0x18e3, 0x0000,
    0x0840, 0x0020, 0x0000, 0x0000, 0x0000, 0x0000, 0x0000, 0x0000, 0x0000, 0x0000, 0x0020, 0x0000,
    0x8c51, 0xffff, 0x630c, 0x0000, 0x0841, 0x0020, 0x0000, 0x0000, 0x0000, 0x0000, 0x0000, 0x0000,
    0x0000, 0x0000, 0x10a2, 0x528a, 0x0020, 0xdedb, 0xffff, 0xffdf, 0xffff, 0xffff, 0xffff, 0xffff,
    0xffff, 0xffff, 0xffff, 0xffff, 0xffff, 0xffdf, 0xffff, 0xc618, 0x630c, 0xffff, 0xffdf, 0xffff,
    0xffff, 0xffff, 0xffff, 0xffff, 0xffff, 0xffff, 0xffff, 0xa65f, 0xd73f, 0xffff, 0xffdf, 0xffff,
    0xffff, 0xffdf, 0xffdf, 0xffdf, 0xffdf, 0xf7be, 0xffff, 0xce59, 0x528a, 0xffff, 0xffff, 0x3a07,
    0x0000, 0x1082, 0x10a2, 0x0000, 0x0820, 0x0020, 0x0020, 0x0000, 0x18e3, 0x39c7, 0x4a49, 0x0841,
    0x0000, 0xb596, 0xffff, 0x632c, 0xce59, 0x18c3, 0x0841, 0x0020, 0x4228, 0xffdf, 0xffdf, 0xffff,
    0xffff, 0xffff, 0xffff, 0xffff, 0xffff, 0xffdf, 0xffdf, 0xffdf, 0xffff, 0xffdf, 0xf7be, 0xffdf,
    0x7bcf, 0x4a69, 0x94d3, 0x2104, 0x0000, 0x0020, 0x0020, 0x0000, 0x6b4d, 0x8c71, 0x1082, 0x0000,
    0x0000, 0x4208, 0xce59, 0xf79e, 0xf7be, 0xffff, 0xdedb, 0x2945, 0x0020, 0x0000, 0x0000, 0x0000,
    0x0000, 0x0000, 0x0000, 0x0000, 0x0000, 0x0000, 0x0020, 0x0000, 0x3186, 0xffdf, 0xdedb, 0x1061,
    0x0020, 0x0020, 0x0000, 0x0000, 0x0000, 0x0000, 0x0000, 0x0000, 0x0000, 0x0000, 0x0000, 0x39e7,
    0x0861, 0xd69a, 0xffff, 0xffdf, 0xffff, 0xffff, 0xffff, 0xffff, 0xffff, 0xffff, 0xffff, 0xffff,
    0xffff, 0xffdf, 0xffff, 0xc618, 0x630c, 0xffff, 0xffdf, 0xffff, 0xffff, 0xffff, 0xffff, 0xffff,
    0xffff, 0xffff, 0x95fe, 0x02dd, 0x23dd, 0xdf7f, 0xffff, 0xffdf, 0xffdf, 0xffdf, 0xffdf, 0xffff,
    0xffff, 0xffff, 0xffff, 0xffff, 0x630c, 0xc618, 0xffff, 0x4208, 0x0000, 0x4a69, 0x4208, 0x0000,
    0x0020, 0x0020, 0x0820, 0x0020, 0x0861, 0x0841, 0xbdd7, 0x630c, 0x0861, 0xf7be, 0xe71c, 0x2124,
    0x528a, 0x0020, 0x0000, 0x0861, 0x5aeb, 0xe73c, 0xffff, 0xffdf, 0xffdf, 0xffff, 0xffff, 0xffff,
    0xffff, 0xffff, 0xffff, 0xffff, 0xffff, 0xffff, 0xffff, 0xce79, 0xad55, 0xffdf, 0x6b6d, 0xe73c,
    0x4a69, 0x0000, 0x0841, 0x0000, 0x18e3, 0xffff, 0xdedb, 0x39e7, 0x0000, 0x0000, 0x39e7, 0xd6ba,
    0xf79e, 0xf79e, 0xffff, 0x8c51, 0x0000, 0x0020, 0x0000, 0x0000, 0x0000, 0x0000, 0x0000, 0x0000,
    0x0000, 0x0000, 0x0000, 0x0841, 0x0000, 0xad95, 0xffff, 0x738e, 0x0000, 0x0841, 0x0000, 0x0000,
    0x0000, 0x0000, 0x0000, 0x0000, 0x0000, 0x0000, 0x0000, 0x2124, 0x18e3, 0xd69a, 0xffff, 0xffdf,
    0xffff, 0xffff, 0xffff, 0xffff, 0xffff, 0xffff, 0xffff, 0xffff, 0xffff, 0xffdf, 0xffff, 0xc618,
    0x630c, 0xffff, 0xffdf, 0xffff, 0xffff, 0xffff, 0xffff, 0xf7df, 0xffff, 0xd71f, 0x0b1d, 0x031d,
    0x0b5d, 0xdf5f, 0xffff, 0xffff, 0xffff, 0xffff, 0xffff, 0xffff, 0xffff, 0xffff, 0xffff, 0xffff,
    0xce59, 0x5aeb, 0xffff, 0x4a49, 0x0000, 0x7bef, 0x5acb, 0x0000, 0x0020, 0x0020, 0x0000, 0x0000,
    0x0020, 0x0000, 0xa514, 0xb5d7, 0x31a6, 0xffff, 0xce59, 0x0000, 0x0000, 0x0000, 0x0841, 0x0000,
    0xa514, 0xffff, 0xf7be, 0xffff, 0xffff, 0xffff, 0xffff, 0xffff, 0xffff, 0xffff, 0xffff, 0xffff,
    0xffff, 0xffff, 0xffff, 0xf79e, 0xffff, 0x94b2, 0x18c3, 0xb576, 0x18e3, 0x0000, 0x0020, 0x0841,
    0x0000, 0xbdd7, 0xffff, 0xf79e, 0x4208, 0x0000, 0x0020, 0x94b2, 0xffff, 0xef5d, 0xffff, 0x738e,
    0x0000, 0x0020, 0x0000, 0x0000, 0x0000, 0x0000, 0x0000, 0x0000, 0x0000, 0x0000, 0x0020, 0x0020,
    0x0000, 0x4228, 0xffff, 0xe73c, 0x18e3, 0x0020, 0x0020, 0x0000, 0x0000, 0x0000, 0x0000, 0x0000,
    0x0000, 0x0000, 0x0000, 0x0841, 0x10a2, 0xd6ba, 0xffff, 0xffff, 0xffff, 0xffff, 0xffff, 0xffff,
    0xffff, 0xffff, 0xffff, 0xffff, 0xffff, 0xffdf, 0xffff, 0xc618, 0x630c, 0xffff, 0xffdf, 0xffff,
    0xffff, 0xffff, 0xffff, 0xf7df, 0xffff, 0x3c3e, 0x02db, 0x02bb, 0x95fe, 0xffff, 0xf7df, 0xffff,
    0xffff, 0xffff, 0xffff, 0xffff, 0xffff, 0xffff, 0xffdf, 0xf7be, 0xffff, 0xa514, 0xa514, 0x632c,
    0x0000, 0x9cf3, 0x8c50, 0x0000, 0x0020, 0x0000, 0x0000, 0x0000, 0x0020, 0x0000, 0x7bcf, 0xf79e,
    0x630c, 0xffff, 0xc638, 0x0000, 0x0020, 0x0020, 0x0841, 0x0000, 0xa534, 0xffff, 0xf79e, 0xffff,
    0xffff, 0xffff, 0xffff, 0xffff, 0xffff, 0xffff, 0xffff, 0xffff, 0xffff, 0xffff, 0xffdf, 0xf7be,
    0xffff, 0x4a69, 0x0000, 0x0000, 0x0000, 0x0000, 0x0000, 0x0841, 0x0000, 0x9cf3, 0xffdf, 0xf79e,
    0xef5d, 0x2124, 0x0000, 0x0021, 0xce79, 0xffff, 0xffff, 0x52aa, 0x0000, 0x0020, 0x0000, 0x0000,
    0x0000, 0x0000, 0x0000, 0x0000, 0x0000, 0x0020, 0x0020, 0x0020, 0x0841, 0x0020, 0xb596, 0xffff,
    0x9492, 0x0000, 0x0020, 0x0000, 0x0000, 0x0000, 0x0000, 0x0000, 0x0000, 0x0000, 0x0020, 0x0000,
    0x0841, 0xd6ba, 0xffff, 0xffff, 0xffff, 0xffff, 0xffff, 0xffff, 0xffff, 0xffff, 0xffff, 0xffff,
    0xffff, 0xffdf, 0xffff, 0xc618, 0x5aeb, 0xffff, 0xffdf, 0xffff, 0xffff, 0xffff, 0xffdf, 0xffff,
    0xa65f, 0x02be, 0x029e, 0x3bfd, 0xffff, 0xf7df, 0xffdf, 0xffdf, 0xffff, 0xffff, 0xffdf, 0xffff,
    0xffff, 0xffff, 0xffff, 0xffff, 0xffdf, 0xffff, 0xc638, 0x5acb, 0x0000, 0xb596, 0xbe17, 0x0000,
    0x0020, 0x0000, 0x0000, 0x0000, 0x0020, 0x0000, 0x528a, 0xffff, 0xad75, 0xffff, 0xce59, 0x0020,
    0x0020, 0x0020, 0x0841, 0x0000, 0xbdf7, 0xffff, 0xf7be, 0xffff, 0xffff, 0xffff, 0xffff, 0xffff,
    0xffff, 0xffff, 0xffff, 0xffff, 0xffff, 0xffdf, 0xffdf, 0xffff, 0xf7be, 0x2124, 0x0000, 0x0841,
    0x0000, 0x0000, 0x0000, 0x0841, 0x0000, 0xad55, 0xffff, 0xef7d, 0xffff, 0xad55, 0x0000, 0x0020,
    0x18e3, 0xce59, 0xffff, 0x39c7, 0x0000, 0x0020, 0x0000, 0x0000, 0x0000, 0x0000, 0x0000, 0x0000,
    0x0000, 0x0000, 0x0000, 0x0000, 0x0841, 0x0000, 0x2965, 0xf79e, 0xf7be, 0x4208, 0x0000, 0x0841,
    0x0000, 0x0000, 0x0000, 0x0000, 0x0000, 0x0000, 0x0020, 0x0020, 0x0841, 0xd6ba, 0xffff, 0xffdf,
    0xffff, 0xffff, 0xffff, 0xffff, 0xffff, 0xffff, 0xffff, 0xffff, 0xffff, 0xffdf, 0xffff, 0xc618,
    0x5aeb, 0xffff, 0xffdf, 0xffff, 0xffff, 0xffdf, 0xffdf, 0xffff, 0x3c1e, 0x02fe, 0x0afe, 0xc6df,
    0xffff, 0xf7bf, 0xffbe, 0xffff, 0xe75f, 0xe77f, 0xffff, 0xffdf, 0xffff, 0xffff, 0xffff, 0xffff,
    0xffff, 0xffdf, 0xffff, 0xa514, 0x0000, 0xb596, 0xf79d, 0x0881, 0x0000, 0x0020, 0x0000, 0x0000,
    0x0020, 0x0000, 0x4228, 0xffff, 0xf79e, 0xffff, 0xd6ba, 0x0020, 0x0841, 0x0020, 0x10a2, 0x1082,
    0xdefb, 0xffff, 0xf7be, 0xffdf, 0xffdf, 0xffff, 0xffff, 0xffff, 0xffff, 0xffff, 0xffff, 0xffff,
    0xffff, 0xffff, 0xffff, 0xffff, 0xef5d, 0x10a2, 0x0000, 0x0841, 0x0020, 0x0020, 0x0840, 0x0020,
    0x0020, 0xd69a, 0xffff, 0xf79e, 0xffdf, 0xef7d, 0x10a2, 0x0000, 0x630c, 0xbdd7, 0xf79e, 0x2104,
    0x0000, 0x0020, 0x0000, 0x0000, 0x0000, 0x0000, 0x0000, 0x0000, 0x0000, 0x0000, 0x0000, 0x0000,
    0x0000, 0x0020, 0x0000, 0x7bef, 0xffff, 0xd6ba, 0x1082, 0x0000, 0x0000, 0x0000, 0x0000, 0x0000,
    0x0000, 0x0000, 0x0020, 0x0020, 0x0020, 0xd69a, 0xffff, 0xffdf, 0xffff, 0xffff, 0xffff, 0xffff,
    0xffff, 0xffff, 0xffff, 0xffff, 0xffff, 0xffdf, 0xffff, 0xc618, 0x5aeb, 0xffff, 0xffdf, 0xffff,
    0xffff, 0xf7df, 0xffff, 0xb69f, 0x033e, 0x031e, 0x64fe, 0xffff, 0xf7bf, 0xf7df, 0xffff, 0xdf5f,
    0x1b5d, 0x2b9d, 0xdf3f, 0xffff, 0xffdf, 0xffff, 0xffff, 0xffff, 0xffff, 0xffdf, 0xffff, 0xdedb,
    0x0000, 0x9cb3, 0xffff, 0x528a, 0x0000, 0x0841, 0x0000, 0x0000, 0x0840, 0x0000, 0x39c7, 0xffff,
    0xf79e, 0xffdf, 0xf79e, 0x2104, 0x0841, 0x738e, 0x2104, 0x39a7, 0xffdf, 0xffdf, 0xffdf, 0xffff,
    0xffff, 0xffff, 0xffff, 0xffff, 0xffff, 0xffff, 0xffff, 0xffff, 0xffff, 0xffff, 0xffdf, 0xffff,
    0xef5d, 0x1082, 0x0841, 0x1082, 0x0000, 0x10a2, 0x1082, 0x0000, 0x2965, 0xf7be, 0xffdf, 0xf7be,
    0xffff, 0xc638, 0x0000, 0x9cd3, 0xffff, 0xffff, 0xce79, 0x0841, 0x0841, 0x0020, 0x0020, 0x0000,
    0x0000, 0x0000, 0x0000, 0x0000, 0x0000, 0x0000, 0x0000, 0x0000, 0x0000, 0x0020, 0x0841, 0x0020,
    0xb5b6, 0xffff, 0xad75, 0x0020, 0x0020, 0x0840, 0x0000, 0x0000, 0x0020, 0x0020, 0x0020, 0x0020,
    0x0000, 0xc618, 0xffff, 0xffdf, 0xffff, 0xffff, 0xffff, 0xffff, 0xffff, 0xffff, 0xffff, 0xffff,
    0xffff, 0xffdf, 0xffff, 0xc618, 0x5aeb, 0xffff, 0xffdf, 0xffff, 0xffff, 0xffdf, 0xffff, 0x54be,
    0x02de, 0x033e, 0xbedf, 0xffff, 0xf7df, 0xf7df, 0xffff, 0x5cde, 0x02dd, 0x031d, 0xb69e, 0xffff,
    0xf7df, 0xffff, 0xffff, 0xffff, 0xffff, 0xffdf, 0xf7be, 0xffff, 0x3185, 0x738e, 0xffff, 0xad75,
    0x0000, 0x0820, 0x0020, 0x0000, 0x0820, 0x0000, 0x3186, 0xf7be, 0xf7be, 0xf79e, 0xffff, 0x6b8e,
    0x2104, 0xf79e, 0x4208, 0xa514, 0xffff, 0xffdf, 0xffff, 0xffff, 0xffff, 0xffff, 0xffff, 0xffff,
    0xffff, 0xffff, 0xffff, 0xffff, 0xffff, 0xffff, 0xffff, 0xffff, 0xf7be, 0x18e3, 0x0000, 0x4208,
    0x3186, 0x4a49, 0x0020, 0x0000, 0x94b2, 0xffff, 0xf7be, 0xffdf, 0xffdf, 0x630c, 0x9cf3, 0xffff,
    0xf79e, 0xffff, 0xa534, 0x0000, 0x0861, 0x0020, 0x0000, 0x0000, 0x0000, 0x0000, 0x0000, 0x0000,
    0x0000, 0x0000, 0x0000, 0x0000, 0x0000, 0x0000, 0x0000, 0x0000, 0x18c3, 0xd6ba, 0xffff, 0x94b2,
    0x0000, 0x0841, 0x0020, 0x0020, 0x0020, 0x0020, 0x0020, 0x0020, 0x0000, 0xad55, 0xffff, 0xffdf,
    0xffff, 0xffff, 0xffff, 0xffff, 0xffff, 0xffff, 0xffff, 0xffff, 0xffff, 0xffdf, 0xffff, 0xc638,
    0x630c, 0xffff, 0xffdf, 0xffff, 0xffff, 0xffff, 0xef9f, 0x1b7d, 0x02be, 0x23de, 0xf7bf, 0xffdf,
    0xf7df, 0xffff, 0xc6ff, 0x0b3f, 0x031e, 0x5cfe, 0xffff, 0xffff, 0xffff, 0xffff, 0xffff, 0xffdf,
    0xffdf, 0xffdf, 0xf7be, 0xffff, 0x8c51, 0x39e7, 0xffff, 0xef7d, 0x18e3, 0x0000, 0x0020, 0x0000,
    0x0020, 0x0000, 0x2966, 0xf79e, 0xf7be, 0xf79e, 0xffff, 0xce59, 0x0861, 0x5acb, 0x9cd3, 0xffff,
    0xffdf, 0xffdf, 0xffff, 0xffff, 0xffff, 0xffff, 0xffff, 0xffff, 0xffff, 0xffff, 0xffff, 0xffff,
    0xffff, 0xffff, 0xffff, 0xffdf, 0xffff, 0x5acb, 0x10a2, 0xbdd7, 0xd6bb, 0x94d3, 0x0020, 0x39e7,
    0xf7be, 0xf7be, 0xf7be, 0xffff, 0xdefb, 0xc638, 0xffff, 0xffdf, 0xf7be, 0xffff, 0x73ae, 0x0000,
    0x0841, 0x0000, 0x0000, 0x0000, 0x0000, 0x0000, 0x0000, 0x0000, 0x0000, 0x0000, 0x0000, 0x0000,
    0x0000, 0x0000, 0x0000, 0x0841, 0x0000, 0x3186, 0xe73c, 0xffff, 0x7bef, 0x0000, 0x0841, 0x0020,
    0x0020, 0x0000, 0x0000, 0x0020, 0x0000, 0x94b2, 0xffff, 0xf7be, 0xffdf, 0xffff, 0xffff, 0xffff,
    0xffff, 0xffff, 0xffff, 0xffff, 0xffff, 0xffdf, 0xffff, 0xc638, 0x630c, 0xffff, 0xffdf, 0xffff,
    0xf7df, 0xffff, 0xc6bf, 0x02fd, 0x02be, 0x6d1f, 0xffff, 0xf7bf, 0xf7bf, 0xffff, 0x54de, 0x02dd,
    0x135e, 0xd73f, 0xffff, 0xf7df, 0xffff, 0xef9f, 0xcf1f, 0xffff, 0xffff, 0xffdf, 0xffdf, 0xffdf,
    0xef7d, 0x31a6, 0xdefb, 0xdedb, 0x2104, 0x1082, 0x0000, 0x0000, 0x0020, 0x0000, 0x39c7, 0xffff,
    0xf7be, 0xf7be, 0xffff, 0xf79e, 0xbdf7, 0xce59, 0xffff, 0xffff, 0xffdf, 0xffff, 0xffff, 0xffff,
    0xffff, 0xffff, 0xffff, 0xffff, 0xffff, 0xffff, 0xffff, 0xffff, 0xffff, 0xffff, 0xffff, 0xf7be,
    0xffff, 0xbdf7, 0x0000, 0x7bef, 0xc659, 0x52aa, 0x52aa, 0xef5d, 0xffff, 0xffdf, 0xffdf, 0xffdf,
    0xffff, 0xffff, 0xffdf, 0xffff, 0xffff, 0xffff, 0x39e7, 0x0000, 0x0020, 0x0000, 0x0000, 0x0000,
    0x0000, 0x0000, 0x0000, 0x0000, 0x0000, 0x0000, 0x0000, 0x0000, 0x0000, 0x0000, 0x0020, 0x0020,
    0x0840, 0x0000, 0x39e7, 0xef5d, 0xffff, 0x7bcf, 0x0000, 0x0020, 0x0020, 0x0000, 0x0000, 0x0000,
    0x0000, 0x8430, 0xffff, 0xf7be, 0xffdf, 0xffff, 0xffff, 0xffff, 0xffff, 0xffff, 0xffff, 0xffff,
    0xffff, 0xffdf, 0xffff, 0xc638, 0x630c, 0xffff, 0xffdf, 0xffff, 0xf7bf, 0xffff, 0x9dff, 0x02dd,
    0x02fe, 0xa65f, 0xffff, 0xefbf, 0xffdf, 0xe79f, 0x1b9e, 0x02bd, 0x549e, 0xffff, 0xf7bf, 0xffdf,
    0xffff, 0x4c5e, 0x02de, 0x9e1f, 0xffff, 0xf7df, 0xffff, 0xffdf, 0xffff, 0xad55, 0x7bcf, 0xc638,
    0x0861, 0x6b6d, 0x1082, 0x0000, 0x0841, 0x0000, 0x4208, 0xffff, 0xf7be, 0xffdf, 0xffff, 0xffff,
    0xffff, 0xffff, 0xf7be, 0xb596, 0xe73c, 0xffff, 0xffdf, 0xffff, 0xffff, 0xffff, 0xffff, 0xffff,
    0xffff, 0xffff, 0xffff, 0xffff, 0xffff, 0xffff, 0xffff, 0xffdf, 0xffff, 0xf7be, 0xa555, 0x5aeb,
    0x4228, 0x5269, 0xef5d, 0xffff, 0xffdf, 0xffff, 0xffff, 0xffff, 0xffff, 0xffdf, 0xffdf, 0xffdf,
    0xffff, 0xdedb, 0x0841, 0x0000, 0x0000, 0x0000, 0x0000, 0x0000, 0x0000, 0x0000, 0x0000, 0x0020,
    0x0000, 0x0000, 0x10a2, 0x0000, 0x0020, 0x0020, 0x0020, 0x0020, 0x0000, 0x0020, 0x0000, 0x2965,
    0xce79, 0xffff, 0x8410, 0x0000, 0x0000, 0x0020, 0x0020, 0x0000, 0x18c3, 0x83ef, 0xffff, 0xf7be,
    0xffdf, 0xffff, 0xffff, 0xffff, 0xffff, 0xffff, 0xffff, 0xffff, 0xffff, 0xffdf, 0xffff, 0xc618,
    0x630c, 0xffff, 0xffdf, 0xffff, 0xf7bf, 0xffff, 0x751e, 0x02fd, 0x135e, 0xcf1f, 0xffff, 0xefbf,
    0xffff, 0xbebf, 0x031e, 0x02df, 0x95df, 0xffff, 0xef9f, 0xffff, 0xae7f, 0x02dd, 0x02dd, 0x95de,
    0xffff, 0xf7bf, 0xffff, 0xffff, 0xffdf, 0xffff, 0xbdf7, 0x8430, 0x0000, 0x2945, 0x7bce, 0x0040,
    0x0000, 0x0000, 0x4a69, 0xffff, 0xf7be, 0xffdf, 0xffff, 0xffff, 0xf7df, 0xffff, 0xdf1b, 0x7bef,
    0xffff, 0xffdf, 0xffff, 0xffff, 0xffff, 0xffff, 0xffff, 0xffff, 0xffff, 0xffff, 0xffff, 0xffff,
    0xffff, 0xffff, 0xffff, 0xffff, 0xffff, 0xffff, 0xffff, 0xffff, 0xffff, 0xf79e, 0xf7be, 0xffff,
    0xffff, 0xffff, 0xffff, 0xffff, 0xffff, 0xffff, 0xffdf, 0xf7be, 0xffff, 0x9cf3, 0x0000, 0x0020,
    0x0000, 0x0000, 0x0000, 0x0000, 0x0000, 0x0020, 0x0020, 0x0020, 0x1082, 0x9cf3, 0xef7d, 0x8c51,
    0x0000, 0x0020, 0x0020, 0x0000, 0x0000, 0x0000, 0x0020, 0x0000, 0x1062, 0x9cd3, 0xffff, 0xad55,
    0x0861, 0x0000, 0x0861, 0x0000, 0x4208, 0x7bcf, 0xf79e, 0xffdf, 0xffdf, 0xffff, 0xffff, 0xffff,
    0xffff, 0xffff, 0xffff, 0xffff, 0xffff, 0xffdf, 0xffff, 0xc618, 0x630c, 0xffff, 0xffdf, 0xffff,
    0xf7bf, 0xffff, 0x5c9e, 0x02dd, 0x1b7e, 0xe77f, 0xffff, 0xf7bf, 0xffff, 0x95ff, 0x02be, 0x02fe,
    0xc6df, 0xffff, 0xef9f, 0xffff, 0x64fe, 0x027d, 0x2bdd, 0xf7df, 0xf7df, 0xf7df, 0xffdf, 0xffdf,
    0xffdf, 0xf79e, 0xffff, 0x6b6d, 0x0000, 0x0000, 0x3186, 0x8410, 0x18e3, 0x0000, 0x6b2d, 0xffff,
    0xf7be, 0xffdf, 0xffdf, 0xffdf, 0xffdf, 0xffff, 0xffdf, 0xef5d, 0xffff, 0xffff, 0xffff, 0xffff,
    0xffff, 0xffff, 0xffff, 0xffff, 0xffff, 0xffff, 0xffff, 0xffff, 0xffff, 0xffff, 0xffff, 0xffff,
    0xffff, 0xffff, 0xffdf, 0xffdf, 0xffff, 0xffff, 0xffff, 0xffff, 0xffff, 0xffff, 0xffff, 0xffff,
    0xffff, 0xffff, 0xffff, 0xf79e, 0xffff, 0x528a, 0x0000, 0x0841, 0x0000, 0x0000, 0x0000, 0x0000,
    0x0000, 0x0000, 0x0841, 0x0000, 0x528a, 0xffff, 0xef7d, 0xef7d, 0x8c71, 0x0000, 0x0000, 0x0000,
    0x0000, 0x0000, 0x0000, 0x0000, 0x0000, 0x0000, 0x4a69, 0xe71c, 0xdefb, 0x39e7, 0x0000, 0x0000,
    0x528a, 0x7bef, 0xe73c, 0xffff, 0xffdf, 0xffff, 0xffff, 0xffff, 0xffff, 0xffff, 0xffff, 0xffff,
    0xffff, 0xffdf, 0xffff, 0xc618, 0x62eb, 0xffff, 0xffdf, 0xffff, 0xf7bf, 0xffff, 0x547e, 0x02bd,
    0x1b5d, 0xe77f, 0xffff, 0xf7bf, 0xffff, 0x7d7e, 0x029e, 0x0b1e, 0xcf1e, 0xffff, 0xefbf, 0xffff,
    0x447e, 0x027e, 0x5cde, 0xffff, 0xffdf, 0xffff, 0xffff, 0xffff, 0xffdf, 0xf7be, 0xffdf, 0x4228,
    0x0000, 0x0861, 0x0000, 0x2965, 0x7c0f, 0x10a2, 0x630c, 0xffff, 0xffdf, 0xf7be, 0xffdf, 0xffdf,
    0xffdf, 0xffff, 0xffff, 0xffff, 0xffff, 0xffff, 0xffff, 0xffff, 0xffff, 0xffff, 0xffff, 0xffff,
    0xffff, 0xffff, 0xffff, 0xffff, 0xffff, 0xffff, 0xffff, 0xffff, 0xffff, 0xffff, 0xffff, 0xffff,
    0xffff, 0xffff, 0xffff, 0xffff, 0xffff, 0xffff, 0xffff, 0xffff, 0xffff, 0xffff, 0xffdf, 0xffff,
    0xdefb, 0x1082, 0x0020, 0x0020, 0x0000, 0x0000, 0x0000, 0x0000, 0x0000, 0x0020, 0x0841, 0x0020,
    0x9492, 0x8430, 0x4228, 0x39e7, 0xd67a, 0xb596, 0x10a2, 0x0000, 0x0020, 0x0000, 0x0000, 0x0000,
    0x0000, 0x0020, 0x0000, 0x0861, 0x8c71, 0xef7d, 0x9492, 0x0040, 0x4208, 0x9492, 0xc618, 0xffff,
    0xffdf, 0xffff, 0xffff, 0xffff, 0xffff, 0xffff, 0xffff, 0xffff, 0xffff, 0xffdf, 0xffff, 0xc638,
    0x630c, 0xffff, 0xffdf, 0xffff, 0xf7bf, 0xffff, 0x4c5d, 0x02bc, 0x1b5d, 0xdf5f, 0xffdf, 0xf7bf,
    0xffff, 0x755e, 0x029d, 0x0b1e, 0xd73e, 0xfffe, 0xf7bf, 0xffff, 0x447e, 0x027e, 0x6cff, 0xffff,
    0xffff, 0xffff, 0xffff, 0xffff, 0xffff, 0xffdf, 0xef5d, 0x18e3, 0x0000, 0x0020, 0x0020, 0x0000,
    0x0841, 0x1082, 0x18c3, 0x8c51, 0xef5d, 0xffdf, 0xffdf, 0xffff, 0xffff, 0xffff, 0xffff, 0xffff,
    0xffff, 0xffff, 0xffff, 0xffff, 0xffff, 0xffff, 0xffff, 0xffff, 0xffff, 0xffff, 0xffff, 0xffff,
    0xffff, 0xffff, 0xffff, 0xffff, 0xffff, 0xffff, 0xffff, 0xffff, 0xffff, 0xffff, 0xffff, 0xffff,
    0xffff, 0xffff, 0xffff, 0xffff, 0xffff, 0xffff, 0xffdf, 0xffff, 0x8c71, 0x0000, 0x0841, 0x0020,
    0x0000, 0x0000, 0x0000, 0x0020, 0x0020, 0x0020, 0x0000, 0x0841, 0x18e3, 0x634d, 0xf79e, 0xb5b6,
    0x6b6d, 0xffff, 0x6b4d, 0x0000, 0x0861, 0x0000, 0x0000, 0x0000, 0x0000, 0x0000, 0x0000, 0x0000,
    0x0000, 0x2945, 0xa514, 0xb5b6, 0x8410, 0x632c, 0xb5b6, 0xffff, 0xffff, 0xffff, 0xffdf, 0xffdf,
    0xffff, 0xffff, 0xffff, 0xffff, 0xffdf, 0xffdf, 0xffff, 0xc638, 0x630c, 0xffff, 0xffdf, 0xffff,
    0xf7bf, 0xffff, 0x5c9d, 0x02bb, 0x133c, 0xd73f, 0xffff, 0xf7bf, 0xffff, 0x85be, 0x029d, 0x031e,
    0xcf1f, 0xffff, 0xefbf, 0xffff, 0x64de, 0x029f, 0x3c1f, 0xffff, 0xffff, 0xffff, 0xffff, 0xffff,
    0xffdf, 0xffff, 0xbdd7, 0x0000, 0x0020, 0x0020, 0x0000, 0x0020, 0x0000, 0x0000, 0xb576, 0xce79,
    0xe73c, 0xffff, 0xffff, 0xffff, 0xffff, 0xffff, 0xffff, 0xffff, 0xffff, 0xffff, 0xffff, 0xffff,
    0xffff, 0xffff, 0xffff, 0xffff, 0xffff, 0xffff, 0xffff, 0xffff, 0xffff, 0xffff, 0xffff, 0xffff,
    0xffff, 0xffff, 0xffff, 0xffff, 0xffff, 0xffff, 0xffff, 0xffff, 0xffff, 0xffff, 0xffff, 0xffff,
    0xffff, 0xffdf, 0xffdf, 0xf79e, 0x2124, 0x0000, 0x0000, 0x0000, 0x0000, 0x0000, 0x0000, 0x0000,
    0x0000, 0x0020, 0x0020, 0x0861, 0xbdd7, 0xf7be, 0xffff, 0xe73c, 0x6b6d, 0xffff, 0x7bcf, 0x0000,
    0x0841, 0x0000, 0x0000, 0x0000, 0x0000, 0x0000, 0x0000, 0x0000, 0x0020, 0x0000, 0x0000, 0x2124,
    0x738e, 0x73ae, 0x528a, 0xad55, 0xef7d, 0xffff, 0xffff, 0xffff, 0xffff, 0xffff, 0xffff, 0xffff,
    0xffdf, 0xffdf, 0xffff, 0xc638, 0x630c, 0xffff, 0xffdf, 0xffff, 0xf7bf, 0xffff, 0x6cde, 0x02bb,
    0x031c, 0xbedf, 0xffff, 0xf7bf, 0xffff, 0xae7e, 0x02dd, 0x02fe, 0xae7f, 0xffff, 0xefbf, 0xffff,
    0xae5f, 0x02de, 0x0b1e, 0xae7f, 0xffff, 0xf7df, 0xffff, 0xffdf, 0xf7be, 0xffff, 0x8430, 0x0000,
    0x0020, 0x0000, 0x0000, 0x0020, 0x0020, 0x0841, 0xd6ba, 0xffff, 0xffff, 0xffff, 0xffff, 0xffff,
    0xffff, 0xffff, 0xffff, 0xffff, 0xffff, 0xffff, 0xffff, 0xffff, 0xffff, 0xffff, 0xffff, 0xffff,
    0xffff, 0xffff, 0xffff, 0xffff, 0xffff, 0xffff, 0xffff, 0xffff, 0xffff, 0xffff, 0xffff, 0xffff,
    0xffff, 0xffff, 0xffff, 0xffff, 0xffff, 0xffff, 0xffff, 0xffff, 0xffff, 0xf7be, 0xffff, 0x8c71,
    0x0000, 0x0841, 0x0000, 0x0000, 0x0000, 0x0000, 0x0000, 0x0000, 0x0000, 0x0020, 0x0041, 0x4208,
    0xad55, 0xffff, 0xffdf, 0xf7be, 0x9cf3, 0xffff, 0x8410, 0x0000, 0x0841, 0x0000, 0x0000, 0x0000,
    0x0000, 0x0000, 0x0000, 0x0000, 0x0020, 0x0020, 0x0840, 0x0000, 0x0000, 0x0000, 0x0000, 0x0000,
    0x0841, 0x39e7, 0x7bef, 0xbdf7, 0xffff, 0xffff, 0xffff, 0xffff, 0xffff, 0xffff, 0xffff, 0xc618,
    0x630c, 0xffff, 0xffdf, 0xffff, 0xf7bf, 0xffff, 0x8dbe, 0x02bb, 0x02dc, 0x961f, 0xffff, 0xefbf,
    0xffff, 0xe77f, 0x1b7e, 0x02be, 0x6d1f, 0xffff, 0xf7bf, 0xffff, 0xffdf, 0x3c1e, 0x025e, 0x753e,
    0xffff, 0xf7bf, 0xffdf, 0xffdf, 0xffdf, 0xffff, 0x4a69, 0x2945, 0x0841, 0x0000, 0x0000, 0x0020,
    0x0000, 0x0841, 0xd6db, 0xffff, 0xffdf, 0xffff, 0xffff, 0xffff, 0xffff, 0xffff, 0xffff, 0xffff,
    0xffff, 0xffff, 0xffff, 0xffff, 0xffff, 0xffff, 0xffff, 0xffff, 0xffff, 0xffff, 0xffff, 0xffff,
    0xffff, 0xffff, 0xffff, 0xffff, 0xffff, 0xffff, 0xffff, 0xffff, 0xffff, 0xffff, 0xffff, 0xffff,
    0xffff, 0xffff, 0xffff, 0xffff, 0xffdf, 0xffff, 0xef7d, 0x18c3, 0x0000, 0x0020, 0x0000, 0x0000,
    0x0000, 0x0000, 0x0000, 0x0000, 0x0020, 0x0000, 0x18e3, 0xe73c, 0x630c, 0xef5d, 0xffff, 0xffdf,
    0xf79e, 0xffff, 0x7bcf, 0x0000, 0x0841, 0x0000, 0x0000, 0x0000, 0x0000, 0x0000, 0x0000, 0x0000,
    0x0000, 0x0000, 0x0000, 0x0000, 0x0861, 0x5aeb, 0x2124, 0x5aeb, 0x6b6d, 0x8410, 0xad75, 0xef5c,
    0xffff, 0xffff, 0xffff, 0xffff, 0xffff, 0xffff, 0xffff, 0xc638, 0x630c, 0xffff, 0xffdf, 0xffff,
    0xf7df, 0xffff, 0xcedf, 0x0afe, 0x02de, 0x6d5e, 0xffff, 0xf7bf, 0xf7bf, 0xffff, 0x5cbe, 0x02dd,
    0x1b9e, 0xe79f, 0xffff, 0xf7bf, 0xffff, 0xcf1f, 0x8dbe, 0xf7bf, 0xffdf, 0xf7bf, 0xf7df, 0xf7be,
    0xffff, 0xce79, 0x2965, 0x5acb, 0x0000, 0x0020, 0x0000, 0x0020, 0x0000, 0x0841, 0xd69a, 0xffff,
    0xffdf, 0xffff, 0xffff, 0xffff, 0xffff, 0xffff, 0xffff, 0xffff, 0xffff, 0xffff, 0xffff, 0xffff,
    0xffff, 0xffff, 0xffff, 0xffff, 0xffff, 0xffff, 0xffff, 0xffff, 0xffff, 0xffff, 0xffff, 0xffff,
    0xffff, 0xffff, 0xffff, 0xffff, 0xffff, 0xffff, 0xffff, 0xffff, 0xffff, 0xffff, 0xffff, 0xffdf,
    0xf79e, 0xffff, 0x6b8e, 0x0000, 0x0841, 0x0000, 0x0000, 0x0000, 0x0000, 0x0000, 0x0000, 0x0000,
    0x0841, 0x0000, 0x630c, 0xffff, 0x738e, 0xc638, 0xffff, 0xffdf, 0xf7be, 0xffff, 0x52aa, 0x0000,
    0x0841, 0x0020, 0x0020, 0x0000, 0x0000, 0x0000, 0x0000, 0x0000, 0x0000, 0x0000, 0x0020, 0x0000,
    0x0000, 0xd69a, 0x7bef, 0xe73c, 0xffff, 0xffff, 0xffff, 0xffff, 0xffff, 0xffff, 0xffff, 0xffff,
    0xffff, 0xffdf, 0xffff, 0xc638, 0x630c, 0xffff, 0xffdf, 0xffff, 0xffff, 0xffff, 0xf7df, 0x33de,
    0x02fe, 0x341e, 0xffdf, 0xffff, 0xf7df, 0xffff, 0xb67f, 0x02de, 0x02be, 0x5cff, 0xffff, 0xf7bf,
    0xffbe, 0xffdf, 0xffff, 0xffdf, 0xffdf, 0xffdf, 0xffdf, 0xf7be, 0xffff, 0x73ae, 0x5aeb, 0x5aeb,
    0x0841, 0x0841, 0x0000, 0x0020, 0x0020, 0x0000, 0xbdf7, 0xffff, 0xffdf, 0xffff, 0xffff, 0xffff,
    0xffff, 0xffff, 0xffff, 0xffff, 0xffff, 0xffdf, 0xffdf, 0xffff, 0xffff, 0xffff, 0xffff, 0xffff,
    0xffff, 0xffff, 0xffff, 0xffff, 0xffff, 0xffff, 0xffff, 0xffff, 0xffff, 0xffff, 0xffff, 0xffff,
    0xffff, 0xffff, 0xffff, 0xffff, 0xffff, 0xffff, 0xffff, 0xf7be, 0xffff, 0xb5b6, 0x0020, 0x0020,
    0x0000, 0x0000, 0x0000, 0x0000, 0x0000, 0x0000, 0x0000, 0x0000, 0x0000, 0x0020, 0xd67a, 0xffdf,
    0x8430, 0xe71c, 0xffdf, 0xffde, 0xffdf, 0xef7d, 0x2104, 0x0000, 0x0841, 0x0000, 0x0000, 0x0000,
    0x0000, 0x0000, 0x0000, 0x0000, 0x0000, 0x0000, 0x0000, 0x0020, 0x0000, 0x9492, 0x9cd3, 0xbdd7,
    0xffff, 0xf7be, 0xffdf, 0xffff, 0xffff, 0xffff, 0xffff, 0xffff, 0xffff, 0xffff, 0xffff, 0xc638,
    0x630c, 0xffff, 0xffdf, 0xffff, 0xffff, 0xffff, 0xffff, 0x6d1e, 0x02fe, 0x0b1f, 0xbedf, 0xffff,
    0xf7df, 0xffdf, 0xffff, 0x3c3f, 0x02bd, 0x02fc, 0xa63e, 0xffff, 0xf7bf, 0xffdf, 0xffdf, 0xffff,
    0xffff, 0xffff, 0xffff, 0xffff, 0xffdf, 0x31a6, 0xb596, 0x31a6, 0x2925, 0x1082, 0x0000, 0x0020,
    0x0020, 0x0000, 0x9492, 0xffff, 0xf7be, 0xffdf, 0xffff, 0xffff, 0xffff, 0xffff, 0xffff, 0xffff,
    0xffff, 0xffff, 0xffff, 0xffff, 0xffff, 0xffff, 0xffff, 0xffff, 0xffff, 0xffff, 0xffff, 0xffff,
    0xffff, 0xffff, 0xffff, 0xffff, 0xffff, 0xffff, 0xffff, 0xffff, 0xffff, 0xffff, 0xffff, 0xffff,
    0xffff, 0xffff, 0xf7be, 0xffff, 0xdedb, 0x18e3, 0x0000, 0x0000, 0x1082, 0x0000, 0x0000, 0x0000,
    0x0000, 0x0000, 0x0000, 0x0841, 0x0000, 0x6b4d, 0xffff, 0xffff, 0xdedb, 0xbdf7, 0xd69a, 0xf7be,
    0xffff, 0x8430, 0x0000, 0x0020, 0x0000, 0x0000, 0x0000, 0x0000, 0x0000, 0x0000, 0x0000, 0x0000,
    0x0000, 0x0000, 0x0000, 0x0020, 0x0000, 0x526a, 0xb5b6, 0xad75, 0xffff, 0xf7be, 0xffff, 0xffff,
    0xffff, 0xffff, 0xffff, 0xffff, 0xffff, 0xffdf, 0xffff, 0xc618, 0x630b, 0xffff, 0xffdf, 0xffff,
    0xffff, 0xf7df, 0xffff, 0xc6df, 0x0b1e, 0x02fe, 0x5cdf, 0xffff, 0xf7bf, 0xf7bf, 0xffff, 0xcf1f,
    0x0afd, 0x027c, 0x95de, 0xffff, 0xf7bf, 0xffdf, 0xffff, 0xffff, 0xffff, 0xffff, 0xf7be, 0xffff,
    0xb596, 0x4208, 0xe71c, 0x0861, 0x39e7, 0x10a2, 0x0000, 0x0020, 0x0820, 0x0000, 0x528a, 0xffff,
    0xf7be, 0xffdf, 0xffff, 0xffff, 0xffff, 0xffdf, 0xffdf, 0xffdf, 0xffff, 0xc618, 0xa514, 0xffdf,
    0xffff, 0xffff, 0xffff, 0xffff, 0xffff, 0xffff, 0xffff, 0xffff, 0xffff, 0xffff, 0xffff, 0xffff,
    0xffff, 0xffff, 0xffff, 0xffff, 0xffff, 0xffff, 0xffff, 0xffff, 0xffff, 0xffff, 0xffff, 0xc638,
    0x18c3, 0x0000, 0x2124, 0xa514, 0x2965, 0x0000, 0x0020, 0x0000, 0x0000, 0x0000, 0x0020, 0x0841,
    0x0000, 0xad76, 0xd69a, 0xa534, 0x94b2, 0xc618, 0xffde, 0xffff, 0xad55, 0x0021, 0x0020, 0x0000,
    0x0000, 0x0000, 0x0000, 0x0000, 0x0000, 0x0000, 0x0000, 0x0000, 0x0000, 0x0000, 0x0020, 0x0020,
    0x0020, 0x10a2, 0xbdf7, 0xbdf7, 0xffff, 0xffdf, 0xffff, 0xffff, 0xffff, 0xffff, 0xffff, 0xffff,
    0xffff, 0xffdf, 0xffff, 0xc618, 0x5aeb, 0xffff, 0xffdf, 0xffff, 0xffff, 0xffdf, 0xf7df, 0xffff,
    0x3c1e, 0x02fd, 0x0b3e, 0xbedf, 0xffff, 0xf7bf, 0xf7bf, 0xffff, 0xae5f, 0x95ff, 0xffff, 0xffdf,
    0xffdf, 0xffdf, 0xffff, 0xffff, 0xffff, 0xffdf, 0xf7be, 0xffff, 0x4a49, 0x9cf3, 0xb596, 0x0000,
    0x4228, 0x10a2, 0x0000, 0x0820, 0x0840, 0x0020, 0x1082, 0xdedb, 0xffdf, 0xf7de, 0xffff, 0xffff,
    0xffdf, 0xffdf, 0xffdf, 0xffdf, 0xffff, 0x738e, 0x31a6, 0x632c, 0xc638, 0xffff, 0xffdf, 0xffff,
    0xffff, 0xffff, 0xffff, 0xffff, 0xffff, 0xffff, 0xffff, 0xffff, 0xffff, 0xffff, 0xffff, 0xffff,
    0xffff, 0xffff, 0xffff, 0xffff, 0xffff, 0xdedb, 0x6b6d, 0x0000, 0x1082, 0x738e, 0xef7d, 0xbdd7,
    0x0000, 0x0841, 0x0020, 0x0020, 0x0020, 0x0020, 0x0020, 0x0000, 0x5aeb, 0xad76, 0xa535, 0xc618,
    0xef7e, 0xffff, 0xffff, 0x9cd3, 0x0020, 0x0020, 0x0020, 0x0000, 0x0000, 0x0000, 0x0000, 0x0000,
    0x0000, 0x0000, 0x0000, 0x0000, 0x0000, 0x0000, 0x0000, 0x0000, 0x0841, 0x0000, 0x8c51, 0xe75c,
    0xffdf, 0xffff, 0xffff, 0xffff, 0xffff, 0xffff, 0xffff, 0xffff, 0xffff, 0xffdf, 0xffff, 0xc618,
    0x5aeb, 0xffff, 0xffdf, 0xffff, 0xffdf, 0xffdf, 0xf7df, 0xffff, 0x9e3f, 0x02be, 0x02dd, 0x3c3d,
    0xffff, 0xf7bf, 0xffdf, 0xffdf, 0xffff, 0xffff, 0xffdf, 0xffff, 0xffff, 0xffff, 0xffff, 0xffff,
    0xffff, 0xffdf, 0xffff, 0xce79, 0x2124, 0xf79e, 0x4228, 0x0000, 0x4228, 0x10a2, 0x0000, 0x0020,
    0x0020, 0x0841, 0x0000, 0x630c, 0xffff, 0xf7be, 0xffdf, 0xffdf, 0xffdf, 0xffdf, 0xffff, 0xffff,
    0xffff, 0xf79e, 0xffff, 0xd69a, 0x6b6d, 0xf79e, 0xffdf, 0xffdf, 0xffff, 0xffff, 0xffff, 0xffff,
    0xffff, 0xffff, 0xffff, 0xffff, 0xffff, 0xffff, 0xffff, 0xffff, 0xffff, 0xffff, 0xffff, 0xef5d,
    0xa514, 0x6b4d, 0x630c, 0xa534, 0xef5d, 0xffff, 0xffff, 0x4228, 0x0000, 0x0841, 0x0000, 0x0000,
    0x0000, 0x0841, 0x0000, 0x2124, 0xf7be, 0xffff, 0xffff, 0xffff, 0xffff, 0xd6ba, 0x528a, 0x0000,
    0x0000, 0x0000, 0x0000, 0x0000, 0x0000, 0x0000, 0x0000, 0x0000, 0x0000, 0x0000, 0x0000, 0x0000,
    0x0000, 0x0000, 0x0000, 0x0020, 0x0020, 0x0000, 0x2965, 0xf7be, 0xffff, 0xffdf, 0xffff, 0xffff,
    0xffff, 0xffff, 0xffff, 0xffff, 0xffff, 0xffdf, 0xffff, 0xc618, 0x630c, 0xffff, 0xffdf, 0xffff,
    0xffdf, 0xffde, 0xffde, 0xf7bf, 0xf7df, 0x3bfe, 0x02db, 0x02fb, 0x8dde, 0xffff, 0xf7df, 0xffff,
    0xffff, 0xffff, 0xffff, 0xffff, 0xffff, 0xffff, 0xffff, 0xffff, 0xffff, 0xffdf, 0xffff, 0x5acb,
    0x8c72, 0xa534, 0x0000, 0x0000, 0x4a49, 0x2945, 0x0000, 0x0000, 0x0000, 0x0000, 0x0020, 0x0000,
    0xbdd7, 0xffff, 0xf7be, 0xffff, 0xffff, 0xffff, 0xffff, 0xffff, 0xffff, 0xffff, 0xffff, 0xffff,
    0xffff, 0xffdf, 0xffff, 0xffff, 0xffff, 0xffff, 0xffff, 0xffff, 0xffff, 0xffff, 0xffff, 0xffff,
    0xffff, 0xffff, 0xffff, 0xffff, 0xffff, 0xffff, 0xffff, 0xffff, 0xf7be, 0xffff, 0xffff, 0xffff,
    0xffff, 0xffff, 0xdedb, 0x0841, 0x0000, 0x0000, 0x0000, 0x0000, 0x0000, 0x0020, 0x0000, 0xad55,
    0xffff, 0xffff, 0xffff, 0xdefb, 0x73ae, 0x0861, 0x0000, 0x0020, 0x0000, 0x0000, 0x0000, 0x0000,
    0x0000, 0x0000, 0x0000, 0x0000, 0x0000, 0x0020, 0x4a49, 0x0841, 0x0020, 0x0020, 0x0020, 0x0020,
    0x0020, 0x0840, 0x0000, 0xa534, 0xffff, 0xf79e, 0xffff, 0xffff, 0xffff, 0xffff, 0xffff, 0xffff,
    0xffff, 0xffdf, 0xffff, 0xc618, 0x630c, 0xffff, 0xffdf, 0xffff, 0xffdf, 0xffdf, 0xffdf, 0xf7df,
    0xffff, 0xceff, 0x0b1d, 0x0b3d, 0x135d, 0xd71f, 0xffff, 0xffff, 0xffff, 0xffff, 0xffff, 0xffff,
    0xffff, 0xffff, 0xffff, 0xffff, 0xf7be, 0xffff, 0xd6ba, 0x39c7, 0xce7a, 0x2945, 0x1082, 0x0000,
    0x39e7, 0x39c7, 0x0000, 0x0000, 0x0000, 0x0000, 0x0020, 0x0000, 0x2124, 0xef5d, 0xffdf, 0xffdf,
    0xffff, 0xffff, 0xffff, 0xffff, 0xffff, 0xffff, 0xffff, 0xffff, 0xffff, 0xffff, 0xffff, 0xffff,
    0xffff, 0xffff, 0xffff, 0xffff, 0xffff, 0xffff, 0xffff, 0xffff, 0xffff, 0xffff, 0xffff, 0xffff,
    0xffff, 0xffff, 0xffff, 0xffff, 0xffff, 0xffdf, 0xffdf, 0xf7be, 0xf79e, 0xffff, 0x8c71, 0x0000,
    0x0840, 0x0020, 0x0000, 0x0000, 0x0000, 0x0000, 0x18e3, 0xbdd7, 0xbe18, 0x9cd3, 0x52aa, 0x0861,
    0x0000, 0x0000, 0x0020, 0x0000, 0x0000, 0x0000, 0x0000, 0x0000, 0x0000, 0x0000, 0x0000, 0x0000,
    0x0000, 0x0020, 0x8410, 0x2103, 0x0000, 0x0020, 0x0020, 0x0000, 0x0000, 0x0841, 0x0000, 0x39e8,
    0xffdf, 0xf7be, 0xffdf, 0xffff, 0xffff, 0xffff, 0xffff, 0xffff, 0xffff, 0xffdf, 0xffff, 0xc618,
    0x630c, 0xffff, 0xffdf, 0xffff, 0xffff, 0xffff, 0xffff, 0xffff, 0xffdf, 0xffff, 0x9dfe, 0x02de,
    0x133d, 0xceff, 0xffff, 0xffff, 0xffff, 0xffff, 0xffff, 0xffff, 0xffff, 0xffff, 0xffff, 0xffff,
    0xf7be, 0xffff, 0x52cb, 0x9492, 0x5aeb, 0x73ae, 0x10a2, 0x0000, 0x31a6, 0x528a, 0x0000, 0x0000,
    0x0000, 0x0000, 0x0000, 0x0020, 0x0000, 0x4a69, 0xffff, 0xffdf, 0xffdf, 0xffff, 0xffff, 0xffff,
    0xffff, 0xffff, 0xffff, 0xffff, 0xffff, 0xffff, 0xffff, 0xffff, 0xffff, 0xffff, 0xffff, 0xffff,
    0xffff, 0xffff, 0xffff, 0xffff, 0xffff, 0xffff, 0xffff, 0xffff, 0xffff, 0xffff, 0xffff, 0xffff,
    0xffff, 0xffdf, 0xffdf, 0xf7be, 0xf79e, 0xffdf, 0x31c6, 0x0000, 0x0841, 0x0000, 0x0020, 0x0020,
    0x0020, 0x0000, 0x0000, 0x0000, 0x0000, 0x0000, 0x0000, 0x0000, 0x0000, 0x0000, 0x0000, 0x0000,
    0x0000, 0x0000, 0x0000, 0x0000, 0x0000, 0x0000, 0x0000, 0x0020, 0x0020, 0x0861, 0x738e, 0x7bcf,
    0x39e7, 0x0000, 0x0020, 0x0000, 0x0000, 0x0020, 0x0020, 0x0000, 0xc618, 0xffff, 0xf7bf, 0xffdf,
    0xffdf, 0xffff, 0xffff, 0xffff, 0xffff, 0xffff, 0xffff, 0xc638, 0x630c, 0xffff, 0xffdf, 0xffff,
    0xffff, 0xffff, 0xffff, 0xffff, 0xffff, 0xffdf, 0xffff, 0x9dff, 0xbebf, 0xffff, 0xffff, 0xffff,
    0xffff, 0xffff, 0xffff, 0xffff, 0xffff, 0xffdf, 0xffdf, 0xf7be, 0xffff, 0xad75, 0x4228, 0x630c,
    0x7bcf, 0x9cd3, 0x0000, 0x0841, 0x2104, 0x632c, 0x0000, 0x0020, 0x0000, 0x0000, 0x0000, 0x0020,
    0x0841, 0x0000, 0x73ae, 0xffff, 0xf7be, 0xffff, 0xffff, 0xffff, 0xffff, 0xffff, 0xffff, 0xffff,
    0xffff, 0xffff, 0xffff, 0xffff, 0xffff, 0xffff, 0xffff, 0xffff, 0xffff, 0xffff, 0xffff, 0xffff,
    0xffff, 0xffff, 0xffff, 0xffff, 0xffff, 0xffff, 0xffff, 0xffff, 0xffff, 0xffff, 0xffdf, 0xffdf,
    0xffff, 0xb596, 0x0000, 0x0020, 0x0020, 0x0000, 0x0000, 0x0000, 0x0000, 0x0000, 0x0000, 0x0000,
    0x0000, 0x0000, 0x0000, 0x0000, 0x0000, 0x0000, 0x0000, 0x0000, 0x0000, 0x0000, 0x0000, 0x0000,
    0x0000, 0x0000, 0x0020, 0x0020, 0x0020, 0x0841, 0x6b4d, 0x7bef, 0xd69a, 0x0020, 0x0020, 0x0020,
    0x0000, 0x0000, 0x0020, 0x0000, 0x526a, 0xffff, 0xf7be, 0xffdf, 0xffdf, 0xffff, 0xffff, 0xffff,
    0xffff, 0xffff, 0xffff, 0xc638, 0x630c, 0xffff, 0xffdf, 0xffff, 0xffff, 0xffff, 0xffff, 0xffff,
    0xffff, 0xffff, 0xffff, 0xffff, 0xffff, 0xffff, 0xffff, 0xffff, 0xffff, 0xffff, 0xffff, 0xffff,
    0xffff, 0xffff, 0xffdf, 0xf7be, 0xf7be, 0x4228, 0x39e7, 0x4a49, 0xffff, 0x4228, 0x0000, 0x0861,
    0x0841, 0x73ae, 0x0861, 0x0000, 0x0020, 0x0020, 0x0020, 0x0020, 0x0020, 0x0841, 0x0000, 0x9cd3,
    0xffff, 0xf79e, 0xffdf, 0xffff, 0xffff, 0xffff, 0xffff, 0xffff, 0xffff, 0xffff, 0xffff, 0xffff,
    0xffff, 0xffff, 0xffff, 0xffff, 0xffff, 0xffff, 0xffff, 0xffff, 0xffff, 0xffff, 0xffff, 0xffff,
    0xffff, 0xffff, 0xffff, 0xffff, 0xffff, 0xffdf, 0xffff, 0xffff, 0x9492, 0x0861, 0x0020, 0x0020,
    0x0000, 0x0000, 0x0000, 0x0000, 0x0000, 0x0000, 0x0000, 0x0000, 0x0000, 0x0000, 0x0000, 0x0000,
    0x0000, 0x0000, 0x0000, 0x0000, 0x0000, 0x0000, 0x0000, 0x0000, 0x0000, 0x0000, 0x0000, 0x0000,
    0x0020, 0x0020, 0x736e, 0x630c, 0xffff, 0x7bcf, 0x0000, 0x0841, 0x0000, 0x0000, 0x0000, 0x0841,
    0x0000, 0xbdf7, 0xffff, 0xf7be, 0xffff, 0xffff, 0xffff, 0xffff, 0xffff, 0xffff, 0xffff, 0xc618,
    0x5aeb, 0xffff, 0xffdf, 0xffff, 0xffff, 0xffff, 0xffff, 0xffff, 0xffff, 0xffff, 0xffff, 0xffff,
    0xffff, 0xffff, 0xffff, 0xffff, 0xffff, 0xffff, 0xffff, 0xffff, 0xffff, 0xffff, 0xffdf, 0xffff,
    0x8c71, 0x0861, 0x39e7, 0xef3c, 0xe73c, 0x0882, 0x0000, 0x0841, 0x0000, 0x6b6d, 0x2945, 0x0000,
    0x0020, 0x0020, 0x0020, 0x0020, 0x0020, 0x0020, 0x0020, 0x0020, 0xad55, 0xffff, 0xffdf, 0xffff,
    0xffff, 0xffff, 0xffff, 0xffff, 0xffff, 0xffff, 0xffff, 0xffff, 0xffff, 0xffff, 0xffff, 0xffff,
    0xffff, 0xffff, 0xffff, 0xffff, 0xffff, 0xffff, 0xffff, 0xffff, 0xffff, 0xffff, 0xffff, 0xffff,
    0xffff, 0xffff, 0xdedb, 0x4a49, 0x0000, 0x0020, 0x0020, 0x0020, 0x0020, 0x0000, 0x0000, 0x0000,
    0x0841, 0x0020, 0x0000, 0x0000, 0x0000, 0x0000, 0x0000, 0x0000, 0x0000, 0x0000, 0x0000, 0x0000,
    0x0000, 0x0000, 0x0000, 0x0000, 0x0000, 0x0000, 0x0000, 0x0000, 0x0020, 0x0000, 0x738e, 0x630c,
    0xffdf, 0xf7be, 0x31a6, 0x0000, 0x0020, 0x0000, 0x0000, 0x0041, 0x0000, 0x4208, 0xffff, 0xffff,
    0xffff, 0xffff, 0xffff, 0xffff, 0xffff, 0xffdf, 0xffff, 0xc617, 0x5aeb, 0xffff, 0xffdf, 0xffff,
    0xffff, 0xffff, 0xffff, 0xffff, 0xffff, 0xffff, 0xffff, 0xffff, 0xffff, 0xffff, 0xffff, 0xffff,
    0xffff, 0xffff, 0xffff, 0xffff, 0xffdf, 0xf7be, 0xffff, 0xce79, 0x0861, 0x18c3, 0xdedb, 0xffff,
    0xad55, 0x0000, 0x0020, 0x0020, 0x0000, 0x4a49, 0x5aeb, 0x0000, 0x0020, 0x0000, 0x0000, 0x0000,
    0x0000, 0x0000, 0x0020, 0x0020, 0x0841, 0xb5b6, 0xffff, 0xf7be, 0xffff, 0xffff, 0xffff, 0xffff,
    0xffff, 0xffff, 0xffff, 0xffff, 0xffff, 0xffff, 0xffff, 0xffff, 0xffff, 0xffff, 0xffff, 0xffff,
    0xffff, 0xffff, 0xffff, 0xffff, 0xffff, 0xffff, 0xffff, 0xffff, 0xe71c, 0x73cf, 0x18c3, 0x0841,
    0x0020, 0x0000, 0x0000, 0x0000, 0x0000, 0x0000, 0x0000, 0x0841, 0x39e7, 0x0020, 0x0000, 0x0000,
    0x0000, 0x0000, 0x0000, 0x0000, 0x0000, 0x0000, 0x0000, 0x0000, 0x0000, 0x0000, 0x0000, 0x0000,
    0x0000, 0x0000, 0x0000, 0x0000, 0x0841, 0x0000, 0x7bcf, 0x632c, 0xef5d, 0xffff, 0xbdf7, 0x0020,
    0x0841, 0x0020, 0x0000, 0x0000, 0x0020, 0x0000, 0xad75, 0xffff, 0xf7be, 0xffff, 0xffff, 0xffff,
    0xffdf, 0xf7be, 0xffff, 0xbe17, 0x5aeb, 0xffff, 0xffdf, 0xffff, 0xffff, 0xffff, 0xffff, 0xffff,
    0xffff, 0xffff, 0xffff, 0xffff, 0xffff, 0xffff, 0xffff, 0xffff, 0xffff, 0xffff, 0xffff, 0xffff,
    0xffdf, 0xffdf, 0xf79e, 0x3186, 0x0000, 0xbdd7, 0xffff, 0xffff, 0x6b6d, 0x0000, 0x0841, 0x0820,
    0x0000, 0x18c3, 0x8c51, 0x0020, 0x0000, 0x0000, 0x0000, 0x0000, 0x0000, 0x0000, 0x0000, 0x0020,
    0x0000, 0x0861, 0xce59, 0xffff, 0xf7be, 0xffff, 0xffff, 0xffff, 0xffff, 0xffff, 0xffff, 0xffff,
    0xffff, 0xffff, 0xffff, 0xffff, 0xffff, 0xffff, 0xffff, 0xffff, 0xffff, 0xffff, 0xffff, 0xffff,
    0xffff, 0xffff, 0xffff, 0xd69a, 0x840f, 0x8430, 0xd6ba, 0x738e, 0x0000, 0x0000, 0x0000, 0x0000,
    0x0000, 0x0020, 0x0000, 0x4a49, 0x39e7, 0x0000, 0x0020, 0x0000, 0x0000, 0x0000, 0x0000, 0x0000,
    0x0000, 0x0000, 0x0000, 0x0000, 0x0000, 0x0000, 0x0000, 0x0000, 0x0000, 0x0000, 0x0000, 0x0000,
    0x0841, 0x0000, 0x73ae, 0x6b6d, 0xdefb, 0xf79e, 0xffff, 0x634d, 0x0000, 0x0840, 0x0020, 0x0020,
    0x0841, 0x0000, 0x2966, 0xf7be, 0xf7be, 0xffff, 0xffff, 0xffff, 0xffdf, 0xf7be, 0xffff, 0xc617,
    0x5aeb, 0xffff, 0xffdf, 0xffff, 0xffff, 0xffff, 0xffff, 0xffff, 0xffff, 0xffff, 0xffff, 0xffff,
    0xffff, 0xffff, 0xffff, 0xffff, 0xffff, 0xffff, 0xffff, 0xffdf, 0xf7be, 0xffff, 0x6b6d, 0x0000,
    0x9cd3, 0xffff, 0xef7d, 0xf79e, 0x2965, 0x0000, 0x0841, 0x0020, 0x0841, 0x0000, 0x7bef, 0x31a7,
    0x0000, 0x0020, 0x0000, 0x0000, 0x0000, 0x0000, 0x0000, 0x0000, 0x0020, 0x0000, 0x18e3, 0xdedb,
    0xffdf, 0xffdf, 0xffff, 0xffff, 0xffff, 0xffff, 0xffff, 0xffff, 0xffff, 0xffff, 0xffff, 0xffff,
    0xffdf, 0xffdf, 0xffdf, 0xffdf, 0xffff, 0xffff, 0xffff, 0xffff, 0xffff, 0xffff, 0xffff, 0xf79e,
    0xffff, 0xffff, 0xffff, 0x6b4d, 0x0000, 0x0020, 0x0000, 0x0000, 0x0020, 0x0020, 0x1082, 0x7c10,
    0x0841, 0x0000, 0x0000, 0x0000, 0x0000, 0x0000, 0x0000, 0x0000, 0x0000, 0x0000, 0x0000, 0x0000,
    0x0000, 0x0000, 0x0000, 0x0000, 0x0000, 0x0000, 0x0000, 0x0000, 0x0841, 0x0000, 0x632c, 0x7bef,
    0xd6ba, 0xffff, 0xffff, 0xdefb, 0x1082, 0x0020, 0x0020, 0x0000, 0x0000, 0x0861, 0x0861, 0x9cd3,
    0xffff, 0xffdf, 0xffdf, 0xffdf, 0xffdf, 0xffbe, 0xffff, 0xc618, 0x630b, 0xffff, 0xffdf, 0xffff,
    0xffff, 0xffff, 0xffff, 0xffff, 0xffff, 0xffff, 0xffff, 0xffff, 0xffff, 0xffff, 0xffff, 0xffff,
    0xffff, 0xffff, 0xffff, 0xffdf, 0xffff, 0xad75, 0x0000, 0x7bcf, 0xffff, 0xf79e, 0xffff, 0xc618,
    0x0020, 0x0020, 0x0020, 0x0000, 0x0020, 0x0000, 0x31a6, 0x7bef, 0x0000, 0x0020, 0x0000, 0x0000,
    0x0000, 0x0000, 0x0000, 0x0000, 0x0000, 0x0020, 0x0000, 0x3186, 0xf79e, 0xffdf, 0xf7be, 0xffff,
    0xffff, 0xffff, 0xffff, 0xffdf, 0xffdf, 0xffdf, 0xffdf, 0xffff, 0xffff, 0xffff, 0xffff, 0xffff,
    0xdefb, 0xe73c, 0xffdf, 0xffdf, 0xffdf, 0xffdf, 0xffff, 0xffff, 0xffdf, 0xf79e, 0xffff, 0x632c,
    0x0000, 0x0841, 0x0020, 0x0000, 0x0020, 0x0000, 0x6b6d, 0x4a69, 0x0000, 0x0000, 0x0000, 0x0000,
    0x0000, 0x0000, 0x0000, 0x0000, 0x0000, 0x0000, 0x0000, 0x0000, 0x0000, 0x0000, 0x0000, 0x0000,
    0x0000, 0x0000, 0x0000, 0x0000, 0x0020, 0x0000, 0x4229, 0x9492, 0xc638, 0xffff, 0xf7be, 0xffff,
    0x52aa, 0x0000, 0x0841, 0x0000, 0x0000, 0x0841, 0x738e, 0x3186, 0xef7d, 0xffdf, 0xf7be, 0xffdf,
    0xffdf, 0xffdf, 0xffff, 0xc638, 0x630c, 0xffff, 0xffff, 0xffff, 0xffff, 0xffff, 0xffff, 0xffff,
    0xffff, 0xffff, 0xffff, 0xffff, 0xffff, 0xffff, 0xffff, 0xffff, 0xffff, 0xffff, 0xf7be, 0xffff,
    0xdefb, 0x0841, 0x5aab, 0xffff, 0xffdf, 0xf7be, 0xffff, 0x8430, 0x0000, 0x0820, 0x0000, 0x0000,
    0x0000, 0x0000, 0x0000, 0x7bef, 0x2145, 0x0000, 0x0000, 0x0000, 0x0000, 0x0000, 0x0000, 0x0020,
    0x0020, 0x0020, 0x0861, 0x0000, 0x5acb, 0xffff, 0xffff, 0xffff, 0xffff, 0xffff, 0xffff, 0xffff,
    0xffff, 0xffff, 0xffff, 0xef5d, 0xce79, 0xad55, 0x73ae, 0x4a49, 0x83f0, 0xe73c, 0xffdf, 0xffdf,
    0xffdf, 0xffdf, 0xffff, 0xffff, 0xffdf, 0xf7be, 0xffff, 0x6b4d, 0x0000, 0x0841, 0x0020, 0x0020,
    0x0000, 0x2104, 0x9d14, 0x0020, 0x0020, 0x0000, 0x0000, 0x0000, 0x0000, 0x0000, 0x0000, 0x0000,
    0x0000, 0x0000, 0x0000, 0x0000, 0x0000, 0x0000, 0x0000, 0x0000, 0x0000, 0x0000, 0x0000, 0x0000,
    0x0020, 0x0000, 0x2986, 0xad55, 0xbdd7, 0xffff, 0xf79e, 0xffff, 0x7bcf, 0x0000, 0x0841, 0x0000,
    0x0000, 0x0000, 0x94b3, 0x4229, 0x8c71, 0xffff, 0xf7be, 0xffdf, 0xffff, 0xffff, 0xffff, 0xc618,
    0x630c, 0xffff, 0xffff, 0xffff, 0xffff, 0xffff, 0xffff, 0xffff, 0xffff, 0xffff, 0xffff, 0xffff,
    0xffff, 0xffff, 0xffff, 0xffff, 0xffff, 0xffff, 0xf7be, 0xffdf, 0x3186, 0x2945, 0xf7be, 0xffbe,
    0xf7be, 0xffdf, 0xffff, 0x39e7, 0x0000, 0x0020, 0x0000, 0x0000, 0x0000, 0x0000, 0x0000, 0x2945,
    0x7bef, 0x0000, 0x0000, 0x0000, 0x0000, 0x0000, 0x0000, 0x0000, 0x0020, 0x0020, 0x0000, 0x0000,
    0x0000, 0x52aa, 0xad75, 0xbdf7, 0xbdd7, 0xb596, 0xa514, 0x8c71, 0x7bcf, 0x5aeb, 0x39c7, 0x2104,
    0x0841, 0x0000, 0x18c3, 0xa534, 0xffff, 0xffff, 0xffff, 0xffff, 0xffff, 0xffff, 0xffdf, 0xffdf,
    0xffdf, 0xf7be, 0xffff, 0x632c, 0x0000, 0x0020, 0x0000, 0x0841, 0x0000, 0x94b3, 0x4a49, 0x0000,
    0x0020, 0x0000, 0x0000, 0x0000, 0x0000, 0x0000, 0x0000, 0x0000, 0x0000, 0x0000, 0x0000, 0x0000,
    0x0000, 0x0000, 0x0000, 0x0000, 0x0000, 0x0000, 0x0000, 0x0000, 0x0000, 0x0000, 0x0861, 0xb596,
    0xd67a, 0xffff, 0xf79e, 0xffff, 0x6b6d, 0x0000, 0x0841, 0x0000, 0x0020, 0x0000, 0x8c51, 0xb596,
    0x31a6, 0xffff, 0xffdf, 0xffff, 0xffff, 0xffff, 0xffff, 0xc638, 0x630c, 0xffff, 0xffff, 0xffff,
    0xffff, 0xffff, 0xffff, 0xffff, 0xffff, 0xffff, 0xffff, 0xffff, 0xffff, 0xffff, 0xffff, 0xffff,
    0xffdf, 0xffdf, 0xffff, 0x738e, 0x0841, 0xdefc, 0xffff, 0xf7be, 0xf7be, 0xffff, 0xd69a, 0x0841,
    0x0020, 0x0000, 0x0000, 0x0000, 0x0000, 0x0000, 0x0020, 0x0000, 0x6b6d, 0x5aeb, 0x0000, 0x0841,
    0x0000, 0x0000, 0x0000, 0x0000, 0x0000, 0x0000, 0x0000, 0x0000, 0x0000, 0x0000, 0x0000, 0x0000,
    0x0000, 0x0000, 0x0000, 0x0000, 0x0000, 0x0000, 0x0000, 0x0000, 0x0000, 0x6b6d, 0xef9e, 0xffff,
    0xffdf, 0xffdf, 0xffff, 0xffff, 0xffff, 0xffdf, 0xffdf, 0xffdf, 0xf7be, 0xf7be, 0xffdf, 0x39e7,
    0x0000, 0x0020, 0x0000, 0x0000, 0x4a29, 0xa534, 0x0000, 0x0020, 0x0000, 0x0000, 0x0000, 0x0000,
    0x0000, 0x0000, 0x0000, 0x0000, 0x0000, 0x0000, 0x0000, 0x0000, 0x0000, 0x0000, 0x0000, 0x0000,
    0x0000, 0x0000, 0x0000, 0x0000, 0x0000, 0x0000, 0x0000, 0xad55, 0xf7be, 0xf7be, 0xf7be, 0xffff,
    0x4a69, 0x0000, 0x0841, 0x0000, 0x0820, 0x0000, 0x8410, 0xffff, 0x3186, 0xdedb, 0xffff, 0xffdf,
    0xffff, 0xffdf, 0xffff, 0xc638, 0x630c, 0xffff, 0xffdf, 0xffff, 0xffff, 0xffff, 0xffff, 0xffff,
    0xffff, 0xffff, 0xffff, 0xffff, 0xffff, 0xffff, 0xffff, 0xffff, 0xf7be, 0xffff, 0xb5b6, 0x0000,
    0xbdd7, 0xffff, 0xf7be, 0xffdf, 0xf79e, 0xffff, 0x8c71, 0x0000, 0x0861, 0x0000, 0x0000, 0x0000,
    0x0000, 0x0020, 0x0000, 0x0841, 0x0020, 0x8c92, 0x31a6, 0x0000, 0x0020, 0x0000, 0x0000, 0x0000,
    0x0000, 0x0000, 0x0000, 0x0000, 0x0000, 0x0020, 0x0000, 0x0000, 0x0000, 0x0000, 0x0000, 0x0000,
    0x0000, 0x0840, 0x0000, 0x18e3, 0xb596, 0xffff, 0xffff, 0xffdf, 0xffff, 0xffff, 0xffff, 0xffff,
    0xffff, 0xffff, 0xffff, 0xffdf, 0xf79e, 0xf7be, 0xef9d, 0x18e3, 0x0000, 0x0841, 0x0000, 0x0020,
    0xb5b7, 0x3186, 0x0000, 0x0020, 0x0000, 0x0000, 0x0000, 0x0000, 0x0000, 0x0000, 0x0000, 0x0000,
    0x0000, 0x0000, 0x0000, 0x0000, 0x0000, 0x0000, 0x0000, 0x0000, 0x0000, 0x0000, 0x0000, 0x0000,
    0x0000, 0x0020, 0x0000, 0x8410, 0xffff, 0xf79e, 0xffdf, 0xef7d, 0x18e3, 0x0000, 0x0040, 0x0000,
    0x0020, 0x0000, 0x8c51, 0xffff, 0x62eb, 0xa534, 0xffff, 0xf7be, 0xffdf, 0xffdf, 0xffff, 0xc618,
    0x630c, 0xffff, 0xffdf, 0xffff, 0xffff, 0xffff, 0xffff, 0xffff, 0xffff, 0xffff, 0xffff, 0xffff,
    0xffff, 0xffff, 0xffff, 0xffdf, 0xffff, 0xef5d, 0x0882, 0x7bef, 0xffff, 0xf7be, 0xffdf, 0xffff,
    0xffdf, 0xffff, 0x4a49, 0x0000, 0x0841, 0x0000, 0x0000, 0x0000, 0x0000, 0x0000, 0x0020, 0x2104,
    0x0000, 0x1082, 0x9492, 0x31a6, 0x0000, 0x0000, 0x0000, 0x0000, 0x0000, 0x0000, 0x0000, 0x0000,
    0x0000, 0x0000, 0x0000, 0x0000, 0x0000, 0x0000, 0x0000, 0x0000, 0x0020, 0x0000, 0x52aa, 0xe73c,
    0xffff, 0xf7be, 0xffff, 0xffff, 0xffff, 0xffff, 0xffff, 0xffff, 0xffff, 0xffff, 0xffff, 0xffff,
    0xffff, 0xffdf, 0xc618, 0x0861, 0x0020, 0x0861, 0x0000, 0x7bcf, 0xa534, 0x0000, 0x0020, 0x0000,
    0x0000, 0x0000, 0x0000, 0x0000, 0x0000, 0x0000, 0x0000, 0x0000, 0x0000, 0x0000, 0x0000, 0x0000,
    0x0000, 0x0000, 0x0000, 0x0000, 0x0000, 0x0000, 0x0000, 0x0000, 0x0000, 0x0841, 0x0000, 0x630c,
    0xffff, 0xef7d, 0xffff, 0xbdd7, 0x0000, 0x0000, 0x0000, 0x0000, 0x0000, 0x0000, 0xad55, 0xffff,
    0x9492, 0x73ae, 0xffff, 0xf7be, 0xffdf, 0xffff, 0xffff, 0xc617, 0x5aeb, 0xffff, 0xffdf, 0xffff,
    0xffff, 0xffff, 0xffff, 0xffff, 0xffff, 0xffff, 0xffff, 0xffff, 0xffff, 0xffff, 0xffdf, 0xf7be,
    0xffff, 0x4a89, 0x2945, 0xffff, 0xf7be, 0xffdf, 0xffff, 0xffdf, 0xffff, 0xdedb, 0x0861, 0x0000,
    0x0020, 0x0000, 0x0000, 0x0000, 0x0020, 0x0000, 0x2104, 0x2945, 0x0000, 0x0000, 0x1082, 0x7bcf,
    0x4a69, 0x0861, 0x0000, 0x0000, 0x0000, 0x0000, 0x0000, 0x0000, 0x0000, 0x0000, 0x0000, 0x0000,
    0x0000, 0x0020, 0x0020, 0x0020, 0x0020, 0x0000, 0xa534, 0xffff, 0xf7be, 0xffff, 0xffff, 0xffff,
    0xffff, 0xffff, 0xffdf, 0xffff, 0xffff, 0xffff, 0xf7be, 0xbe18, 0x7bef, 0x39c7, 0x0861, 0x0000,
    0x0020, 0x0000, 0x18e3, 0xffdf, 0x6b6d, 0x0000, 0x0020, 0x0000, 0x0000, 0x0000, 0x0000, 0x0000,
    0x0000, 0x0000, 0x0000, 0x0000, 0x0000, 0x0000, 0x0000, 0x0000, 0x0000, 0x0000, 0x0000, 0x0000,
    0x0000, 0x0000, 0x0000, 0x0000, 0x0000, 0x0841, 0x0000, 0x4a49, 0xffdf, 0xef5d, 0xffff, 0x630c,
    0x0000, 0x0840, 0x0020, 0x0020, 0x0000, 0x0861, 0xdedb, 0xffff, 0xbdf7, 0x5aeb, 0xffff, 0xf7be,
    0xffdf, 0xffff, 0xffff, 0xbdf7, 0x5aeb, 0xffff, 0xffdf, 0xffff, 0xffff, 0xffff, 0xffff, 0xffff,
    0xffff, 0xffff, 0xffff, 0xffff, 0xffff, 0xffff, 0xffdf, 0xffff, 0xb596, 0x0000, 0xd67a, 0xffff,
    0xf7be, 0xffff, 0xffdf, 0xf7be, 0xffff, 0x94b2, 0x0000, 0x0020, 0x0000, 0x0000, 0x0000, 0x0000,
    0x0000, 0x0000, 0x4a69, 0x18c3, 0x0000, 0x0000, 0x0000, 0x0000, 0x2945, 0x10a2, 0x0000, 0x0000,
    0x0000, 0x0000, 0x0000, 0x0000, 0x0000, 0x0000, 0x0000, 0x0000, 0x0000, 0x0000, 0x0000, 0x0000,
    0x18e3, 0x0020, 0x6b6d, 0xffff, 0xffdf, 0xffdf, 0xffdf, 0xffdf, 0xffdf, 0xffff, 0xffff, 0xffff,
    0xce79, 0x7bcf, 0x2965, 0x0000, 0x0000, 0x0000, 0x0000, 0x0000, 0x0841, 0x0000, 0x8c72, 0xbdf7,
    0x4208, 0x0000, 0x0000, 0x0000, 0x0000, 0x0000, 0x0000, 0x0000, 0x0000, 0x0000, 0x0000, 0x0000,
    0x0000, 0x0000, 0x0000, 0x0000, 0x0000, 0x0000, 0x0000, 0x0000, 0x0000, 0x0000, 0x0000, 0x0000,
    0x0000, 0x0841, 0x0000, 0x39e7, 0xf7be, 0xf7be, 0xc659, 0x0861, 0x0021, 0x0820, 0x0020, 0x0841,
    0x0000, 0x4a49, 0xffff, 0xffff, 0xd69a, 0x528a, 0xffff, 0xf7be, 0xffdf, 0xffdf, 0xffff, 0xbdf7,
    0x5aeb, 0xffff, 0xffdf, 0xffff, 0xffff, 0xffff, 0xffff, 0xffff, 0xffff, 0xffff, 0xffff, 0xffff,
    0xffff, 0xffdf, 0xffdf, 0xf7be, 0x18e3, 0x738e, 0xffff, 0xffdf, 0xffff, 0xffff, 0xffdf, 0xf7be,
    0xffff, 0x4228, 0x0000, 0x0020, 0x0000, 0x0000, 0x0000, 0x0000, 0x0000, 0x1082, 0x6b4d, 0x0000,
    0x0000, 0x0000, 0x0000, 0x0000, 0x0000, 0x0000, 0x0000, 0x0000, 0x0000, 0x0000, 0x0000, 0x0000,
    0x0000, 0x0000, 0x0000, 0x0000, 0x0000, 0x0000, 0x0000, 0x3a08, 0x31a6, 0x0000, 0x4a69, 0xffff,
    0xf7be, 0xffdf, 0xf7bf, 0xffdf, 0xffff, 0xf79e, 0xa534, 0x4228, 0x0841, 0x0000, 0x0000, 0x0020,
    0x0820, 0x0020, 0x0000, 0x0020, 0x0000, 0x4a6a, 0x9492, 0x738e, 0x4228, 0x0000, 0x0000, 0x0000,
    0x0000, 0x0000, 0x0000, 0x0000, 0x0000, 0x0000, 0x0000, 0x0000, 0x0000, 0x0000, 0x0000, 0x0000,
    0x0000, 0x0000, 0x0000, 0x0000, 0x0000, 0x0000, 0x0000, 0x0000, 0x0000, 0x0841, 0x0000, 0x4249,
    0xffff, 0xffdf, 0x39c7, 0x0000, 0x0020, 0x0000, 0x0000, 0x0841, 0x0000, 0xb576, 0xffdf, 0xffff,
    0xd69a, 0x528a, 0xffff, 0xf7be, 0xffdf, 0xffdf, 0xffff, 0xbdf7, 0x5aeb, 0xffff, 0xffdf, 0xffff,
    0xffff, 0xffff, 0xffff, 0xffff, 0xffff, 0xffff, 0xffff, 0xffff, 0xffff, 0xf7be, 0xffff, 0x8451,
    0x1082, 0xf79e, 0xffdf, 0xffbf, 0xffff, 0xffff, 0xf7de, 0xffdf, 0xdedb, 0x0881, 0x0020, 0x0020,
    0x0000, 0x0000, 0x0000, 0x0020, 0x0000, 0x4a49, 0x5aeb, 0x0000, 0x0020, 0x0000, 0x0000, 0x0000,
    0x0000, 0x0000, 0x0000, 0x0000, 0x0000, 0x0000, 0x0000, 0x0000, 0x0000, 0x0000, 0x0000, 0x0000,
    0x0000, 0x0020, 0x0000, 0x738e, 0x2945, 0x0000, 0x39e7, 0xffff, 0xffdf, 0xf7be, 0xffff, 0xf7be,
    0x8c51, 0x2945, 0x0000, 0x0000, 0x0000, 0x0020, 0x0020, 0x0020, 0x0020, 0x0020, 0x0020, 0x0000,
    0x10a2, 0xbdf8, 0x1082, 0x7bcf, 0x4a49, 0x0000, 0x0000, 0x0000, 0x0000, 0x0000, 0x0000, 0x0000,
    0x0000, 0x0000, 0x0000, 0x0000, 0x0000, 0x0000, 0x0000, 0x0000, 0x0000, 0x0000, 0x0000, 0x0000,
    0x0000, 0x0000, 0x0000, 0x0000, 0x0000, 0x0841, 0x0000, 0x6b4d, 0xffff, 0x630c, 0x0000, 0x0841,
    0x0020, 0x0000, 0x0020, 0x0000, 0x4a69, 0xffff, 0xef7e, 0xffff, 0xc638, 0x5aeb, 0xffff, 0xf7be,
    0xffdf, 0xffff, 0xffff, 0xc618, 0x630b, 0xffff, 0xffdf, 0xffff, 0xffff, 0xffff, 0xffff, 0xffff,
    0xffff, 0xffff, 0xffff, 0xffff, 0xffdf, 0xffff, 0xef7d, 0x0861, 0x8c71, 0xffff, 0xf7df, 0xffff,
    0xffff, 0xffff, 0xffdf, 0xffff, 0x9cd3, 0x0000, 0x0841, 0x0020, 0x0000, 0x0000, 0x0000, 0x0020,
    0x0000, 0x8430, 0x2965, 0x0000, 0x0020, 0x0000, 0x0000, 0x0000, 0x0000, 0x0000, 0x0000, 0x0000,
    0x0000, 0x0000, 0x0000, 0x0000, 0x0000, 0x0000, 0x0000, 0x0000, 0x0000, 0x0000, 0x0000, 0x3186,
    0x8c92, 0x0000, 0x3186, 0xffdf, 0xf7be, 0xffff, 0xdedb, 0x31c6, 0x0000, 0x0000, 0x0020, 0x0000,
    0x0000, 0x0000, 0x0000, 0x0000, 0x0000, 0x0000, 0x0861, 0x0020, 0x9492, 0x5acb, 0x0000, 0x73ae,
    0x5acb, 0x0000, 0x0020, 0x0000, 0x0000, 0x0000, 0x0000, 0x0000, 0x0000, 0x0000, 0x0000, 0x0000,
    0x0000, 0x0000, 0x0000, 0x0000, 0x0000, 0x0000, 0x0000, 0x0000, 0x0000, 0x0000, 0x0000, 0x0000,
    0x0000, 0x0020, 0x0000, 0xad55, 0x8430, 0x0000, 0x0020, 0x0000, 0x0020, 0x0841, 0x0000, 0x10a2,
    0xdedb, 0xffdf, 0xf79e, 0xffff, 0xa534, 0x8410, 0xffff, 0xf7be, 0xffdf, 0xffff, 0xffff, 0xc618,
    0x630c, 0xffff, 0xffdf, 0xffff, 0xffff, 0xffff, 0xffff, 0xffff, 0xffff, 0xffff, 0xffff, 0xffff,
    0xf7be, 0xffff, 0x8c51, 0x1082, 0xf79e, 0xffdf, 0xffff, 0xffff, 0xffff, 0xffff, 0xffff, 0xffff,
    0x4a69, 0x0000, 0x0020, 0x0000, 0x0000, 0x0000, 0x0020, 0x0000, 0x18c3, 0x9cd3, 0x0020, 0x0000,
    0x0020, 0x0000, 0x0000, 0x0000, 0x0000, 0x0000, 0x0000, 0x0000, 0x0000, 0x0000, 0x0000, 0x0000,
    0x0000, 0x0000, 0x0000, 0x0000, 0x0000, 0x0000, 0x0021, 0x0000, 0x9492, 0x39c7, 0x10a2, 0xf79e,
    0xffdf, 0xe71c, 0x2104, 0x0000, 0x0841, 0x0020, 0x0000, 0x0000, 0x0000, 0x0000, 0x0000, 0x0000,
    0x0000, 0x0000, 0x39e7, 0x8c71, 0x738e, 0x0000, 0x0000, 0x528a, 0x7bef, 0x0000, 0x0841, 0x0000,
    0x0000, 0x0000, 0x0000, 0x0000, 0x0000, 0x0000, 0x0000, 0x0000, 0x0000, 0x0000, 0x0000, 0x0000,
    0x0000, 0x0000, 0x0000, 0x0000, 0x0000, 0x0000, 0x0000, 0x0000, 0x0000, 0x0000, 0x0841, 0x52ab,
    0x0000, 0x0000, 0x0000, 0x0000, 0x0000, 0x0020, 0x0000, 0xb596, 0xffff, 0xf7be, 0xf7be, 0xffff,
    0x7bef, 0xbdd7, 0xffff, 0xffdf, 0xffff, 0xffdf, 0xffff, 0xc618, 0x630c, 0xffff, 0xffdf, 0xffff,
    0xffff, 0xffff, 0xffff, 0xffff, 0xffff, 0xffff, 0xffff, 0xffdf, 0xf7be, 0xffdf, 0x18e3, 0x6b6d,
    0xffff, 0xf79e, 0xffff, 0xffff, 0xffff, 0xf7be, 0xffff, 0xdefb, 0x1082, 0x0000, 0x0000, 0x0000,
    0x0000, 0x0000, 0x0020, 0x0000, 0x5aeb, 0x8430, 0x0000, 0x0020, 0x0000, 0x0000, 0x0000, 0x0000,
    0x0000, 0x0000, 0x0000, 0x0000, 0x0000, 0x0000, 0x0000, 0x0000, 0x0000, 0x0000, 0x0000, 0x0000,
    0x0000, 0x0000, 0x0020, 0x0000, 0x31a6, 0x8c72, 0x10a2, 0xef7d, 0xffff, 0x528a, 0x0000, 0x0841,
    0x0000, 0x0000, 0x0000, 0x0000, 0x0000, 0x0000, 0x0000, 0x0020, 0x0000, 0x0020, 0xce79, 0x8430,
    0x0000, 0x0841, 0x0000, 0x2945, 0x94b2, 0x0000, 0x0841, 0x0020, 0x0000, 0x0000, 0x0000, 0x0000,
    0x0000, 0x0000, 0x0000, 0x0000, 0x0000, 0x0000, 0x0000, 0x0000, 0x0000, 0x0000, 0x0000, 0x0000,
    0x0000, 0x0000, 0x0000, 0x0000, 0x0000, 0x0000, 0x0000, 0x0000, 0x0000, 0x0020, 0x0000, 0x0000,
    0x0020, 0x0000, 0x8c72, 0xffff, 0xf7be, 0xffdf, 0xffff, 0xef7d, 0x632c, 0xf79e, 0xffff, 0xffff,
    0xffff, 0xffdf, 0xffff, 0xc618, 0x630c, 0xffff, 0xffdf, 0xffff, 0xffff, 0xffff, 0xffff, 0xffff,
    0xffff, 0xffff, 0xffff, 0xffdf, 0xffff, 0xc618, 0x0000, 0xc638, 0xffff, 0xf7be, 0xffff, 0xffff,
    0xffdf, 0xf79e, 0xffff, 0x9cf3, 0x0000, 0x0841, 0x0000, 0x0000, 0x0000, 0x0000, 0x0020, 0x0000,
    0xad55, 0x528a, 0x0000, 0x0020, 0x0000, 0x0000, 0x0000, 0x0000, 0x0000, 0x0000, 0x0000, 0x0000,
    0x0000, 0x0000, 0x0000, 0x0000, 0x0000, 0x0000, 0x0000, 0x0000, 0x0000, 0x0000, 0x0000, 0x0000,
    0x0000, 0x9cd3, 0x4228, 0xffbf, 0xbe17, 0x0000, 0x0841, 0x0020, 0x0000, 0x0000, 0x0000, 0x0000,
    0x0020, 0x0020, 0x0020, 0x0000, 0x10a2, 0x9cf3, 0x7bef, 0x0000, 0x0020, 0x0020, 0x0020, 0x0000,
    0x8410, 0x4228, 0x0000, 0x0020, 0x0000, 0x0000, 0x0000, 0x0000, 0x0000, 0x0000, 0x0000, 0x0000,
    0x0000, 0x0000, 0x0000, 0x0000, 0x0000, 0x0000, 0x0000, 0x0000, 0x0000, 0x0000, 0x0000, 0x0000,
    0x0000, 0x0000, 0x0000, 0x0020, 0x0840, 0x0000, 0x0000, 0x2965, 0x0841, 0x7bef, 0xffff, 0xf7be,
    0xffdf, 0xffdf, 0xffff, 0x9cf3, 0xa534, 0xffff, 0xffdf, 0xffff, 0xffff, 0xffdf, 0xffff, 0xc618,
    0x630c, 0xffff, 0xffdf, 0xffff, 0xffff, 0xffff, 0xffff, 0xffff, 0xffff, 0xffff, 0xffff, 0xffdf,
    0xffff, 0x738e, 0x1082, 0xf7be, 0xffff, 0xffdf, 0xffff, 0xffff, 0xffdf, 0xf79e, 0xffff, 0x5aeb,
    0x0000, 0x0861, 0x0020, 0x0020, 0x0020, 0x0020, 0x0000, 0x18e3, 0xd69a, 0x2104, 0x0000, 0x0020,
    0x0000, 0x0000, 0x0000, 0x0000, 0x0000, 0x0000, 0x0000, 0x0000, 0x0000, 0x0000, 0x0000, 0x0000,
    0x0000, 0x0000, 0x0000, 0x0000, 0x0000, 0x0020, 0x0020, 0x0820, 0x0000, 0x7bef, 0x7bcf, 0xffdf,
    0x630c, 0x0000, 0x0841, 0x0000, 0x0000, 0x0000, 0x0000, 0x0020, 0x0020, 0x0020, 0x0020, 0x3186,
    0x7bcf, 0x4208, 0x0000, 0x0020, 0x0000, 0x0000, 0x0000, 0x0020, 0x0861, 0x7bef, 0x4208, 0x0020,
    0x0020, 0x0020, 0x0000, 0x0000, 0x0000, 0x0000, 0x0000, 0x0000, 0x0000, 0x0000, 0x0000, 0x0000,
    0x0000, 0x0000, 0x0000, 0x0000, 0x0000, 0x0000, 0x0000, 0x0000, 0x0000, 0x0000, 0x0000, 0x0000,
    0x0000, 0x2124, 0x6b4d, 0x39e7, 0x0000, 0xd69a, 0xffff, 0xffdf, 0xffdf, 0xffff, 0xd6ba, 0x9492,
    0xffff, 0xffff, 0xffdf, 0xffff, 0xffff, 0xffdf, 0xffff, 0xc618, 0x630c, 0xffff, 0xffdf, 0xffff,
    0xffff, 0xffff, 0xffff, 0xffff, 0xffff, 0xffff, 0xffdf, 0xffdf, 0xffff, 0x3186, 0x39c7, 0xffff,
    0xffff, 0xffff, 0xffff, 0xffff, 0xffdf, 0xffff, 0xe6fb, 0x18c3, 0x0000, 0x0020, 0x0000, 0x0000,
    0x0000, 0x0841, 0x0000, 0x52aa, 0xce59, 0x18c3, 0x0000, 0x0000, 0x0000, 0x0000, 0x0000, 0x0000,
    0x0000, 0x0000, 0x0000, 0x0000, 0x0000, 0x0000, 0x0000, 0x0000, 0x0000, 0x0000, 0x0000, 0x0000,
    0x0020, 0x0000, 0x0000, 0x0841, 0x0000, 0x5aeb, 0xad55, 0xdedb, 0x2104, 0x0000, 0x0000, 0x0000,
    0x0000, 0x0000, 0x0000, 0x0000, 0x0000, 0x0000, 0x0000, 0x18e3, 0x0020, 0x0000, 0x0000, 0x0000,
    0x0000, 0x0000, 0x0000, 0x0000, 0x0000, 0x0020, 0x4228, 0x1082, 0x0000, 0x0820, 0x0020, 0x0000,
    0x0000, 0x0000, 0x0000, 0x0000, 0x0000, 0x0000, 0x0000, 0x0000, 0x0000, 0x0000, 0x0000, 0x0000,
    0x0000, 0x0000, 0x0020, 0x0020, 0x0000, 0x0000, 0x0000, 0x2945, 0x7bef, 0x8c51, 0x2965, 0x0000,
    0x10a2, 0x9492, 0xffff, 0xf7be, 0xffff, 0xef5d, 0xad75, 0xf79e, 0xffff, 0xffdf, 0xffdf, 0xffdf,
    0xffff, 0xffdf, 0xffff, 0xc618, 0x630c, 0xffff, 0xffdf, 0xffff, 0xffff, 0xffff, 0xffff, 0xffff,
    0xffff, 0xffff, 0xffdf, 0xffff, 0xf79e, 0x1082, 0x52aa, 0xffff, 0xffdf, 0xffff, 0xffff, 0xffdf,
    0xf7be, 0xffff, 0x52aa, 0x0000, 0x0020, 0x0000, 0x0000, 0x0000, 0x0000, 0x0841, 0x0000, 0x94b2,
    0xc618, 0x31a6, 0x0000, 0x0000, 0x0000, 0x0000, 0x0000, 0x0000, 0x0000, 0x0000, 0x0000, 0x0000,
    0x0000, 0x0000, 0x0000, 0x0000, 0x0000, 0x0000, 0x0020, 0x0000, 0x0000, 0x39c7, 0x2124, 0x0020,
    0x0000, 0x39e7, 0xce59, 0xa534, 0x0000, 0x0000, 0x0000, 0x0000, 0x0000, 0x0000, 0x0000, 0x0000,
    0x0000, 0x0000, 0x0000, 0x0000, 0x0000, 0x0000, 0x0000, 0x0000, 0x0000, 0x0000, 0x0020, 0x0020,
    0x0000, 0x0000, 0x4208, 0x6b6d, 0x10a2, 0x0000, 0x0000, 0x0000, 0x0000, 0x0000, 0x0000, 0x0000,
    0x0000, 0x0000, 0x0000, 0x0000, 0x0000, 0x0000, 0x0020, 0x0020, 0x0020, 0x0020, 0x0000, 0x0000,
    0x0000, 0x4a49, 0xad55, 0xbdf7, 0x5aeb, 0x0000, 0x0000, 0x18e4, 0x4208, 0x7bcf, 0xffff, 0xf7be,
    0xffdf, 0xe73c, 0xf7be, 0xffff, 0xffdf, 0xffdf, 0xffdf, 0xffdf, 0xffff, 0xffdf, 0xffff, 0xc618,
    0x630c, 0xffff, 0xffdf, 0xffff, 0xffff, 0xffff, 0xffff, 0xffff, 0xffff, 0xffff, 0xf7be, 0xffff,
    0xe71c, 0x0000, 0x5acb, 0xffff, 0xffdf, 0xffff, 0xffff, 0xf7be, 0xffff, 0xa534, 0x0000, 0x0841,
    0x0020, 0x0000, 0x0000, 0x0000, 0x0000, 0x0020, 0x1082, 0xc638, 0xbdf7, 0x4a49, 0x0000, 0x0020,
    0x0000, 0x0000, 0x0000, 0x0000, 0x0000, 0x0000, 0x0000, 0x0000, 0x0020, 0x0000, 0x0020, 0x0000,
    0x0000, 0x0000, 0x0000, 0x0041, 0x4208, 0x52cb, 0x0841, 0x0841, 0x0000, 0x18e3, 0xe73c, 0x630c,
    0x0000, 0x0841, 0x0000, 0x0000, 0x0000, 0x0000, 0x0000, 0x0000, 0x0000, 0x0000, 0x0000, 0x0000,
    0x0000, 0x0000, 0x0020, 0x0020, 0x0020, 0x0841, 0x0000, 0x0000, 0x4a69, 0xc618, 0xffff, 0xffff,
    0xe71c, 0xa514, 0x630c, 0x39e7, 0x2945, 0x2104, 0x18e3, 0x18c3, 0x1082, 0x0020, 0x0000, 0x0000,
    0x0000, 0x0840, 0x0840, 0x0020, 0x0020, 0x0020, 0x2124, 0x738e, 0xbdf7, 0xc618, 0x6b4d, 0x0861,
    0x0000, 0x0020, 0x0000, 0x4a69, 0x5aeb, 0x6b4d, 0xffff, 0xf7be, 0xffdf, 0xffff, 0xffff, 0xffdf,
    0xffff, 0xffff, 0xffff, 0xffff, 0xffff, 0xffff, 0xffff, 0xc618, 0x630c, 0xffff, 0xffdf, 0xffff,
    0xffff, 0xffff, 0xffff, 0xffff, 0xffff, 0xffff, 0xf7be, 0xffff, 0xdefb, 0x0000, 0x528a, 0xffff,
    0xffdf, 0xffdf, 0xffdf, 0xffff, 0xef5d, 0x18e3, 0x0000, 0x0020, 0x0020, 0x0020, 0x0000, 0x0020,
    0x0840, 0x0000, 0x39e7, 0xd6db, 0xc618, 0x4a69, 0x0000, 0x0020, 0x0000, 0x0000, 0x0000, 0x0000,
    0x0000, 0x0000, 0x0000, 0x0000, 0x0000, 0x0000, 0x0000, 0x0000, 0x0000, 0x18e3, 0x6b4d, 0x73ae,
    0x0861, 0x0000, 0x0000, 0x0000, 0x0000, 0x4a69, 0xad75, 0x18c3, 0x0000, 0x0000, 0x0020, 0x0020,
    0x0000, 0x0000, 0x0000, 0x0000, 0x0000, 0x0000, 0x0000, 0x0000, 0x0000, 0x0000, 0x0000, 0x0020,
    0x0020, 0x0000, 0x2945, 0xb596, 0xffff, 0xffff, 0xffdf, 0xf7be, 0xffff, 0xffff, 0xffff, 0xffdf,
    0xef9e, 0xef7d, 0xef5d, 0xe73c, 0xe71c, 0xce59, 0xa534, 0x73ae, 0x2945, 0x0000, 0x0000, 0x0841,
    0x1082, 0x5acb, 0x8c71, 0x8430, 0x4228, 0x0020, 0x0000, 0x0020, 0x0841, 0x0841, 0x0000, 0xbdd7,
    0x5aeb, 0x6b6d, 0xffff, 0xf7be, 0xffdf, 0xffdf, 0xffff, 0xffff, 0xffff, 0xffff, 0xffff, 0xffff,
    0xffff, 0xffff, 0xffff, 0xc618, 0x630c, 0xffff, 0xffdf, 0xffff, 0xffff, 0xffff, 0xffff, 0xffff,
    0xffff, 0xffff, 0xf7be, 0xffff, 0xe71c, 0x0841, 0x3186, 0xffdf, 0xffff, 0xffdf, 0xf7be, 0xffff,
    0x5aec, 0x0000, 0x0841, 0x0020, 0x0020, 0x0000, 0x0020, 0x0020, 0x0020, 0x0000, 0x738e, 0xd6ba,
    0xdeba, 0x632c, 0x0000, 0x0020, 0x0000, 0x0000, 0x0000, 0x0000, 0x0000, 0x0000, 0x0000, 0x18c3,
    0x39e8, 0x5b0c, 0x73ae, 0x8c51, 0xbdd7, 0xef5d, 0xffff, 0x31a6, 0x0000, 0x1082, 0x0000, 0x4228,
    0xce79, 0xef7d, 0x8410, 0xd69a, 0xbdf7, 0x2124, 0x0000, 0x0020, 0x0000, 0x0000, 0x0000, 0x0000,
    0x0000, 0x0000, 0x0000, 0x0000, 0x0000, 0x0000, 0x0020, 0x0000, 0x0020, 0x6b6d, 0xef7d, 0xffff,
    0xffdf, 0xffff, 0xffff, 0xffff, 0xffff, 0xffdf, 0xffdf, 0xffff, 0xffff, 0xffff, 0xffff, 0xffff,
    0xffff, 0xffff, 0xffff, 0xffff, 0xf79e, 0xa534, 0x2945, 0x0000, 0x0841, 0x0861, 0x0000, 0x0000,
    0x0000, 0x0020, 0x0841, 0x0020, 0x0841, 0x0000, 0x2965, 0xffff, 0x31a6, 0x9cb2, 0xffff, 0xf7de,
    0xffdf, 0xffff, 0xffff, 0xffff, 0xffff, 0xffff, 0xffff, 0xffff, 0xffff, 0xffff, 0xffff, 0xc618,
    0x630c, 0xffff, 0xffdf, 0xffff, 0xffff, 0xffff, 0xffff, 0xffff, 0xffff, 0xffff, 0xffdf, 0xffff,
    0xf7be, 0x2945, 0x0020, 0xdedb, 0xffff, 0xf79e, 0xffff, 0xb596, 0x0000, 0x0020, 0x0020, 0x0000,
    0x0000, 0x0000, 0x0000, 0x0000, 0x0020, 0x0000, 0xa514, 0xc618, 0xef5d, 0x9cd3, 0x0000, 0x0841,
    0x0020, 0x0020, 0x0820, 0x0020, 0x0000, 0x39e7, 0xa514, 0xe71c, 0xffdf, 0xffff, 0xffff, 0xffff,
    0xffff, 0xffff, 0xc638, 0x0000, 0x0841, 0x0000, 0x630c, 0xef7d, 0x6b6d, 0x52aa, 0x39e7, 0x4208,
    0xce59, 0xef5d, 0x2104, 0x0000, 0x0020, 0x0000, 0x0000, 0x0000, 0x0000, 0x0000, 0x0000, 0x0000,
    0x0000, 0x0020, 0x0000, 0x31a6, 0xbdf7, 0xffff, 0xffff, 0xffdf, 0xffff, 0xffff, 0xffff, 0xffff,
    0xffff, 0xffff, 0xffff, 0xffff, 0xffff, 0xffff, 0xffff, 0xffff, 0xffff, 0xffff, 0xffff, 0xffdf,
    0xffff, 0xffff, 0xef7d, 0x630c, 0x0000, 0x0020, 0x0000, 0x0000, 0x0000, 0x0000, 0x0000, 0x0000,
    0x0000, 0x0000, 0x8c51, 0xe71c, 0x0861, 0xdedb, 0xffff, 0xffff, 0xffff, 0xffff, 0xffff, 0xffff,
    0xffff, 0xffff, 0xffff, 0xffff, 0xffff, 0xffdf, 0xffff, 0xc618, 0x630c, 0xffff, 0xffff, 0xffff,
    0xffff, 0xffff, 0xffff, 0xffff, 0xffff, 0xffff, 0xffdf, 0xffdf, 0xffff, 0x5aeb, 0x0000, 0x7bef,
    0xffff, 0xef5d, 0xef7d, 0x2145, 0x0000, 0x0000, 0x0000, 0x0000, 0x0000, 0x0000, 0x0000, 0x0020,
    0x0020, 0x0000, 0xc638, 0xb596, 0xf79e, 0xdedb, 0x0881, 0x0000, 0x0020, 0x0020, 0x0020, 0x0020,
    0x8c51, 0xffdf, 0xffff, 0xffff, 0xffdf, 0xf7be, 0xf7be, 0xf7be, 0xf79e, 0xffff, 0x94b2, 0x0000,
    0x0000, 0x3186, 0xef5d, 0x39c7, 0x7bef, 0xef5d, 0xf7be, 0xbdf7, 0x2945, 0xdedb, 0xbdd7, 0x0000,
    0x0841, 0x0020, 0x0000, 0x0000, 0x0000, 0x0000, 0x0000, 0x0020, 0x0000, 0x0020, 0x7bcf, 0xf7be,
    0xffff, 0xffdf, 0xffff, 0xffff, 0xffff, 0xffff, 0xffff, 0xffff, 0xffff, 0xffff, 0xffff, 0xffff,
    0xffff, 0xffff, 0xffff, 0xffff, 0xffff, 0xffff, 0xffff, 0xffff, 0xffdf, 0xf7be, 0xffdf, 0xffff,
    0x73ae, 0x0000, 0x0020, 0x0000, 0x0000, 0x0000, 0x0000, 0x0020, 0x0000, 0x0841, 0xf79e, 0x5aeb,
    0x4a29, 0xffff, 0xf7be, 0xffff, 0xffff, 0xffff, 0xffff, 0xffff, 0xffff, 0xffff, 0xffff, 0xffff,
    0xffff, 0xffdf, 0xffff, 0xc618, 0x630c, 0xffff, 0xffff, 0xffff, 0xffff, 0xffff, 0xffff, 0xffff,
    0xffff, 0xffff, 0xffdf, 0xf7be, 0xffff, 0xa534, 0x0000, 0x1062, 0xc618, 0xffff, 0x73ae, 0x0000,
    0x0841, 0x0000, 0x0000, 0x0000, 0x0000, 0x0000, 0x0000, 0x0020, 0x0000, 0x1082, 0xdefb, 0xb5d7,
    0xdefb, 0x4228, 0x0861, 0x0000, 0x0841, 0x0020, 0x0020, 0xa534, 0xffff, 0xffdf, 0xffdf, 0xffdf,
    0xffff, 0xffdf, 0xffff, 0xffdf, 0xf7be, 0xffff, 0x73cf, 0x0000, 0x0000, 0xb596, 0x6b6d, 0x8c51,
    0xffff, 0xffdf, 0xffbf, 0xffff, 0xad55, 0x5acb, 0xffff, 0x2104, 0x0000, 0x0020, 0x0020, 0x0020,
    0x0020, 0x0020, 0x0841, 0x0000, 0x2124, 0xbdd7, 0xffff, 0xffdf, 0xffdf, 0xffff, 0xffff, 0xffff,
    0xffff, 0xffff, 0xffff, 0xffff, 0xffff, 0xffff, 0xffff, 0xffff, 0xffff, 0xffff, 0xffff, 0xffff,
    0xffff, 0xffff, 0xffff, 0xffff, 0xffff, 0xffff, 0xffdf, 0xf7be, 0xffff, 0x5acb, 0x0000, 0x0841,
    0x0000, 0x0000, 0x0000, 0x0841, 0x0000, 0x7bcf, 0xb596, 0x0000, 0xd69a, 0xffff, 0xf7be, 0xffff,
    0xffff, 0xffff, 0xffff, 0xffff, 0xffff, 0xffff, 0xffff, 0xffff, 0xffff, 0xffdf, 0xffff, 0xc617,
    0x630b, 0xffff, 0xffdf, 0xffff, 0xffff, 0xffff, 0xffff, 0xffff, 0xffff, 0xffff, 0xffff, 0xffdf,
    0xf7be, 0xef7d, 0x2945, 0x0000, 0x2124, 0xa534, 0x1082, 0x0000, 0x0020, 0x0000, 0x0000, 0x0000,
    0x0000, 0x0000, 0x0020, 0x0841, 0x0000, 0x2124, 0xe73c, 0xd69a, 0x8410, 0x0000, 0x0841, 0x0020,
    0x0020, 0x0000, 0x9cd3, 0xffff, 0xf7be, 0xffdf, 0xffff, 0xffff, 0xffff, 0xffff, 0xffff, 0xffdf,
    0xf7be, 0xffff, 0x632c, 0x0000, 0x2104, 0xad55, 0x39e7, 0xffdf, 0xffdf, 0xffdf, 0xffdf, 0xffdf,
    0xe75d, 0x4a69, 0xffdf, 0x4208, 0x0000, 0x0020, 0x0000, 0x0000, 0x0020, 0x0020, 0x0000, 0x4a49,
    0xe73c, 0xffff, 0xf7be, 0xffff, 0xffff, 0xffff, 0xffff, 0xffff, 0xffff, 0xffff, 0xffff, 0xffff,
    0xffff, 0xffff, 0xffff, 0xffff, 0xffff, 0xffff, 0xffff, 0xffff, 0xffff, 0xffff, 0xffff, 0xffff,
    0xffff, 0xffff, 0xffff, 0xf7be, 0xffff, 0xef5d, 0x2124, 0x0000, 0x0020, 0x0000, 0x0000, 0x0000,
    0x18e3, 0x7bcf, 0x0000, 0x8c71, 0xffff, 0xffdf, 0xffff, 0xffff, 0xffff, 0xffff, 0xffff, 0xffff,
    0xffff, 0xffff, 0xffff, 0xffff, 0xffff, 0xffdf, 0xffff, 0xbe17, 0x5aeb, 0xffff, 0xffdf, 0xffff,
    0xffff, 0xffff, 0xffff, 0xffff, 0xffff, 0xffff, 0xffff, 0xffff, 0xf7be, 0xffff, 0xb596, 0x0000,
    0x0000, 0x0000, 0x0000, 0x0020, 0x0000, 0x0000, 0x0000, 0x0000, 0x0000, 0x0000, 0x0000, 0x0841,
    0x0000, 0x2965, 0xef7d, 0xdedb, 0x39e7, 0x0000, 0x0821, 0x0861, 0x0000, 0x6b2d, 0xffff, 0xf7be,
    0xffff, 0xffff, 0xffff, 0xffff, 0xffff, 0xffff, 0xffff, 0xffdf, 0xf7be, 0xffff, 0x632c, 0x0000,
    0x4208, 0x8430, 0x528a, 0xffff, 0xf79e, 0xffff, 0xffdf, 0xffdf, 0xdefb, 0x4228, 0xffdf, 0x31a6,
    0x0000, 0x0020, 0x0000, 0x0820, 0x0000, 0x0000, 0x7bef, 0xffff, 0xffff, 0xffdf, 0xffff, 0xffff,
    0xffff, 0xffff, 0xffff, 0xffff, 0xffff, 0xffff, 0xffff, 0xffff, 0xffff, 0xffff, 0xffff, 0xffff,
    0xffff, 0xffff, 0xffff, 0xffff, 0xffff, 0xffff, 0xffff, 0xffff, 0xffff, 0xffff, 0xffff, 0xffff,
    0xffdf, 0xffff, 0x9cf3, 0x0000, 0x0841, 0x0020, 0x0020, 0x0020, 0x1082, 0x0000, 0x73af, 0xffff,
    0xf7be, 0xffdf, 0xffff, 0xffff, 0xffff, 0xffff, 0xffff, 0xffff, 0xffff, 0xffff, 0xffff, 0xffff,
    0xffff, 0xffdf, 0xffff, 0xc617, 0x630b, 0xffff, 0xffdf, 0xffff, 0xffff, 0xffff, 0xffff, 0xffff,
    0xffff, 0xffff, 0xffff, 0xffff, 0xffff, 0xf7be, 0xffff, 0x8c51, 0x0020, 0x0841, 0x0020, 0x0000,
    0x0020, 0x0020, 0x0000, 0x0000, 0x0000, 0x0000, 0x0000, 0x0841, 0x0000, 0x2965, 0xffdf, 0xce79,
    0x0861, 0x0000, 0x0020, 0x0000, 0x2945, 0xef5d, 0xffff, 0xffdf, 0xffff, 0xffff, 0xffff, 0xffff,
    0xffff, 0xffff, 0xffff, 0xffdf, 0xf7be, 0xffff, 0x8410, 0x0000, 0x39e7, 0xbdd7, 0x4228, 0xffff,
    0xf7be, 0xffdf, 0xffdf, 0xffff, 0x8410, 0x8410, 0xf79e, 0x0841, 0x0000, 0x0000, 0x0820, 0x0000,
    0x10a2, 0xad75, 0xffff, 0xffdf, 0xffdf, 0xffff, 0xffff, 0xffff, 0xffff, 0xffff, 0xffff, 0xffff,
    0xffff, 0xffff, 0xffff, 0xffff, 0xffff, 0xffff, 0xffff, 0xffff, 0xffff, 0xffff, 0xffff, 0xffff,
    0xffff, 0xffff, 0xffff, 0xffff, 0xffff, 0xffff, 0xffff, 0xffff, 0xffdf, 0xf7be, 0xf79e, 0x2945,
    0x0000, 0x0841, 0x0000, 0x0000, 0x0000, 0x9472, 0xffff, 0xf7be, 0xffdf, 0xffdf, 0xffdf, 0xffdf,
    0xffff, 0xffff, 0xffff, 0xffff, 0xffff, 0xffff, 0xffff, 0xffff, 0xffff, 0xffdf, 0xffff, 0xc618,
    0x630c, 0xffff, 0xffdf, 0xffff, 0xffff, 0xffff, 0xffff, 0xffff, 0xffff, 0xffff, 0xffff, 0xffff,
    0xffff, 0xffdf, 0xffdf, 0xffff, 0x5aeb, 0x0000, 0x0841, 0x0000, 0x4a49, 0x2124, 0x0000, 0x0000,
    0x0000, 0x0000, 0x0000, 0x0841, 0x0000, 0x2945, 0xffff, 0x9cf3, 0x0000, 0x0841, 0x0841, 0x0000,
    0x73ae, 0xffff, 0xffdf, 0xffff, 0xffff, 0xffff, 0xffdf, 0xffdf, 0xffdf, 0xffff, 0xffff, 0xffff,
    0xf7be, 0xffff, 0xad75, 0x0000, 0x10a2, 0xe71c, 0x39e7, 0x9cf3, 0xffff, 0xffff, 0xffff, 0x9d14,
    0x39c7, 0xffff, 0x6b6e, 0x0000, 0x0861, 0x0840, 0x0000, 0x39c7, 0xd6ba, 0xffff, 0xf7be, 0xffff,
    0xffff, 0xffff, 0xffff, 0xffff, 0xffff, 0xffff, 0xffff, 0xffff, 0xffff, 0xffff, 0xffff, 0xffff,
    0xffff, 0xffff, 0xffff, 0xffff, 0xffff, 0xffff, 0xffff, 0xffff, 0xffff, 0xffff, 0xffff, 0xffff,
    0xffff, 0xffdf, 0xffdf, 0xffdf, 0xffdf, 0xffdf, 0xffff, 0x94b2, 0x0000, 0x0020, 0x0861, 0x4a69,
    0xd69a, 0xffff, 0xffff, 0xffff, 0xffff, 0xffff, 0xffff, 0xffff, 0xffff, 0xffff, 0xffff, 0xffff,
    0xffff, 0xffff, 0xffff, 0xffff, 0xffff, 0xffdf, 0xffff, 0xc618, 0x630c, 0xffff, 0xffdf, 0xffff,
    0xffff, 0xffff, 0xffff, 0xffff, 0xffff, 0xffff, 0xffff, 0xffff, 0xffff, 0xffdf, 0xffff, 0xf7be,
    0x3186, 0x0000, 0x0020, 0x1062, 0xa534, 0x1082, 0x0000, 0x0000, 0x0000, 0x0000, 0x0000, 0x0841,
    0x0000, 0x2124, 0xffff, 0x6b4d, 0x0000, 0x0841, 0x0020, 0x0000, 0x2104, 0xef5d, 0xffdf, 0xffdf,
    0xffdf, 0xffdf, 0xffff, 0xffff, 0xffff, 0xffff, 0xffff, 0xffff, 0xffdf, 0xffff, 0xe71c, 0x10a2,
    0x0000, 0x8c71, 0xe73c, 0x2945, 0x6b6d, 0x8430, 0x4a69, 0x4a6a, 0xef7d, 0xad55, 0x0000, 0x0020,
    0x0841, 0x0000, 0x630c, 0xf7be, 0xffff, 0xf7be, 0xffff, 0xffff, 0xffff, 0xffff, 0xffff, 0xffff,
    0xffff, 0xffff, 0xffff, 0xffff, 0xffff, 0xffff, 0xffff, 0xffff, 0xffff, 0xffff, 0xffff, 0xffff,
    0xffff, 0xffff, 0xffff, 0xffff, 0xffff, 0xffdf, 0xffdf, 0xffff, 0xffff, 0xffff, 0xffff, 0xffff,
    0xef7d, 0xd6ba, 0xbdf7, 0x9492, 0x0841, 0x0000, 0x31a6, 0x8c51, 0x9cd3, 0xad75, 0xdedb, 0xffff,
    0xffff, 0xffff, 0xffdf, 0xffdf, 0xffdf, 0xffff, 0xffff, 0xffff, 0xffff, 0xffff, 0xffff, 0xffff,
    0xffff, 0xffdf, 0xffff, 0xc618, 0x630c, 0xffff, 0xffff, 0xffff, 0xffff, 0xffff, 0xffff, 0xffff,
    0xffff, 0xffff, 0xffff, 0xffff, 0xffdf, 0xf79e, 0xffff, 0xbdf7, 0x0000, 0x0861, 0x0000, 0x632c,
    0xce79, 0x0000, 0x0000, 0x0020, 0x0020, 0x0020, 0x0020, 0x0841, 0x0000, 0x18e4, 0xe71c, 0x3186,
    0x0000, 0x0020, 0x0000, 0x0841, 0x0000, 0x94b2, 0xffff, 0xf79e, 0xffff, 0xffff, 0xffff, 0xffff,
    0xffff, 0xffff, 0xffff, 0xffff, 0xffff, 0xffdf, 0xffff, 0x4a69, 0x0000, 0x0861, 0xad75, 0xf7be,
    0x630c, 0x738e, 0xce79, 0xf79e, 0x8c71, 0x0000, 0x0841, 0x0020, 0x0000, 0x8410, 0xffff, 0xffdf,
    0xffdf, 0xffff, 0xffff, 0xffff, 0xffff, 0xffff, 0xffff, 0xffff, 0xffff, 0xffff, 0xffff, 0xffff,
    0xffff, 0xffff, 0xffff, 0xffff, 0xffff, 0xffff, 0xffff, 0xffff, 0xffff, 0xffff, 0xffdf, 0xffff,
    0xffff, 0xffff, 0xffff, 0xffdf, 0xd6ba, 0xad55, 0x738e, 0x4249, 0x2104, 0x1082, 0x0000, 0x0000,
    0x0020, 0x0020, 0x0020, 0x0000, 0x0000, 0x0000, 0x1082, 0x39e7, 0xe6fb, 0xffff, 0xffdf, 0xffff,
    0xffff, 0xffff, 0xffff, 0xffff, 0xffff, 0xffff, 0xffff, 0xffff, 0xffff, 0xffdf, 0xffff, 0xc618,
    0x630c, 0xffff, 0xffdf, 0xffff, 0xffff, 0xffff, 0xffff, 0xffff, 0xffff, 0xffff, 0xffff, 0xffdf,
    0xffdf, 0xf79e, 0xffff, 0x738e, 0x0000, 0x10a2, 0x0000, 0xce39, 0xce59, 0x0000, 0x0020, 0x0020,
    0x0020, 0x0000, 0x0000, 0x0020, 0x0000, 0x1082, 0xad55, 0x1082, 0x0000, 0x0020, 0x0000, 0x0021,
    0x0000, 0x2945, 0xf79e, 0xffdf, 0xffff, 0xffff, 0xffff, 0xffff, 0xffff, 0xffff, 0xffff, 0xffff,
    0xffdf, 0xf79e, 0xffff, 0xad75, 0x0000, 0x0861, 0x0000, 0x4a49, 0x528a, 0x94b2, 0x7c10, 0x2104,
    0x0000, 0x0020, 0x0000, 0x1082, 0xa555, 0xffff, 0xf7be, 0xffdf, 0xffff, 0xffff, 0xffff, 0xffff,
    0xffff, 0xffff, 0xffff, 0xffff, 0xffff, 0xffff, 0xffff, 0xffff, 0xffff, 0xffff, 0xffff, 0xffff,
    0xffff, 0xffff, 0xffff, 0xffdf, 0xffdf, 0xffff, 0xffff, 0xffff, 0xef3d, 0xad75, 0x738e, 0x31a6,
    0x0861, 0x0000, 0x0000, 0x0000, 0x0000, 0x0000, 0x0000, 0x0000, 0x0000, 0x0000, 0x0000, 0x0020,
    0x0020, 0x0020, 0x0000, 0x0000, 0xbdd7, 0xffff, 0xf7be, 0xffff, 0xffff, 0xffff, 0xffff, 0xffff,
    0xffff, 0xffff, 0xffff, 0xffff, 0xffff, 0xffdf, 0xffff, 0xc618, 0x630c, 0xffff, 0xffdf, 0xffff,
    0xffff, 0xffff, 0xffff, 0xffff, 0xffff, 0xffff, 0xffff, 0xffff, 0xffdf, 0xffdf, 0xffff, 0x31a6,
    0x0000, 0x0841, 0x2945, 0xffff, 0xbdd7, 0x0000, 0x0020, 0x0000, 0x0000, 0x0000, 0x0000, 0x0000,
    0x0000, 0x0000, 0x7bef, 0x0861, 0x0000, 0x0000, 0x0000, 0x0000, 0x0020, 0x0000, 0x8c51, 0xffff,
    0xf7be, 0xffdf, 0xffff, 0xffff, 0xffff, 0xffff, 0xffff, 0xffdf, 0xffdf, 0xf7be, 0xffff, 0x9cd3,
    0x31a6, 0x0020, 0x0020, 0x0020, 0x0000, 0x0000, 0x0000, 0x0000, 0x0000, 0x0000, 0x10a2, 0x9492,
    0xffff, 0xf7be, 0xffdf, 0xffdf, 0xffdf, 0xffff, 0xffff, 0xffff, 0xffff, 0xffff, 0xffff, 0xffff,
    0xffff, 0xffff, 0xffff, 0xffff, 0xffff, 0xffff, 0xffff, 0xffff, 0xffff, 0xffdf, 0xffff, 0xffff,
    0xffff, 0xef5d, 0xa534, 0x52ab, 0x18c3, 0x0000, 0x0000, 0x0000, 0x0000, 0x0020, 0x0020, 0x0000,
    0x0000, 0x0000, 0x0000, 0x0000, 0x0000, 0x0000, 0x0000, 0x0000, 0x0000, 0x0000, 0x0020, 0x0020,
    0xc638, 0xffff, 0xf7be, 0xffff, 0xffff, 0xffff, 0xffff, 0xffff, 0xffff, 0xffff, 0xffff, 0xffff,
    0xffff, 0xffdf, 0xffff, 0xc618, 0x630c, 0xffff, 0xffdf, 0xffff, 0xffff, 0xffff, 0xffff, 0xffff,
    0xffff, 0xffff, 0xffff, 0xffff, 0xffff, 0xffff, 0xef5d, 0x10c2, 0x0841, 0x0000, 0x6b6d, 0xffff,
    0xb5b6, 0x0000, 0x0000, 0x0000, 0x0000, 0x0000, 0x0000, 0x0000, 0x0000, 0x0000, 0x5acb, 0x10c2,
    0x0000, 0x0020, 0x0020, 0x0020, 0x0840, 0x0020, 0x18c3, 0xce59, 0x9cf4, 0xffdf, 0xffbf, 0xffdf,
    0xffdf, 0xffdf, 0xffff, 0xffff, 0xffff, 0xffff, 0xffff, 0x5acb, 0xdefb, 0x8410, 0x0000, 0x0841,
    0x0041, 0x0000, 0x0000, 0x0000, 0x2124, 0x9cf3, 0x6b4d, 0xe73c, 0xffff, 0xffff, 0xffff, 0xffff,
    0xffff, 0xffff, 0xffff, 0xffff, 0xffff, 0xffff, 0xffff, 0xffff, 0xffff, 0xffff, 0xffff, 0xffff,
    0xffff, 0xffff, 0xffff, 0xffff, 0xffff, 0xffff, 0xf7be, 0xb5b6, 0x630c, 0x18e3, 0x0000, 0x0000,
    0x0000, 0x0000, 0x0000, 0x0000, 0x0000, 0x0000, 0x0000, 0x0000, 0x0000, 0x0000, 0x0000, 0x0000,
    0x0000, 0x0000, 0x0000, 0x0000, 0x0000, 0x0000, 0x0000, 0x0841, 0xd69a, 0xffff, 0xf7be, 0xffff,
    0xffff, 0xffff, 0xffff, 0xffff, 0xffff, 0xffff, 0xffff, 0xffff, 0xffff, 0xffdf, 0xffff, 0xc618,
    0x630c, 0xffff, 0xffdf, 0xffff, 0xffff, 0xffff, 0xffff, 0xffff, 0xffff, 0xffff, 0xffff, 0xffff,
    0xffdf, 0xffff, 0xce79, 0x0020, 0x0020, 0x0000, 0xa514, 0xffff, 0xc638, 0x0020, 0x0000, 0x0000,
    0x0000, 0x0000, 0x0000, 0x0020, 0x0820, 0x0000, 0x31a6, 0x2965, 0x0000, 0x0820, 0x0020, 0x0020,
    0x0020, 0x0020, 0x0000, 0x2104, 0x8410, 0xffff, 0xf79e, 0xffdf, 0xffdf, 0xffff, 0xffff, 0xffff,
    0xffff, 0xffff, 0xdedb, 0x5acb, 0xffdf, 0xffff, 0x9cf3, 0x1081, 0x0000, 0x18e3, 0x4a49, 0x9cf3,
    0xf79e, 0xbdf7, 0x73ae, 0xffff, 0xf7be, 0xffff, 0xffff, 0xffff, 0xffff, 0xffff, 0xffff, 0xffff,
    0xffff, 0xffff, 0xffff, 0xffff, 0xffff, 0xffff, 0xffff, 0xffdf, 0xffdf, 0xffff, 0xffff, 0xf7be,
    0xce79, 0x73cf, 0x2945, 0x0000, 0x0000, 0x0000, 0x0020, 0x0020, 0x0000, 0x0000, 0x0000, 0x0000,
    0x0000, 0x0000, 0x0000, 0x0000, 0x0000, 0x0000, 0x0000, 0x0000, 0x0000, 0x0000, 0x0000, 0x0000,
    0x0000, 0x0000, 0x0000, 0x0861, 0xe71c, 0xffff, 0xf7be, 0xffff, 0xffff, 0xffff, 0xffff, 0xffff,
    0xffff, 0xffff, 0xffff, 0xffff, 0xffff, 0xffff, 0xffff, 0xc618, 0x630c, 0xffff, 0xffdf, 0xffff,
    0xffff, 0xffff, 0xffff, 0xffff, 0xffff, 0xffff, 0xffff, 0xffff, 0xffdf, 0xffff, 0xc638, 0x0000,
    0x0000, 0x0000, 0xc638, 0xffff, 0xdefb, 0x1082, 0x0000, 0x0000, 0x0000, 0x0000, 0x0000, 0x0000,
    0x0020, 0x0000, 0x1082, 0x4a69, 0x0000, 0x0000, 0x0000, 0x0000, 0x0000, 0x0000, 0x0841, 0x0000,
    0xa514, 0xffff, 0xf79e, 0xffff, 0xffff, 0xffff, 0xffff, 0xffff, 0xffdf, 0xffff, 0xa534, 0x7bcf,
    0xffff, 0xef7d, 0xffff, 0xb596, 0xa514, 0xef7d, 0xffff, 0xffff, 0xffff, 0x62ec, 0xd69a, 0xffff,
    0xf7be, 0xffff, 0xffff, 0xffff, 0xffff, 0xffff, 0xffff, 0xffff, 0xffff, 0xffff, 0xffff, 0xffff,
    0xffff, 0xffdf, 0xffdf, 0xffff, 0xffff, 0xef5d, 0x738e, 0x3186, 0x0861, 0x0000, 0x0000, 0x0000,
    0x0000, 0x0000, 0x0000, 0x0000, 0x0000, 0x0000, 0x0000, 0x0000, 0x0000, 0x0000, 0x0000, 0x0000,
    0x0000, 0x0000, 0x0000, 0x0000, 0x0000, 0x0000, 0x0000, 0x0000, 0x0000, 0x0000, 0x0000, 0x18c3,
    0xef5d, 0xffff, 0xffdf, 0xffff, 0xffff, 0xffff, 0xffff, 0xffff, 0xffff, 0xffff, 0xffff, 0xffff,
    0xffff, 0xffdf, 0xffff, 0xc618, 0x630c, 0xffff, 0xffdf, 0xffff, 0xffff, 0xffff, 0xffff, 0xffff,
    0xffff, 0xffff, 0xffff, 0xffff, 0xffdf, 0xffff, 0xce59, 0x0000, 0x0000, 0x0841, 0xd6ba, 0xffff,
    0xffdf, 0x31a6, 0x0000, 0x0020, 0x0000, 0x0000, 0x0000, 0x0000, 0x0000, 0x0020, 0x0000, 0x39e7,
    0x18e3, 0x0000, 0x0000, 0x0000, 0x0000, 0x0000, 0x0841, 0x0000, 0x4208, 0xffdf, 0xf7be, 0xffff,
    0xffff, 0xffff, 0xffff, 0xffdf, 0xf7be, 0xffff, 0x6b6d, 0xad55, 0xffff, 0xf7be, 0xffdf, 0xbdd7,
    0xffff, 0xffff, 0xf7be, 0xffdf, 0xc618, 0x5aec, 0xffff, 0xffdf, 0xffff, 0xffff, 0xffff, 0xffff,
    0xffff, 0xffff, 0xffff, 0xffff, 0xffff, 0xffff, 0xffff, 0xffdf, 0xffff, 0xffff, 0xffff, 0xce79,
    0x738e, 0x18e3, 0x0000, 0x0000, 0x0000, 0x0000, 0x0000, 0x0000, 0x0000, 0x0000, 0x0000, 0x0000,
    0x0000, 0x0000, 0x0000, 0x0000, 0x0000, 0x0000, 0x0000, 0x0000, 0x0000, 0x0000, 0x0000, 0x0000,
    0x0000, 0x0000, 0x0000, 0x0000, 0x0000, 0x0000, 0x0000, 0x2124, 0xf77e, 0xffff, 0xffdf, 0xffff,
    0xffff, 0xffff, 0xffff, 0xffff, 0xffff, 0xffff, 0xffff, 0xffff, 0xffff, 0xffdf, 0xffff, 0xc618,
    0x630c, 0xffff, 0xffdf, 0xffff, 0xffff, 0xffff, 0xffff, 0xffff, 0xffff, 0xffff, 0xffff, 0xffff,
    0xffdf, 0xffff, 0xdefb, 0x1082, 0x0000, 0x0000, 0xb5b6, 0xffff, 0xffff, 0x632c, 0x0000, 0x0841,
    0x0020, 0x0000, 0x0000, 0x0000, 0x0000, 0x0000, 0x0000, 0x0861, 0x39e7, 0x0000, 0x0000, 0x0000,
    0x0000, 0x0000, 0x0000, 0x0020, 0x0000, 0x8c71, 0xffff, 0xffdf, 0xffdf, 0xffff, 0xffdf, 0xffdf,
    0xffdf, 0xf7be, 0x4a69, 0xdedb, 0xffff, 0xffff, 0xdefb, 0xc638, 0xffff, 0xffdf, 0xf7be, 0xffff,
    0x630c, 0xad75, 0xffff, 0xf7be, 0xffdf, 0xffff, 0xffff, 0xffff, 0xffff, 0xffff, 0xffff, 0xffff,
    0xffdf, 0xffdf, 0xffff, 0xffff, 0xef7d, 0xad55, 0x4a69, 0x0841, 0x0000, 0x0000, 0x0020, 0x0000,
    0x0000, 0x0000, 0x0000, 0x0000, 0x0000, 0x0000, 0x0000, 0x0000, 0x0000, 0x0000, 0x0000, 0x0000,
    0x0000, 0x0000, 0x0000, 0x0000, 0x0000, 0x0000, 0x0000, 0x0000, 0x0000, 0x0000, 0x0000, 0x0000,
    0x0000, 0x0020, 0x0000, 0x39c7, 0xffdf, 0xffff, 0xffdf, 0xffff, 0xffff, 0xffff, 0xffff, 0xffff,
    0xffff, 0xffff, 0xffff, 0xffff, 0xffff, 0xffdf, 0xffff, 0xc618, 0x630c, 0xffff, 0xffdf, 0xffff,
    0xffff, 0xffff, 0xffff, 0xffff, 0xffff, 0xffff, 0xffff, 0xffff, 0xffff, 0xffff, 0xffdf, 0x3186,
    0x0020, 0x0000, 0x6b4d, 0xffff, 0xf7be, 0xa514, 0x0000, 0x0841, 0x0020, 0x0000, 0x0000, 0x0000,
    0x0000, 0x0000, 0x0000, 0x0000, 0x2965, 0x2924, 0x0000, 0x0000, 0x0000, 0x0000, 0x0020, 0x0820,
    0x0020, 0x1082, 0xdebb, 0xffff, 0xf7be, 0xffff, 0xffff, 0xffdf, 0xffff, 0xd69a, 0x526a, 0xffdf,
    0xffdf, 0xffff, 0xd699, 0xef7d, 0xffff, 0xffdf, 0xffff, 0xd6ba, 0x4a49, 0xf7be, 0xffbe, 0xffdf,
    0xffdf, 0xffff, 0xffff, 0xffff, 0xffff, 0xffff, 0xffdf, 0xffdf, 0xffff, 0xffff, 0xdedb, 0x7bef,
    0x2124, 0x0000, 0x0000, 0x0000, 0x0020, 0x0000, 0x0000, 0x0000, 0x0000, 0x0000, 0x0000, 0x0000,
    0x0000, 0x0000, 0x0000, 0x0000, 0x0000, 0x0000, 0x0000, 0x0000, 0x0000, 0x0000, 0x0000, 0x0000,
    0x0000, 0x0000, 0x0000, 0x0000, 0x0000, 0x0000, 0x0000, 0x0000, 0x0000, 0x0020, 0x0000, 0x4a49,
    0xffff, 0xffdf, 0xffdf, 0xffff, 0xffff, 0xffff, 0xffff, 0xffff, 0xffff, 0xffff, 0xffff, 0xffff,
    0xffff, 0xffdf, 0xffff, 0xc618, 0x630c, 0xffff, 0xffdf, 0xffff, 0xffff, 0xffff, 0xffff, 0xffff,
    0xffff, 0xffff, 0xffff, 0xffff, 0xffff, 0xf7be, 0xffff, 0x7bcf, 0x0000, 0x1082, 0x0841, 0xb596,
    0xffff, 0xdefb, 0x1082, 0x0000, 0x0000, 0x0000, 0x0000, 0x0000, 0x0000, 0x0000, 0x0000, 0x0000,
    0x0000, 0x39e7, 0x10a2, 0x0000, 0x0000, 0x0000, 0x0000, 0x0000, 0x0841, 0x0000, 0x4228, 0xffff,
    0xffdf, 0xffdf, 0xffff, 0xffdf, 0xffff, 0xa514, 0x73ae, 0xffff, 0xffff, 0xffdf, 0xd6ba, 0xffff,
    0xffff, 0xf7be, 0xffff, 0x7bef, 0x9492, 0xffff, 0xf7be, 0xffdf, 0xffff, 0xffff, 0xffff, 0xffff,
    0xffdf, 0xffff, 0xffff, 0xffff, 0xc638, 0x5aeb, 0x0861, 0x0000, 0x0000, 0x0000, 0x0000, 0x0000,
    0x0000, 0x0000, 0x0000, 0x0000, 0x0000, 0x0000, 0x0000, 0x0000, 0x0000, 0x0000, 0x0000, 0x0000,
    0x0000, 0x0000, 0x0000, 0x0000, 0x0000, 0x0000, 0x0000, 0x0000, 0x0000, 0x0000, 0x0000, 0x0000,
    0x0000, 0x0000, 0x0000, 0x0000, 0x0000, 0x0020, 0x0000, 0x5aeb, 0xffff, 0xffdf, 0xffff, 0xffff,
    0xffff, 0xffff, 0xffff, 0xffff, 0xffff, 0xffff, 0xffff, 0xffff, 0xffff, 0xffdf, 0xffff, 0xc618,
    0x630c, 0xffff, 0xffdf, 0xffff, 0xffff, 0xffff, 0xffff, 0xffff, 0xffff, 0xffff, 0xffff, 0xffff,
    0xffff, 0xffdf, 0xffff, 0xdefb, 0x10a2, 0x0020, 0x0020, 0x0861, 0x9cf3, 0xffff, 0x73cf, 0x0000,
    0x0020, 0x0000, 0x0000, 0x0000, 0x0000, 0x0000, 0x0000, 0x0020, 0x0000, 0x0841, 0x31a6, 0x0841,
    0x0000, 0x0000, 0x0000, 0x0000, 0x0000, 0x0020, 0x0000, 0x8c71, 0xffff, 0xf79e, 0xffff, 0xffdf,
    0xffff, 0x6b6d, 0xa514, 0xffff, 0xffff, 0xe71c, 0xdefb, 0xffff, 0xffdf, 0xffff, 0xef7d, 0x4228,
    0xef5d, 0xffff, 0xffdf, 0xffdf, 0xffdf, 0xffdf, 0xffdf, 0xffff, 0xffff, 0xffdf, 0xb596, 0x4a89,
    0x0820, 0x0000, 0x0000, 0x0020, 0x0000, 0x0000, 0x0000, 0x0000, 0x0000, 0x0000, 0x0000, 0x0000,
    0x0000, 0x0000, 0x0000, 0x0000, 0x0000, 0x0000, 0x0000, 0x0000, 0x0000, 0x0000, 0x0000, 0x0000,
    0x0000, 0x0000, 0x0000, 0x0000, 0x0000, 0x0000, 0x0000, 0x0000, 0x0000, 0x0000, 0x0000, 0x0000,
    0x0000, 0x0841, 0x0000, 0x738e, 0xffff, 0xffdf, 0xffff, 0xffff, 0xffff, 0xffff, 0xffff, 0xffff,
    0xffff, 0xffff, 0xffff, 0xffff, 0xffff, 0xffdf, 0xffff, 0xc618, 0x630c, 0xffff, 0xffdf, 0xffff,
    0xffff, 0xffff, 0xffff, 0xffff, 0xffff, 0xffff, 0xffff, 0xffff, 0xffff, 0xffff, 0xf7be, 0xffff,
    0xa534, 0x0000, 0x0000, 0x0840, 0x0000, 0x39c7, 0x5acb, 0x0020, 0x0020, 0x0000, 0x0000, 0x0000,
    0x0000, 0x0000, 0x0000, 0x0020, 0x0020, 0x0000, 0x0861, 0x2945, 0x0020, 0x0000, 0x0000, 0x0000,
    0x0000, 0x0020, 0x0020, 0x0841, 0xc638, 0xffff, 0xf7be, 0xffff, 0xffdf, 0x4a69, 0xd6ba, 0xffff,
    0xffdf, 0xce79, 0xef7e, 0xffff, 0xffdf, 0xffff, 0x9cf3, 0x6b2d, 0xffff, 0xf7bf, 0xffdf, 0xffdf,
    0xf7be, 0xffdf, 0xffff, 0xf79e, 0xa514, 0x39c7, 0x0000, 0x0000, 0x0000, 0x0020, 0x0000, 0x0000,
    0x0000, 0x0000, 0x0000, 0x0000, 0x0000, 0x0000, 0x0000, 0x0000, 0x0000, 0x0000, 0x0000, 0x0000,
    0x0000, 0x0000, 0x0000, 0x0000, 0x0000, 0x0000, 0x0000, 0x0000, 0x0000, 0x0000, 0x0000, 0x0000,
    0x0000, 0x0000, 0x0000, 0x0000, 0x0000, 0x0000, 0x0000, 0x0000, 0x0000, 0x0841, 0x0000, 0x9472,
    0xffff, 0xffdf, 0xffff, 0xffff, 0xffff, 0xffff, 0xffff, 0xffff, 0xffff, 0xffff, 0xffff, 0xffff,
    0xffff, 0xffdf, 0xffff, 0xc618, 0x630c, 0xffff, 0xffdf, 0xffff, 0xffff, 0xffff, 0xffff, 0xffff,
    0xffff, 0xffff, 0xffff, 0xffff, 0xffff, 0xffff, 0xffdf, 0xf7be, 0xffff, 0xa514, 0x18c3, 0x0000,
    0x0000, 0x0000, 0x0000, 0x0000, 0x0000, 0x0000, 0x0000, 0x0000, 0x0000, 0x0000, 0x0000, 0x0000,
    0x0000, 0x0020, 0x0000, 0x0861, 0x10a2, 0x0000, 0x0000, 0x0000, 0x0000, 0x0000, 0x0000, 0x0000,
    0x2965, 0xf79e, 0xf79e, 0xffff, 0xd6ba, 0x4a69, 0xffdf, 0xffbe, 0xf79e, 0xce79, 0xffff, 0xffdf,
    0xf7bf, 0xffff, 0x52aa, 0xc618, 0xffff, 0xf7be, 0xffdf, 0xffff, 0xffff, 0xef7d, 0x9492, 0x2945,
    0x0000, 0x0000, 0x0000, 0x0000, 0x0000, 0x0000, 0x0000, 0x0000, 0x0000, 0x0000, 0x0000, 0x0000,
    0x0000, 0x0000, 0x0000, 0x0000, 0x0000, 0x0000, 0x0000, 0x0000, 0x0000, 0x0000, 0x0000, 0x0000,
    0x0000, 0x0000, 0x0000, 0x0000, 0x0000, 0x0000, 0x0000, 0x0000, 0x0000, 0x0000, 0x0000, 0x0000,
    0x0000, 0x0000, 0x0000, 0x0000, 0x0020, 0x0841, 0x0000, 0xa534, 0xffff, 0xffdf, 0xffff, 0xffff,
    0xffff, 0xffff, 0xffff, 0xffff, 0xffff, 0xffff, 0xffff, 0xffff, 0xffff, 0xffdf, 0xffff, 0xc618,
    0x630c, 0xffff, 0xffdf, 0xffff, 0xffff, 0xffff, 0xffff, 0xffff, 0xffff, 0xffff, 0xffff, 0xffff,
    0xffff, 0xffff, 0xffff, 0xffff, 0xffdf, 0xffff, 0xe73c, 0xa514, 0x7bef, 0x73ae, 0x94b2, 0xc638,
    0x4a69, 0x0000, 0x0020, 0x0000, 0x0000, 0x0000, 0x0000, 0x0000, 0x0000, 0x0000, 0x0000, 0x0000,
    0x0000, 0x0000, 0x0000, 0x0000, 0x0000, 0x0000, 0x0000, 0x0841, 0x0000, 0x630c, 0xffff, 0xffff,
    0xa514, 0x7bcf, 0xffff, 0xffff, 0xdf1b, 0xdefb, 0xffff, 0xf7be, 0xffff, 0xd6ba, 0x526a, 0xffdf,
    0xffdf, 0xffff, 0xffff, 0xef5d, 0x8430, 0x2124, 0x0000, 0x0000, 0x0000, 0x0000, 0x0000, 0x0000,
    0x0000, 0x0000, 0x0000, 0x0000, 0x0000, 0x0000, 0x0000, 0x0000, 0x0000, 0x0000, 0x0000, 0x0000,
    0x0000, 0x0000, 0x0000, 0x0000, 0x0000, 0x0000, 0x0000, 0x0000, 0x0000, 0x0000, 0x0000, 0x0000,
    0x0000, 0x0000, 0x0000, 0x0000, 0x0000, 0x0000, 0x0020, 0x0020, 0x0020, 0x0000, 0x0000, 0x0000,
    0x0020, 0x0020, 0x0000, 0xbdd7, 0xffff, 0xf7be, 0xffff, 0xffff, 0xffff, 0xffff, 0xffff, 0xffff,
    0xffff, 0xffff, 0xffff, 0xffff, 0xffff, 0xffdf, 0xffff, 0xc618, 0x630c, 0xffff, 0xffdf, 0xffff,
    0xffff, 0xffff, 0xffff, 0xffff, 0xffff, 0xffff, 0xffff, 0xffff, 0xffff, 0xffff, 0xffff, 0xffff,
    0xffff, 0xffdf, 0xffff, 0xffff, 0xffff, 0xffff, 0xffff, 0xffff, 0xe71c, 0x1082, 0x0020, 0x0020,
    0x0000, 0x0000, 0x0000, 0x0000, 0x0000, 0x0000, 0x0000, 0x0000, 0x0000, 0x0000, 0x0000, 0x0000,
    0x0000, 0x0000, 0x0000, 0x0000, 0x0840, 0x0000, 0x8c51, 0xffff, 0x632c, 0xbdd7, 0xffff, 0xffff,
    0xd679, 0xf79e, 0xffff, 0xf7be, 0xffff, 0x8410, 0x8c51, 0xffff, 0xffff, 0xdefb, 0x7bcf, 0x18e3,
    0x0000, 0x0000, 0x0020, 0x0000, 0x0000, 0x0000, 0x0000, 0x0000, 0x0000, 0x0000, 0x0000, 0x0000,
    0x0000, 0x0000, 0x0000, 0x0000, 0x0000, 0x0000, 0x0000, 0x0000, 0x0000, 0x0000, 0x0000, 0x0000,
    0x0000, 0x0000, 0x0000, 0x0020, 0x0020, 0x0000, 0x0000, 0x0000, 0x0000, 0x0000, 0x0000, 0x0000,
    0x0000, 0x0000, 0x0000, 0x0000, 0x0000, 0x0000, 0x0000, 0x0000, 0x0841, 0x1082, 0x18e3, 0xd69a,
    0xffff, 0xffdf, 0xffff, 0xffff, 0xffff, 0xffff, 0xffff, 0xffff, 0xffff, 0xffff, 0xffff, 0xffff,
    0xffff, 0xffdf, 0xffff, 0xc618, 0x630c, 0xffff, 0xffdf, 0xffff, 0xffff, 0xffff, 0xffff, 0xffff,
    0xffff, 0xffff, 0xffff, 0xffff, 0xffff, 0xffff, 0xffff, 0xffff, 0xffff, 0xffff, 0xffff, 0xffdf,
    0xffdf, 0xffdf, 0xf7be, 0xffff, 0x8c51, 0x0000, 0x0841, 0x0020, 0x0000, 0x0000, 0x0000, 0x0000,
    0x0000, 0x0000, 0x0000, 0x0000, 0x0000, 0x0000, 0x0000, 0x0000, 0x0000, 0x0000, 0x0000, 0x0000,
    0x0020, 0x0020, 0x0000, 0xa534, 0x5acb, 0xe71c, 0xffff, 0xf79e, 0xc639, 0xffff, 0xffdf, 0xf7be,
    0xf7be, 0x5acb, 0xef5d, 0xdedb, 0x6b6d, 0x1082, 0x0000, 0x0000, 0x0840, 0x0020, 0x0000, 0x0000,
    0x0000, 0x0000, 0x0000, 0x0000, 0x0000, 0x0000, 0x0000, 0x0000, 0x0000, 0x0000, 0x0000, 0x0000,
    0x0000, 0x0020, 0x0020, 0x0020, 0x0000, 0x0000, 0x0000, 0x0000, 0x0000, 0x0000, 0x0000, 0x0000,
    0x0000, 0x0000, 0x0000, 0x0000, 0x0041, 0x1082, 0x18e3, 0x3186, 0x4228, 0x5acb, 0x6b6d, 0x8410,
    0x8c92, 0xa514, 0xb5b6, 0xce59, 0xd69a, 0xd6bb, 0xe71c, 0xffff, 0xffff, 0xffff, 0xffff, 0xffff,
    0xffff, 0xffff, 0xffff, 0xffff, 0xffff, 0xffff, 0xffff, 0xffff, 0xffff, 0xffff, 0xffff, 0xc618,
    0x630c, 0xffff, 0xffdf, 0xffff
  },
  // THINKING
  {
    0xffff, 0xffff, 0xffff, 0xffff, 0xffff, 0xffff, 0xffff, 0xffff, 0xffff, 0xffff, 0xffff, 0xffff,
    0xffff, 0xffff, 0xffff, 0xffff, 0xffff, 0xffff, 0xffff, 0xffff, 0xffff, 0xffff, 0xffff, 0xffff,
    0xffff, 0xffff, 0xffff, 0xffff, 0xffff, 0xffff, 0xffff, 0xffff, 0xffff, 0xffff, 0xffff, 0xffff,
    0xffff, 0xffff, 0xffff, 0xffff, 0xffff, 0xffff, 0xffff, 0xffff, 0xffff, 0xffff, 0xffff, 0xffff,
    0xffff, 0xffff, 0xffff, 0xffff, 0xffff, 0xffff, 0xffff, 0xffff, 0xffff, 0xffff, 0xffff, 0xffff,
    0xf7be, 0xffff, 0xad55, 0x0000, 0x1082, 0x0000, 0x4208, 0xffff, 0xffdf, 0xffdf, 0xffff, 0xffff,
    0xffff, 0xffff, 0xffff, 0xffff, 0xffff, 0xffff, 0xffff, 0xffff, 0xffff, 0xffff, 0xffff, 0xffff,
    0xffff, 0xffff, 0xffff, 0xffff, 0xffff, 0xffff, 0xffff, 0xffff, 0xffff, 0xffff, 0xffff, 0xffff,
    0xffff, 0xffff, 0xffff, 0xffff, 0xffff, 0xffff, 0xffff, 0xffff, 0xffff, 0xffff, 0xffff, 0xffff,
    0xffff, 0xffff, 0xffff, 0xffff, 0xffff, 0xffff, 0xffff, 0xffff, 0xffff, 0xffff, 0xffff, 0xffff,
    0xffff, 0xffff, 0xffff, 0xffff, 0xffff, 0xffff, 0xffdf, 0xffff, 0xffff, 0xffff, 0xffff, 0xffff,
    0xffff, 0xffff, 0xffff, 0xffff, 0xffff, 0xffff, 0xffff, 0xffff, 0xffff, 0xffff, 0xffff, 0xffff,
    0xffff, 0xffff, 0xffff, 0xffff, 0xffff, 0xffff, 0xffff, 0xffff, 0xffff, 0xffff, 0xffff, 0xffff,
    0xffff, 0xffff, 0xffff, 0xffff, 0xffff, 0xffff, 0xffff, 0xffff, 0xffff, 0xffff, 0xffff, 0xffff,
    0xffff, 0xffff, 0xffff, 0xffff, 0xffff, 0xffff, 0xffff, 0xffff, 0xffff, 0xffff, 0xffff, 0xffff,
    0xffff, 0xffff, 0xffff, 0xffff, 0xffff, 0xffff, 0xffff, 0xffff, 0xffdf, 0xffff, 0x6b4d, 0x0000,
    0x10a2, 0x0000, 0xa534, 0xffff, 0xffdf, 0xffff, 0xffff, 0xffff, 0xffff, 0xffff, 0xffff, 0xffff,
    0xffff, 0xffff, 0xffff, 0xffff, 0xffff, 0xffff, 0xffff, 0xffff, 0xffff, 0xffff, 0xffff, 0xffff,
    0xffff, 0xffff, 0xffff, 0xffff, 0xffff, 0xffff, 0xffff, 0xffff, 0xffff, 0xffff, 0xffff, 0xffff,
    0xffff, 0xffff, 0xffff, 0xffff, 0xffff, 0xffff, 0xffff, 0xffff, 0xffff, 0xffff, 0xffff, 0xffff,
    0xffff, 0xffff, 0xffff, 0xffff, 0xffff, 0xffff, 0xffff, 0xffff, 0xffff, 0xffff, 0xffff, 0xffff,
    0xffff, 0xffff, 0xffdf, 0xffff, 0xffff, 0xffff, 0xffff, 0xffff, 0xffff, 0xffff, 0xffff, 0xffff,
    0xffff, 0xffff, 0xffff, 0xffff, 0xffff, 0xffff, 0xffff, 0xffff, 0xffff, 0xffff, 0xffff, 0xffff,
    0xffff, 0xffff, 0xffff, 0xffff, 0xffff, 0xffff, 0xffff, 0xffff, 0xffff, 0xffff, 0xffff, 0xffff,
    0xffff, 0xffff, 0xffff, 0xffff, 0xffff, 0xffff, 0xffff, 0xffff, 0xffff, 0xffff, 0xffff, 0xffff,
    0xffff, 0xffff, 0xffff, 0xffff, 0xffff, 0xffff, 0xffff, 0xffff, 0xffff, 0xffff, 0xffff, 0xffff,
    0xffff, 0xffff, 0xffff, 0xffff, 0xffff, 0xffff, 0x4a69, 0x0000, 0x0861, 0x10a2, 0xe6fb, 0xffdf,
    0xffdf, 0xffff, 0xffff, 0xffff, 0xffff, 0xffff, 0xffff, 0xffff, 0xffff, 0xffff, 0xffff, 0xffff,
    0xffff, 0xffff, 0xffff, 0xffff, 0xffff, 0xffff, 0xffff, 0xffff, 0xffff, 0xffff, 0xffff, 0xffff,
    0xffff, 0xffff, 0xffff, 0xffff, 0xffff, 0xffff, 0xffff, 0xffff, 0xffff, 0xffff, 0xffff, 0xffff,
    0xffff, 0xffff, 0xffff, 0xffff, 0xffff, 0xffff, 0xffff, 0xffff, 0xffff, 0xffff, 0xffff, 0xffff,
    0xffff, 0xffff, 0xffff, 0xffff, 0xffff, 0xffff, 0xffff, 0xffff, 0xffff, 0xffff, 0xffdf, 0xffff,
    0xffff, 0xffff, 0xffff, 0xffff, 0xffff, 0xffff, 0xffff, 0xffff, 0xffff, 0xffff, 0xffff, 0xffff,
    0xffff, 0xffff, 0xffff, 0xffff, 0xffff, 0xffff, 0xf7ff, 0xffff, 0xffff, 0xffff, 0xffff, 0xffff,
    0xffff, 0xffff, 0xffff, 0xffff, 0xffff, 0xffff, 0xffff, 0xffff, 0xffff, 0xffff, 0xffff, 0xffff,
    0xffff, 0xffff, 0xffff, 0xffff, 0xffff, 0xffff, 0xffff, 0xffff, 0xffff, 0xffff, 0xffff, 0xffff,
    0xffff, 0xffff, 0xffff, 0xffff, 0xffff, 0xffff, 0xffff, 0xffff, 0xffff, 0xffff, 0xffff, 0xffff,
    0xffff, 0xffff, 0x4a49, 0x0000, 0x0020, 0x39a7, 0xffdf, 0xf7be, 0xffdf, 0xffff, 0xffff, 0xffff,
    0xffff, 0xffff, 0xffff, 0xffff, 0xffff, 0xffff, 0xffff, 0xffff, 0xffff, 0xffff, 0xffff, 0xffff,
    0xffff, 0xffff, 0xffff, 0xffff, 0xffff, 0xffff, 0xffff, 0xffff, 0xffff, 0xffff, 0xffff, 0xffff,
    0xffff, 0xffff, 0xffff, 0xffff, 0xffff, 0xffff, 0xffff, 0xffff, 0xffff, 0xffff, 0xffff, 0xffff,
    0xffff, 0xffff, 0xffff, 0xffff, 0xffff, 0xffff, 0xffff, 0xffff, 0xffff, 0xffff, 0xffff, 0xffff,
    0xffff, 0xffff, 0xffff, 0xffff, 0xffff, 0xffff, 0xffdf, 0xffff, 0xffff, 0xffff, 0xffff, 0xffff,
    0xffff, 0xffff, 0xffff, 0xffff, 0xffff, 0xffff, 0xffff, 0xffff, 0xffff, 0xffff, 0xffff, 0xffff,
    0xffff, 0xf7df, 0x971d, 0xffff, 0xffff, 0xffff, 0xffff, 0xffff, 0xffff, 0xffff, 0xffff, 0xffff,
    0xffff, 0xffff, 0xffff, 0xffff, 0xffff, 0xffff, 0xffff, 0xffff, 0xffff, 0xffff, 0xffff, 0xffff,
    0xffff, 0xffff, 0xffff, 0xffff, 0xffff, 0xffff, 0xffff, 0xffff, 0xffff, 0xffff, 0xffff, 0xffff,
    0xffff, 0xffff, 0xffff, 0xffff, 0xffff, 0xffff, 0xffff, 0xffff, 0xf7df, 0xffff, 0x73ae, 0x0000,
    0x0020, 0x4a49, 0xffff, 0xf7be, 0xffdf, 0xffff, 0xffff, 0xffff, 0xffff, 0xffff, 0xffff, 0xffff,
    0xffff, 0xffff, 0xffff, 0xffff, 0xffff, 0xffff, 0xffff, 0xffff, 0xffff, 0xffff, 0xffff, 0xffff,
    0xffff, 0xffff, 0xffff, 0xffff, 0xffff, 0xffff, 0xffff, 0xffff, 0xffff, 0xffff, 0xffff, 0xffff,
    0xffff, 0xffff, 0xffff, 0xffff, 0xffff, 0xffff, 0xffff, 0xffff, 0xffff, 0xffff, 0xffff, 0xffff,
    0xffff, 0xffff, 0xffff, 0xffff, 0xffff, 0xffff, 0xffff, 0xffff, 0xffff, 0xffff, 0xffff, 0xffff,
    0xffff, 0xffff, 0xffdf, 0xffdf, 0xffff, 0xffff, 0xffff, 0xffff, 0xffff, 0xffff, 0xffff, 0xffff,
    0xffff, 0xffff, 0xffff, 0xffff, 0xffff, 0xffff, 0xffff, 0xffff, 0xffff, 0xefdf, 0x4e3b, 0xefdf,
    0xffff, 0xffff, 0xffff, 0xffff, 0xffff, 0xffff, 0xffff, 0xffff, 0xffff, 0xffff, 0xffff, 0xffff,
    0xffff, 0xffff, 0xffff, 0xffff, 0xffff, 0xffff, 0xffff, 0xffff, 0xffff, 0xffff, 0xffff, 0xffff,
    0xffff, 0xffff, 0xffff, 0xffff, 0xffff, 0xffff, 0xffff, 0xffff, 0xffff, 0xffff, 0xffff, 0xffff,
    0xffff, 0xffff, 0xffff, 0xffff, 0xf7be, 0xffff, 0xd69a, 0x0861, 0x0000, 0x528a, 0xffff, 0xf7be,
    0xffdf, 0xffff, 0xffff, 0xffff, 0xffff, 0xffff, 0xffff, 0xffff, 0xffff, 0xffff, 0xffff, 0xffff,
    0xffff, 0xffff, 0xffff, 0xffff, 0xffff, 0xffff, 0xffff, 0xffff, 0xffff, 0xffff, 0xffff, 0xffff,
    0xffff, 0xffff, 0xffff, 0xffff, 0xffff, 0xffff, 0xffff, 0xffff, 0xffff, 0xffff, 0xffff, 0xffff,
    0xffff, 0xffff, 0xffff, 0xffff, 0xffff, 0xffff, 0xffff, 0xffff, 0xffff, 0xffff, 0xffff, 0xffff,
    0xffff, 0xffff, 0xffff, 0xffff, 0xffff, 0xffff, 0xffff, 0xffff, 0xffff, 0xffff, 0xffdf, 0xffdf,
    0xffff, 0xffff, 0xffff, 0xffff, 0xffff, 0xffff, 0xffff, 0xffff, 0xffff, 0xffff, 0xffff, 0xffff,
    0xffff, 0xffff, 0xffff, 0xf7df, 0xffff, 0xc77e, 0x1599, 0xd79e, 0xffff, 0xffff, 0xffff, 0xffff,
    0xffff, 0xffff, 0xffff, 0xffff, 0xffff, 0xffff, 0xffff, 0xffff, 0xffff, 0xffff, 0xffff, 0xffff,
    0xffff, 0xffff, 0xffff, 0xffff, 0xffff, 0xffff, 0xffff, 0xffff, 0xffff, 0xffff, 0xffff, 0xffff,
    0xffff, 0xffff, 0xffff, 0xffff, 0xffff, 0xffff, 0xffff, 0xffff, 0xffff, 0xffff, 0xffff, 0xffff,
    0xffdf, 0xf7be, 0xffff, 0x7bcf, 0x0000, 0x39e7, 0xffff, 0xf79e, 0xf7be, 0xffff, 0xffff, 0xffdf,
    0xffdf, 0xffdf, 0xffdf, 0xffdf, 0xffdf, 0xffff, 0xffff, 0xffff, 0xffff, 0xffff, 0xffff, 0xffff,
    0xffff, 0xffff, 0xffff, 0xffff, 0xffff, 0xffff, 0xffff, 0xffff, 0xffff, 0xffff, 0xffff, 0xffff,
    0xffff, 0xffff, 0xffff, 0xffff, 0xffff, 0xffff, 0xffff, 0xffff, 0xffff, 0xffff, 0xffff, 0xffff,
    0xffff, 0xffff, 0xffff, 0xffff, 0xffff, 0xffff, 0xffff, 0xffff, 0xffff, 0xffff, 0xffff, 0xffff,
    0xffff, 0xffff, 0xffff, 0xffff, 0xffff, 0xffff, 0xffdf, 0xffdf, 0xffff, 0xffff, 0xffff, 0xffff,
    0xffff, 0xffff, 0xffff, 0xffff, 0xffff, 0xffff, 0xffff, 0xffff, 0xffff, 0xffff, 0xffff, 0xf7df,
    0xffff, 0x9efd, 0x0559, 0xb73d, 0xffff, 0xffff, 0xffff, 0xffff, 0xffff, 0xffff, 0xffff, 0xffff,
    0xffff, 0xffff, 0xffff, 0xffff, 0xffff, 0xffff, 0xffff, 0xffff, 0xffff, 0xffff, 0xffff, 0xffff,
    0xffff, 0xffff, 0xffff, 0xffff, 0xffff, 0xffff, 0xffff, 0xffff, 0xffff, 0xffff, 0xffff, 0xffff,
    0xffff, 0xffff, 0xffff, 0xffff, 0xffff, 0xffff, 0xffdf, 0xffdf, 0xffdf, 0xffdf, 0xffff, 0xffff,
    0x4228, 0x0020, 0xe71c, 0xffff, 0xffff, 0xffff, 0xffff, 0xffff, 0xffff, 0xffff, 0xffff, 0xffff,
    0xffff, 0xffff, 0xffff, 0xffff, 0xffdf, 0xffdf, 0xffff, 0xffff, 0xffff, 0xffff, 0xffff, 0xffff,
    0xffff, 0xffff, 0xffff, 0xffff, 0xffff, 0xffff, 0xffff, 0xffff, 0xffff, 0xffff, 0xffff, 0xffff,
    0xffff, 0xffff, 0xffff, 0xffff, 0xffff, 0xffff, 0xffff, 0xffff, 0xffff, 0xffff, 0xffff, 0xffff,
    0xffff, 0xffff, 0xffff, 0xffff, 0xffff, 0xffff, 0xffff, 0xffff, 0xffff, 0xffff, 0xffff, 0xffff,
    0xffff, 0xffff, 0xffdf, 0xffff, 0xffff, 0xffff, 0xffff, 0xffff, 0xffff, 0xffff, 0xffff, 0xffff,
    0xffff, 0xffff, 0xffff, 0xffff, 0xffff, 0xffff, 0xffff, 0xffff, 0xffff, 0x6e7c, 0x461b, 0x767c,
    0xffff, 0xffff, 0xffff, 0xffff, 0xffff, 0xffff, 0xffff, 0xffff, 0xffff, 0xffff, 0xffff, 0xffff,
    0xffff, 0xffff, 0xffff, 0xffff, 0xffff, 0xffff, 0xffff, 0xffff, 0xffff, 0xffff, 0xffff, 0xffff,
    0xffff, 0xffff, 0xffff, 0xffff, 0xffff, 0xffff, 0xffff, 0xffff, 0xffff, 0xffff, 0xffff, 0xffff,
    0xffdf, 0xffff, 0xffff, 0xffff, 0xffff, 0xf7be, 0xdedb, 0xd69a, 0xc618, 0x18e3, 0x8410, 0xad75,
    0x8430, 0x8c71, 0xad75, 0xdeda, 0xd69a, 0xbdf7, 0xbdd7, 0xbdd7, 0xc638, 0xdedb, 0xef7d, 0xffff,
    0xffff, 0xffff, 0xffff, 0xffdf, 0xffdf, 0xffff, 0xffff, 0xffff, 0xffff, 0xffff, 0xffff, 0xffff,
    0xffff, 0xffff, 0xffff, 0xffff, 0xffff, 0xffff, 0xffff, 0xffff, 0xffff, 0xffff, 0xffff, 0xffff,
    0xffff, 0xffff, 0xffff, 0xffff, 0xffff, 0xffff, 0xffff, 0xffff, 0xffff, 0xffff, 0xffff, 0xffff,
    0xffff, 0xffff, 0xffff, 0xffff, 0xffff, 0xffff, 0xffff, 0xffff, 0xffff, 0xffff, 0xffdf, 0xffdf,
    0xffff, 0xffdf, 0xffff, 0xffff, 0xffff, 0xffff, 0xffff, 0xffff, 0xffff, 0xffff, 0xffff, 0xffff,
    0xffff, 0xffff, 0xffff, 0xffff, 0xdfbf, 0x2dda, 0xc75e, 0x2dba, 0xe7bf, 0xffff, 0xf7df, 0xffff,
    0xffff, 0xffff, 0xffff, 0xffff, 0xffff, 0xffff, 0xffff, 0xffff, 0xffff, 0xffff, 0xffff, 0xffff,
    0xffff, 0xffff, 0xffff, 0xffff, 0xffff, 0xffff, 0xffff, 0xffff, 0xffff, 0xffff, 0xffff, 0xffff,
    0xffff, 0xffff, 0xffff, 0xffff, 0xffff, 0xffdf, 0xffdf, 0xffff, 0xffff, 0xf79e, 0xbdd7, 0x7bef,
    0x4a49, 0x2945, 0x2945, 0x39c7, 0x4a69, 0x6b6d, 0x5b0c, 0x4a48, 0x0000, 0x0000, 0x0000, 0x0000,
    0x0000, 0x0000, 0x0000, 0x0000, 0x0000, 0x0861, 0x2104, 0x4208, 0x73ae, 0xad75, 0xe73c, 0xffff,
    0xffff, 0xffff, 0xffdf, 0xffff, 0xffff, 0xffff, 0xffff, 0xffff, 0xffff, 0xffff, 0xffff, 0xffff,
    0xffff, 0xffff, 0xffff, 0xffff, 0xffff, 0xffff, 0xffff, 0xffff, 0xffff, 0xffff, 0xffff, 0xffff,
    0xffff, 0xffff, 0xffff, 0xffff, 0xffff, 0xffff, 0xffff, 0xffff, 0xffff, 0xffff, 0xffff, 0xffff,
    0xffff, 0xffff, 0xffff, 0xffff, 0xffff, 0xffff, 0xffff, 0xffdf, 0xffff, 0xffdf, 0xffff, 0xffff,
    0xffff, 0xffff, 0xffff, 0xffff, 0xffff, 0xffff, 0xffff, 0xffff, 0xffff, 0xffff, 0xffff, 0xffff,
    0x3e1b, 0x4e3b, 0xffff, 0x4e1b, 0x4e3b, 0xffff, 0xffff, 0xffff, 0xffff, 0xffff, 0xffff, 0xffff,
    0xffff, 0xffff, 0xffff, 0xffff, 0xffff, 0xffff, 0xffff, 0xffff, 0xffff, 0xffff, 0xffff, 0xffff,
    0xffff, 0xffff, 0xffff, 0xffff, 0xffff, 0xffff, 0xffff, 0xffff, 0xffff, 0xffff, 0xffff, 0xffdf,
    0xffdf, 0xffff, 0xffff, 0xc638, 0x632c, 0x2124, 0x18e3, 0x18e3, 0x0861, 0x0000, 0x18e3, 0x39c7,
    0x4a69, 0x73ae, 0xa534, 0x9cd3, 0x31a6, 0x10a2, 0x528a, 0x738e, 0x7bef, 0x8410, 0x7bcf, 0x5aeb,
    0x2945, 0x0000, 0x0000, 0x0000, 0x0000, 0x0000, 0x18c3, 0x52aa, 0xa514, 0xef5c, 0xffff, 0xffff,
    0xffdf, 0xffdf, 0xffff, 0xffff, 0xffff, 0xffff, 0xffff, 0xffff, 0xffff, 0xffff, 0xffff, 0xffff,
    0xffff, 0xffff, 0xffff, 0xffff, 0xffff, 0xffff, 0xffff, 0xffff, 0xffff, 0xffff, 0xffff, 0xffff,
    0xffff, 0xffff, 0xffff, 0xffff, 0xffff, 0xffff, 0xffff, 0xffff, 0xffff, 0xffff, 0xffff, 0xffff,
    0xffff, 0xffff, 0xffdf, 0xffdf, 0xffff, 0xffff, 0xffff, 0xffff, 0xffff, 0xffff, 0xffff, 0xffff,
    0xffff, 0xffff, 0xffff, 0xffff, 0xffff, 0xffff, 0xc77e, 0x3dfa, 0x2dba, 0xefbf, 0xf7ff, 0xe7bf,
    0x2dba, 0x461a, 0xc77e, 0xffff, 0xffff, 0xffff, 0xffff, 0xffff, 0xffff, 0xffff, 0xffff, 0xffff,
    0xffff, 0xffff, 0xffff, 0xffff, 0xffff, 0xffff, 0xffff, 0xffff, 0xffff, 0xffff, 0xffff, 0xffff,
    0xffff, 0xffff, 0xffff, 0xffff, 0xffff, 0xffff, 0xffdf, 0xffff, 0xffff, 0xb5b6, 0x4208, 0x2104,
    0x4a69, 0x5acb, 0x39e7, 0x18e3, 0x0841, 0x0020, 0x0000, 0x0000, 0x0000, 0x0000, 0x0020, 0x2965,
    0x0861, 0x18e3, 0x2965, 0x18e3, 0x18e3, 0x2103, 0x3186, 0x5acb, 0x8c51, 0x9492, 0x4a49, 0x0000,
    0x0000, 0x0841, 0x0000, 0x0000, 0x0000, 0x18c3, 0x6b4d, 0xce59, 0xffff, 0xffff, 0xffdf, 0xffff,
    0xffff, 0xffff, 0xffff, 0xffff, 0xffff, 0xffff, 0xffff, 0xffff, 0xffff, 0xffff, 0xffff, 0xffff,
    0xffff, 0xffff, 0xffff, 0xffff, 0xffff, 0xffff, 0xffff, 0xffff, 0xffff, 0xffff, 0xffff, 0xffff,
    0xffff, 0xffff, 0xffff, 0xffff, 0xffff, 0xffff, 0xffff, 0xffff, 0xffff, 0xffff, 0xffdf, 0xffdf,
    0xffff, 0xffff, 0xffff, 0xffff, 0xffff, 0xffff, 0xffff, 0xffff, 0xffff, 0xf7df, 0xd79e, 0xb73e,
    0x869c, 0x461b, 0x2dda, 0x6e7b, 0xefdf, 0xffff, 0xf7ff, 0xffff, 0xefdf, 0x769c, 0x3e1b, 0x565b,
    0x8edd, 0xbf3e, 0xdf9f, 0xf7ff, 0xffff, 0xffff, 0xffff, 0xffff, 0xffff, 0xffff, 0xffff, 0xffff,
    0xffff, 0xffff, 0xffff, 0xffff, 0xffff, 0xffff, 0xffff, 0xffff, 0xffff, 0xffff, 0xffff, 0xffff,
    0xffdf, 0xffff, 0xffff, 0xbdf7, 0x39e7, 0x2945, 0x7bef, 0x94b2, 0x4a69, 0x0861, 0x0000, 0x0000,
    0x0000, 0x0000, 0x0000, 0x0000, 0x0020, 0x0020, 0x0000, 0x0000, 0x0000, 0x0000, 0x0000, 0x0000,
    0x0000, 0x0000, 0x0000, 0x0000, 0x0000, 0x3186, 0x9cd3, 0xad96, 0x39c7, 0x0000, 0x0000, 0x0020,
    0x0000, 0x0000, 0x0000, 0x0020, 0x52aa, 0xce59, 0xffff, 0xffff, 0xffdf, 0xffff, 0xffff, 0xffff,
    0xffff, 0xffff, 0xffff, 0xffff, 0xffff, 0xffff, 0xffff, 0xffff, 0xffff, 0xffff, 0xffff, 0xffff,
    0xffff, 0xffff, 0xffff, 0xffff, 0xffff, 0xffff, 0xffff, 0xffff, 0xffff, 0xffff, 0xffff, 0xffff,
    0xffff, 0xffff, 0xffff, 0xffff, 0xffff, 0xffff, 0xffdf, 0xffdf, 0xffff, 0xffff, 0xffff, 0xffff,
    0xffff, 0xffff, 0xffff, 0xffff, 0xffff, 0xdfbf, 0x8efd, 0x461b, 0x0d79, 0x0559, 0x96dc, 0xffff,
    0xffff, 0xffff, 0xffff, 0xffff, 0xffff, 0xffff, 0x96fd, 0x0d9a, 0x057a, 0x4e1b, 0x96fd, 0xefdf,
    0xffff, 0xffff, 0xffff, 0xffff, 0xffff, 0xffff, 0xffff, 0xffff, 0xffff, 0xffff, 0xffff, 0xffff,
    0xffff, 0xffff, 0xffff, 0xffff, 0xffff, 0xffff, 0xffdf, 0xffdf, 0xffff, 0xdefb, 0x52aa, 0x18e3,
    0x9492, 0xc638, 0x5aeb, 0x0000, 0x0000, 0x0000, 0x0000, 0x0000, 0x0000, 0x0000, 0x0000, 0x0000,
    0x0000, 0x0000, 0x0000, 0x0020, 0x0000, 0x0000, 0x0000, 0x0000, 0x0000, 0x0000, 0x0000, 0x0000,
    0x0020, 0x0000, 0x0000, 0x5aeb, 0xe73c, 0x9cd3, 0x0861, 0x0000, 0x0020, 0x0000, 0x0000, 0x0000,
    0x0000, 0x0841, 0x632c, 0xdefb, 0xffff, 0xffdf, 0xffdf, 0xffff, 0xffff, 0xffff, 0xffff, 0xffff,
    0xffff, 0xffff, 0xffff, 0xffff, 0xffff, 0xffff, 0xffff, 0xffff, 0xffff, 0xffff, 0xffff, 0xffff,
    0xffff, 0xffff, 0xffff, 0xffff, 0xffff, 0xffff, 0xffff, 0xffff, 0xffff, 0xffff, 0xffff, 0xffff,
    0xffff, 0xffff, 0xffdf, 0xffdf, 0xffff, 0xffff, 0xffff, 0xffff, 0xffff, 0xffff, 0xffff, 0xffff,
    0xffff, 0xffff, 0xffff, 0xffff, 0xefdf, 0xa71d, 0x45fa, 0x25b9, 0xbf5d, 0xffff, 0xf7df, 0xffff,
    0xc75e, 0x25ba, 0x35fb, 0x9efd, 0xe7bf, 0xffff, 0xffff, 0xffff, 0xffff, 0xffff, 0xffff, 0xffff,
    0xffff, 0xffff, 0xffff, 0xffff, 0xffff, 0xffff, 0xffff, 0xffff, 0xffff, 0xffff, 0xffff, 0xffff,
    0xffff, 0xffdf, 0xffff, 0xffff, 0x94b2, 0x10a2, 0x630c, 0xf79e, 0xad75, 0x1082, 0x0000, 0x0020,
    0x0000, 0x0000, 0x0000, 0x0000, 0x0000, 0x0000, 0x0000, 0x0000, 0x0000, 0x0000, 0x0000, 0x0000,
    0x0000, 0x0000, 0x0000, 0x0000, 0x0000, 0x0000, 0x0000, 0x0000, 0x0000, 0x0020, 0x0840, 0x0000,
    0x2124, 0xe71c, 0xdedb, 0x31a6, 0x0000, 0x0020, 0x0000, 0x0000, 0x0020, 0x0000, 0x0000, 0x1082,
    0x8c71, 0xffdf, 0xffff, 0xffdf, 0xffff, 0xffff, 0xffff, 0xffff, 0xffff, 0xffff, 0xffff, 0xffff,
    0xffff, 0xffff, 0xffff, 0xffff, 0xffff, 0xffff, 0xffff, 0xffff, 0xffff, 0xffff, 0xffff, 0xffff,
    0xffff, 0xffff, 0xffff, 0xffff, 0xffff, 0xffff, 0xffff, 0xffff, 0xffff, 0xffff, 0xffdf, 0xffdf,
    0xffff, 0xffff, 0xffff, 0xffff, 0xffff, 0xffff, 0xffff, 0xffff, 0xffff, 0xffff, 0xffff, 0xffff,
    0xffff, 0xffff, 0xffff, 0x86bc, 0x0579, 0xc75e, 0xffff, 0xc75e, 0x159a, 0x8efc, 0xffff, 0xffff,
    0xffff, 0xffff, 0xffff, 0xffff, 0xffff, 0xffff, 0xffff, 0xffff, 0xffff, 0xffff, 0xffff, 0xffff,
    0xffff, 0xffff, 0xffff, 0xffff, 0xffff, 0xffff, 0xffff, 0xffff, 0xffdf, 0xffff, 0xe71c, 0x4a49,
    0x2945, 0xc618, 0xffff, 0x632c, 0x0000, 0x0000, 0x0020, 0x0000, 0x0000, 0x0000, 0x0000, 0x0000,
    0x0000, 0x0000, 0x0000, 0x0000, 0x0000, 0x0000, 0x0000, 0x0000, 0x0000, 0x0000, 0x0000, 0x0000,
    0x0000, 0x0000, 0x0000, 0x0000, 0x0000, 0x0000, 0x0000, 0x0841, 0x0000, 0x10a2, 0xdefb, 0xf7be,
    0x6b4c, 0x0000, 0x0020, 0x0020, 0x0000, 0x0000, 0x0020, 0x0000, 0x0000, 0x4228, 0xd6ba, 0xffff,
    0xffbf, 0xffff, 0xffff, 0xffff, 0xffff, 0xffff, 0xffff, 0xffff, 0xffff, 0xffff, 0xffff, 0xffff,
    0xffff, 0xffff, 0xffff, 0xffff, 0xffff, 0xffff, 0xffff, 0xffff, 0xffff, 0xffff, 0xffff, 0xffff,
    0xffff, 0xffff, 0xffff, 0xffff, 0xffff, 0xffff, 0xffdf, 0xffdf, 0xffff, 0xffff, 0xffff, 0xffff,
    0xffff, 0xffff, 0xffff, 0xffff, 0xffff, 0xffff, 0xffff, 0xffff, 0xffdf, 0xf7df, 0xf7ff, 0xffff,
    0x669b, 0x35fa, 0xffff, 0x3e1b, 0x7e9c, 0xffff, 0xf7df, 0xffff, 0xffff, 0xffff, 0xffff, 0xffff,
    0xffff, 0xffff, 0xffff, 0xffff, 0xffff, 0xffff, 0xffff, 0xffff, 0xffff, 0xffff, 0xffff, 0xffff,
    0xffff, 0xffff, 0xffff, 0xffdf, 0xffff, 0xad55, 0x10a2, 0x6b4d, 0xffff, 0xf7be, 0x39c7, 0x0000,
    0x0841, 0x0000, 0x0000, 0x0000, 0x0000, 0x0000, 0x0000, 0x0000, 0x0000, 0x0000, 0x0000, 0x0000,
    0x0000, 0x0000, 0x0000, 0x0000, 0x0000, 0x0000, 0x0000, 0x0000, 0x0000, 0x0000, 0x0000, 0x0000,
    0x0000, 0x0000, 0x0000, 0x0000, 0x0020, 0x0000, 0x2966, 0xf79e, 0xffff, 0x9492, 0x0000, 0x0020,
    0x0020, 0x0000, 0x0000, 0x0000, 0x0020, 0x0000, 0x1082, 0xa534, 0xffff, 0xffdf, 0xffff, 0xffff,
    0xffff, 0xffff, 0xffff, 0xffff, 0xffff, 0xffff, 0xffff, 0xffff, 0xffff, 0xffff, 0xffff, 0xffff,
    0xffff, 0xffff, 0xffff, 0xffff, 0xffff, 0xffff, 0xffff, 0xffff, 0xffff, 0xffff, 0xffff, 0xffff,
    0xffff, 0xffff, 0xffdf, 0xffdf, 0xffff, 0xffff, 0xffff, 0xffff, 0xffff, 0xffff, 0xffff, 0xffff,
    0xffff, 0xffff, 0xffff, 0xffff, 0xffff, 0xffff, 0xffff, 0xffff, 0xe7bf, 0x2dda, 0xaf3e, 0x35fb,
    0xefdf, 0xffff, 0xffff, 0xffff, 0xffff, 0xffff, 0xffff, 0xffff, 0xffff, 0xffff, 0xffff, 0xffff,
    0xffff, 0xffff, 0xffff, 0xffff, 0xffff, 0xffff, 0xffff, 0xffff, 0xffff, 0xffdf, 0xffdf, 0xffff,
    0x7bef, 0x10a2, 0xb596, 0xffff, 0xef5d, 0x3186, 0x0000, 0x0020, 0x0000, 0x0000, 0x0000, 0x0000,
    0x0000, 0x0000, 0x0000, 0x0000, 0x0000, 0x0000, 0x0000, 0x0000, 0x0000, 0x0000, 0x0000, 0x0000,
    0x0000, 0x0000, 0x0000, 0x0000, 0x0000, 0x0000, 0x0000, 0x0000, 0x0000, 0x0000, 0x0000, 0x0000,
    0x0000, 0x0841, 0x0000, 0x738e, 0xffff, 0xffff, 0xa534, 0x0020, 0x0020, 0x0000, 0x0000, 0x0000,
    0x0000, 0x0840, 0x0000, 0x0000, 0x738e, 0xffdf, 0xffff, 0xffdf, 0xffff, 0xffff, 0xffff, 0xffff,
    0xffff, 0xffff, 0xffff, 0xffff, 0xffff, 0xffff, 0xffff, 0xffff, 0xffff, 0xffff, 0xffff, 0xffff,
    0xffff, 0xffff, 0xffff, 0xffff, 0xffff, 0xffff, 0xffff, 0xffff, 0xffff, 0xffff, 0xffdf, 0xffdf,
    0xffff, 0xffff, 0xffff, 0xffff, 0xffff, 0xffff, 0xffff, 0xffff, 0xffff, 0xffff, 0xffff, 0xffff,
    0xffff, 0xffff, 0xffff, 0xffff, 0xffff, 0x663b, 0x2dfb, 0x769c, 0xffff, 0xffff, 0xffff, 0xffff,
    0xffff, 0xffff, 0xffff, 0xffff, 0xffff, 0xffff, 0xffff, 0xffff, 0xffff, 0xffff, 0xffff, 0xffff,
    0xffff, 0xffff, 0xffff, 0xffff, 0xffdf, 0xffff, 0xffff, 0x528a, 0x2965, 0xe71c, 0xffff, 0xf7be,
    0x4208, 0x0000, 0x0841, 0x0020, 0x0000, 0x0000, 0x0000, 0x0000, 0x0000, 0x0000, 0x0000, 0x0000,
    0x0000, 0x0000, 0x0000, 0x0000, 0x0000, 0x0000, 0x0000, 0x0000, 0x0000, 0x0000, 0x0000, 0x0000,
    0x0000, 0x0000, 0x0000, 0x0000, 0x0000, 0x0000, 0x0000, 0x0000, 0x0000, 0x0000, 0x0020, 0x0020,
    0xce79, 0xffff, 0xffff, 0x9cd3, 0x0000, 0x0841, 0x0020, 0x0000, 0x0020, 0x0020, 0x0820, 0x0841,
    0x0000, 0x4a69, 0xef7d, 0xffff, 0xffdf, 0xffff, 0xffff, 0xffff, 0xffff, 0xffff, 0xffff, 0xffff,
    0xffff, 0xffff, 0xffff, 0xffff, 0xffff, 0xffff, 0xffff, 0xffff, 0xffff, 0xffff, 0xffff, 0xffff,
    0xffff, 0xffff, 0xffff, 0xffff, 0xffff, 0xffff, 0xffdf, 0xffdf, 0xffff, 0xffff, 0xffff, 0xffff,
    0xffff, 0xffff, 0xffff, 0xffff, 0xffff, 0xffff, 0xffff, 0xffff, 0xffff, 0xffff, 0xffff, 0xf7df,
    0xffff, 0x9efd, 0x055a, 0xaf3e, 0xffff, 0xf7df, 0xffff, 0xffff, 0xffff, 0xffff, 0xffff, 0xffff,
    0xffff, 0xffff, 0xffff, 0xffff, 0xffff, 0xffff, 0xffff, 0xffff, 0xffff, 0xffff, 0xffff, 0xffdf,
    0xffff, 0xf79e, 0x31a7, 0x4208, 0xf7be, 0xf7be, 0xffff, 0x73ae, 0x0000, 0x0841, 0x0020, 0x0020,
    0x0020, 0x0841, 0x0000, 0x2965, 0x18c3, 0x0000, 0x0000, 0x0000, 0x0000, 0x0000, 0x0000, 0x0000,
    0x0000, 0x0000, 0x0000, 0x0861, 0x0000, 0x0000, 0x0000, 0x0000, 0x0000, 0x0000, 0x0000, 0x0000,
    0x0000, 0x0000, 0x0000, 0x0000, 0x0000, 0x0000, 0x0841, 0x0000, 0x528a, 0xffdf, 0xef5d, 0xffff,
    0x7bef, 0x0000, 0x0021, 0x0020, 0x0020, 0x0000, 0x0000, 0x0000, 0x0841, 0x0000, 0x3186, 0xe71c,
    0xffff, 0xffdf, 0xffff, 0xffff, 0xffff, 0xffff, 0xffff, 0xffff, 0xffff, 0xffff, 0xffff, 0xffff,
    0xffff, 0xffff, 0xffff, 0xffff, 0xffff, 0xffff, 0xffff, 0xffff, 0xffff, 0xffff, 0xffff, 0xffff,
    0xffff, 0xffff, 0xffdf, 0xffff, 0xffff, 0xffff, 0xffff, 0xffff, 0xffff, 0xffff, 0xffff, 0xffff,
    0xffff, 0xffff, 0xffff, 0xffff, 0xffff, 0xffff, 0xffff, 0xf7df, 0xffff, 0xc77e, 0x1dda, 0xe7bf,
    0xffff, 0xffff, 0xffff, 0xffff, 0xffff, 0xffff, 0xffff, 0xffff, 0xffff, 0xffff, 0xffff, 0xffff,
    0xffff, 0xffff, 0xffff, 0xffff, 0xffff, 0xffff, 0xffdf, 0xffff, 0xef7d, 0x2965, 0x52aa, 0xffff,
    0xf7be, 0xffff, 0xb596, 0x0000, 0x0841, 0x0861, 0x0000, 0x0000, 0x0820, 0x0000, 0x4228, 0x630c,
    0x0000, 0x0020, 0x0000, 0x0000, 0x0000, 0x0000, 0x0000, 0x0000, 0x0000, 0x0000, 0x18c3, 0x4208,
    0x0000, 0x0000, 0x0000, 0x0000, 0x0000, 0x0000, 0x0000, 0x0000, 0x0000, 0x0000, 0x0000, 0x0000,
    0x0000, 0x0000, 0x0020, 0x0020, 0x0841, 0xd69a, 0xffff, 0xf79e, 0xffff, 0x4a69, 0x0000, 0x0841,
    0x0020, 0x0000, 0x0000, 0x0000, 0x0000, 0x0020, 0x0000, 0x2945, 0xe71c, 0xffff, 0xf7be, 0xffff,
    0xffff, 0xffff, 0xffff, 0xffff, 0xffff, 0xffff, 0xffff, 0xffff, 0xffff, 0xffff, 0xffff, 0xffff,
    0xffff, 0xffff, 0xffff, 0xffff, 0xffff, 0xffff, 0xffff, 0xffff, 0xffff, 0xffff, 0xffdf, 0xffdf,
    0xffff, 0xffff, 0xffff, 0xffff, 0xffff, 0xffff, 0xffff, 0xffff, 0xffff, 0xffff, 0xffff, 0xffff,
    0xffff, 0xffff, 0xffff, 0xffff, 0xffff, 0xe7df, 0x56bc, 0xf7ff, 0xffff, 0xffff, 0xffff, 0xffff,
    0xffff, 0xffff, 0xffff, 0xffff, 0xffff, 0xffff, 0xffff, 0xffff, 0xffff, 0xffff, 0xffff, 0xffff,
    0xffff, 0xf7de, 0xffff, 0xef7d, 0x2124, 0x630c, 0xffff, 0xf7be, 0xf7be, 0xef5d, 0x39e7, 0x630c,
    0x9492, 0x10a2, 0x0000, 0x0841, 0x0000, 0x2945, 0x9cd3, 0x0841, 0x0020, 0x0020, 0x0020, 0x0000,
    0x0000, 0x0000, 0x0000, 0x0000, 0x0020, 0x0000, 0x4208, 0x632c, 0x0000, 0x0820, 0x0000, 0x0000,
    0x0000, 0x0000, 0x0000, 0x0000, 0x0000, 0x0000, 0x0000, 0x0000, 0x0000, 0x0020, 0x0020, 0x0041,
    0x0000, 0x8c71, 0xffff, 0xf79e, 0xffff, 0xef5d, 0x2124, 0x0000, 0x0020, 0x0020, 0x0000, 0x0000,
    0x0000, 0x0000, 0x0841, 0x0000, 0x2945, 0xe71c, 0xffff, 0xffdf, 0xffff, 0xffff, 0xffff, 0xffff,
    0xffff, 0xffff, 0xffff, 0xffff, 0xffff, 0xffff, 0xffff, 0xffff, 0xffff, 0xffff, 0xffff, 0xffff,
    0xffff, 0xffff, 0xffff, 0xffff, 0xffff, 0xffff, 0xffdf, 0xffdf, 0xffff, 0xffff, 0xffff, 0xffff,
    0xffff, 0xffff, 0xffff, 0xffff, 0xffff, 0xffff, 0xffff, 0xffff, 0xffff, 0xffff, 0xffff, 0xffff,
    0xffff, 0xf7ff, 0xa77e, 0xffff, 0xffff, 0xffff, 0xffff, 0xffff, 0xffff, 0xffff, 0xffff, 0xffff,
    0xffff, 0xffff, 0xffff, 0xffff, 0xffff, 0xffff, 0xffff, 0xffff, 0xffdf, 0xffdf, 0xf79e, 0x2945,
    0x5aeb, 0xffff, 0xf7be, 0xffdf, 0xffff, 0xce79, 0xdedb, 0xef7d, 0x4a49, 0x0000, 0x0020, 0x0020,
    0x0020, 0xad76, 0x31a6, 0x0000, 0x0841, 0x0020, 0x0000, 0x0000, 0x0000, 0x0000, 0x0000, 0x0000,
    0x0841, 0x0000, 0x7bef, 0x6b4d, 0x0000, 0x0841, 0x0000, 0x0000, 0x0000, 0x0000, 0x0000, 0x0000,
    0x0000, 0x0000, 0x0000, 0x0000, 0x0000, 0x0000, 0x0000, 0x0020, 0x0000, 0x4a69, 0xffff, 0xffdf,
    0xf7be, 0xffff, 0xbdd7, 0x0020, 0x0841, 0x0020, 0x0000, 0x0000, 0x0000, 0x0000, 0x0000, 0x0820,
    0x0000, 0x31a6, 0xef7d, 0xffdf, 0xffdf, 0xffff, 0xffff, 0xffff, 0xffff, 0xffff, 0xffff, 0xffff,
    0xffff, 0xffff, 0xffff, 0xffff, 0xffff, 0xffff, 0xffff, 0xffff, 0xffff, 0xffff, 0xffff, 0xffff,
    0xffff, 0xffff, 0xffdf, 0xffdf, 0xffff, 0xffff, 0xffff, 0xffff, 0xffff, 0xffff, 0xffff, 0xffff,
    0xffff, 0xffff, 0xffff, 0xffff, 0xffff, 0xffff, 0xffff, 0xffff, 0xffff, 0xffff, 0xffff, 0xffff,
    0xffff, 0xffff, 0xffff, 0xffff, 0xffff, 0xffff, 0xffff, 0xffff, 0xffff, 0xffff, 0xffff, 0xffff,
    0xffff, 0xffff, 0xffff, 0xffdf, 0xffdf, 0xf7be, 0x31a6, 0x52aa, 0xffff, 0xf7be, 0xffff, 0xffdf,
    0xffdf, 0xffff, 0xef5d, 0x4228, 0x4228, 0x0020, 0x0841, 0x0000, 0x7bef, 0x94b3, 0x0000, 0x8410,
    0x4208, 0x0000, 0x0020, 0x0000, 0x0000, 0x0000, 0x0000, 0x0020, 0x0841, 0x0000, 0xc618, 0x528a,
    0x0000, 0x0841, 0x0000, 0x0000, 0x0000, 0x0000, 0x0000, 0x0000, 0x0000, 0x0000, 0x0000, 0x0000,
    0x0000, 0x0841, 0x2945, 0x0020, 0x0000, 0x2945, 0xef7d, 0xffdf, 0xf7be, 0xf79e, 0xffff, 0x632c,
    0x0000, 0x0020, 0x0000, 0x0000, 0x0000, 0x0000, 0x0000, 0x0000, 0x0841, 0x0000, 0x528a, 0xffff,
    0xffdf, 0xffdf, 0xffff, 0xffff, 0xffff, 0xffff, 0xffff, 0xffff, 0xffff, 0xffff, 0xffff, 0xffff,
    0xffff, 0xffff, 0xffff, 0xffff, 0xffff, 0xffff, 0xffff, 0xffff, 0xffff, 0xffff, 0xffdf, 0xffdf,
    0xffff, 0xffff, 0xffff, 0xffff, 0xffff, 0xffff, 0xffff, 0xffff, 0xffff, 0xffff, 0xffff, 0xffff,
    0xffff, 0xffff, 0xffff, 0xffff, 0xffff, 0xffff, 0xffff, 0xffff, 0xffff, 0xffff, 0xffff, 0xffff,
    0xffff, 0xffff, 0xffff, 0xffff, 0xffff, 0xffff, 0xffff, 0xffff, 0xffff, 0xffff, 0xffdf, 0xffff,
    0xffff, 0x4208, 0x4a6a, 0xffff, 0xffdf, 0xffff, 0x9492, 0xdedb, 0xffff, 0xef5d, 0x3186, 0x0000,
    0x0020, 0x0020, 0x0020, 0x18e3, 0xdedb, 0x18c3, 0x39c7, 0xf7be, 0x2124, 0x18e3, 0x0000, 0x0000,
    0x0000, 0x0000, 0x0000, 0x0020, 0x0000, 0x2945, 0xf79e, 0x2985, 0x0000, 0x0840, 0x0000, 0x0000,
    0x0000, 0x0000, 0x0000, 0x0020, 0x0000, 0x0000, 0x0000, 0x0020, 0x0020, 0xa534, 0xf7be, 0xc618,
    0x39e7, 0x0000, 0xdedb, 0xffff, 0xf7be, 0xffdf, 0xffff, 0xe71c, 0x10a2, 0x0000, 0x0020, 0x0000,
    0x0000, 0x0000, 0x0000, 0x0000, 0x0000, 0x0841, 0x0000, 0x8c51, 0xffff, 0xf7be, 0xffff, 0xffff,
    0xffff, 0xffff, 0xffff, 0xffff, 0xffff, 0xffff, 0xffff, 0xffff, 0xffff, 0xffff, 0xffff, 0xffff,
    0xffff, 0xffff, 0xffff, 0xffff, 0xffff, 0xffff, 0xffdf, 0xffff, 0xffff, 0xffff, 0xffff, 0xffff,
    0xffff, 0xffff, 0xffff, 0xffff, 0xffff, 0xffff, 0xffff, 0xffff, 0xffff, 0xffff, 0xffff, 0xffff,
    0xffff, 0xffff, 0xffff, 0xffff, 0xffff, 0xffff, 0xffff, 0xffff, 0xffff, 0xffff, 0xffff, 0xffff,
    0xffff, 0xffff, 0xffff, 0xffff, 0xffff, 0xffdf, 0xf7be, 0xffff, 0x52aa, 0x4228, 0xffff, 0xf79e,
    0xffff, 0x630c, 0x5aeb, 0xffff, 0xef7d, 0x39c7, 0x0000, 0x0841, 0x0000, 0x0020, 0x0000, 0x8c72,
    0x94b3, 0x0000, 0xad75, 0x94b2, 0x0841, 0x3186, 0x0000, 0x0000, 0x0000, 0x0000, 0x0000, 0x1082,
    0x0020, 0x7bef, 0xf7be, 0x0861, 0x0000, 0x0020, 0x0020, 0x0020, 0x0020, 0x0861, 0x18c3, 0x0000,
    0x9492, 0xad55, 0x0841, 0x0000, 0x2124, 0xffdf, 0xffdf, 0xffff, 0xffdf, 0x5aeb, 0xbdf7, 0xffff,
    0xf7be, 0xffff, 0xf7be, 0xffff, 0x8430, 0x0000, 0x0841, 0x0000, 0x0000, 0x0000, 0x0000, 0x0000,
    0x0000, 0x0020, 0x0020, 0x0020, 0xc618, 0xffff, 0xffdf, 0xffff, 0xffff, 0xffff, 0xffff, 0xffff,
    0xffff, 0xffff, 0xffff, 0xffff, 0xffff, 0xffff, 0xffff, 0xffff, 0xffff, 0xffff, 0xffff, 0xffff,
    0xffff, 0xffff, 0xffdf, 0xffdf, 0xffff, 0xffff, 0xffff, 0xffff, 0xffff, 0xffff, 0xffff, 0xffff,
    0xffff, 0xffff, 0xffff, 0xffff, 0xffff, 0xffff, 0xffff, 0xffff, 0xffff, 0xffff, 0xffff, 0xffff,
    0xdfbe, 0x767b, 0x6e5b, 0xcf7e, 0xffff, 0xffff, 0xffff, 0xffff, 0xffff, 0xffff, 0xffdf, 0xffdf,
    0xffdf, 0xf7be, 0xffff, 0x738e, 0x3186, 0xffbf, 0xffdf, 0xffff, 0x6b6e, 0x0000, 0xd69a, 0xf7be,
    0x4208, 0x0000, 0x0020, 0x0000, 0x0020, 0x0000, 0x0882, 0xc639, 0x2104, 0x0000, 0x6b6d, 0x0861,
    0x0000, 0x0000, 0x0000, 0x0000, 0x0000, 0x0000, 0x0000, 0x1082, 0x0861, 0xd69a, 0xc618, 0x0000,
    0x0020, 0x0020, 0x0020, 0x0020, 0x0000, 0x0841, 0x4a69, 0x0000, 0xc618, 0xffff, 0xb596, 0x0000,
    0x3186, 0xffdf, 0xffff, 0xf7be, 0xffff, 0xf7be, 0xe71c, 0xffff, 0xffdf, 0xffdf, 0xf7be, 0xffdf,
    0xef5d, 0x2104, 0x0000, 0x0000, 0x0000, 0x0000, 0x0000, 0x0000, 0x0000, 0x0000, 0x0820, 0x0000,
    0x3186, 0xf79e, 0xf7be, 0xffdf, 0xffff, 0xffff, 0xffff, 0xffff, 0xffff, 0xffff, 0xffff, 0xffff,
    0xffff, 0xffff, 0xffff, 0xffff, 0xffff, 0xffff, 0xffff, 0xffff, 0xffff, 0xffff, 0xffdf, 0xffff,
    0xffff, 0xffff, 0xffff, 0xffff, 0xffff, 0xffff, 0xffff, 0xffff, 0xffff, 0xffff, 0xffff, 0xffff,
    0xffff, 0xffff, 0xffff, 0xffff, 0xffdf, 0xffdf, 0xffff, 0xe7bf, 0x3dfa, 0x8edc, 0xa6fd, 0x45fa,
    0xd79e, 0xffff, 0xffff, 0xffff, 0xffff, 0xffff, 0xffff, 0xffff, 0xf7be, 0xffff, 0x9492, 0x2124,
    0xf79e, 0xf7be, 0xffff, 0x7bef, 0x0000, 0x39c7, 0xf79e, 0x4a49, 0x0000, 0x0841, 0x0000, 0x0000,
    0x0841, 0x0000, 0x5acb, 0x8c51, 0x0000, 0x0841, 0x0000, 0x0000, 0x0000, 0x0000, 0x0000, 0x0000,
    0x0000, 0x0000, 0x0821, 0x0000, 0x2104, 0xffff, 0x632c, 0x0000, 0x0020, 0x0000, 0x0000, 0x0000,
    0x0000, 0x0000, 0x0020, 0x0000, 0x528a, 0xffff, 0xffff, 0x528a, 0x2104, 0xffff, 0xffff, 0xffdf,
    0xffdf, 0xffff, 0xffff, 0xffdf, 0xffdf, 0xffdf, 0xffdf, 0xffdf, 0xffff, 0x9492, 0x0000, 0x0841,
    0x0020, 0x0020, 0x0000, 0x0000, 0x0000, 0x0000, 0x0000, 0x0841, 0x0000, 0x73ae, 0xffff, 0xffdf,
    0xffff, 0xffff, 0xffff, 0xffff, 0xffff, 0xffff, 0xffff, 0xffff, 0xffff, 0xffff, 0xffff, 0xffff,
    0xffff, 0xffff, 0xffff, 0xffff, 0xffff, 0xffff, 0xffdf, 0xffdf, 0xffff, 0xffff, 0xffff, 0xffff,
    0xffff, 0xffff, 0xffff, 0xffff, 0xffff, 0xffff, 0xffff, 0xffff, 0xffff, 0xffff, 0xffff, 0xffff,
    0xffff, 0xf7df, 0xffff, 0x8edc, 0x869c, 0xffff, 0xffff, 0xb73d, 0x7e9c, 0xffff, 0xffff, 0xffff,
    0xffff, 0xffff, 0xffff, 0xf7be, 0xffff, 0xc618, 0x18c3, 0xe71c, 0xe73c, 0xffff, 0x9492, 0x0000,
    0x0000, 0x5acb, 0x4a69, 0x0000, 0x0841, 0x0000, 0x0000, 0x0000, 0x0020, 0x0000, 0x94b2, 0x3186,
    0x0000, 0x0020, 0x0020, 0x0000, 0x0000, 0x0000, 0x0000, 0x0000, 0x0000, 0x0020, 0x0841, 0x0000,
    0x4a49, 0xf79e, 0x10a2, 0x0020, 0x0020, 0x0000, 0x0000, 0x0000, 0x0000, 0x0000, 0x0020, 0x0841,
    0x0000, 0x8c51, 0xffff, 0xb5b6, 0x0000, 0xdedb, 0xffff, 0xf7be, 0xffdf, 0xffdf, 0xffdf, 0xffff,
    0xffff, 0xffff, 0xffff, 0xffdf, 0xffdf, 0xef7d, 0x2124, 0x0020, 0x0841, 0x0020, 0x0020, 0x0000,
    0x0000, 0x0000, 0x0000, 0x0000, 0x0020, 0x0821, 0xce59, 0xffff, 0xf7be, 0xffff, 0xffff, 0xffff,
    0xffff, 0xffff, 0xffff, 0xffff, 0xffff, 0xffff, 0xffff, 0xffff, 0xffff, 0xffff, 0xffff, 0xffff,
    0xffff, 0xffff, 0xffff, 0xffdf, 0xffff, 0xffff, 0xffff, 0xffff, 0xffff, 0xffff, 0xffff, 0xffff,
    0xffff, 0xffff, 0xffff, 0xffff, 0xffff, 0xffff, 0xffff, 0xffff, 0xffff, 0xf7ff, 0xffff, 0x96dc,
    0x7e7b, 0xffff, 0xffff, 0xaf1d, 0x6e5b, 0xffff, 0xf7df, 0xffdf, 0xffdf, 0xffff, 0xffdf, 0xffdf,
    0xef5d, 0x2124, 0xce59, 0xbdf7, 0xbdd7, 0xc639, 0x0020, 0x0841, 0x0000, 0x0000, 0x0000, 0x0000,
    0x0000, 0x0000, 0x0000, 0x0000, 0x0000, 0x10a2, 0x9492, 0x0000, 0x0020, 0x0020, 0x0020, 0x0000,
    0x0000, 0x0000, 0x0000, 0x0000, 0x0000, 0x0000, 0x0841, 0x0000, 0x8430, 0xad55, 0x0000, 0x0841,
    0x0000, 0x0000, 0x0000, 0x0000, 0x0000, 0x0020, 0x0020, 0x0020, 0x0020, 0x0000, 0x8430, 0xd6ba,
    0x0841, 0x6b4d, 0xffff, 0xf79e, 0xf7bf, 0xffdf, 0xffdf, 0xef7d, 0xffff, 0xffff, 0xffff, 0xffdf,
    0xf79e, 0xffff, 0x8410, 0x0000, 0x0020, 0x0000, 0x0000, 0x0000, 0x0000, 0x0000, 0x0000, 0x0000,
    0x0841, 0x0000, 0x526a, 0xffff, 0xf7be, 0xffff, 0xffff, 0xffff, 0xffff, 0xffff, 0xffff, 0xffff,
    0xffff, 0xffff, 0xffff, 0xffff, 0xffff, 0xffff, 0xffff, 0xffff, 0xffff, 0xffff, 0xffdf, 0xffff,
    0xffff, 0xffff, 0xffff, 0xffff, 0xffff, 0xffff, 0xffff, 0xffff, 0xffff, 0xffff, 0xffff, 0xffff,
    0xffff, 0xffff, 0xffff, 0xffff, 0xffff, 0xffff, 0xffff, 0xefdf, 0x461a, 0x869c, 0x9efd, 0x35ba,
    0xc75e, 0xffff, 0xffff, 0xffff, 0xffff, 0xffdf, 0xffdf, 0xffff, 0x4a69, 0x9cf3, 0xb596, 0x4a69,
    0xf7be, 0x2124, 0x0000, 0x0020, 0x0000, 0x0000, 0x0020, 0x0000, 0x0000, 0x0000, 0x0000, 0x0000,
    0x0000, 0x39e7, 0x630c, 0x0000, 0x0020, 0x0000, 0x0000, 0x0000, 0x0000, 0x0000, 0x0000, 0x0000,
    0x0000, 0x0000, 0x0020, 0x0000, 0xb596, 0x7bef, 0x0861, 0x0000, 0x0020, 0x0000, 0x0000, 0x0000,
    0x0000, 0x0000, 0x0000, 0x0000, 0x0000, 0x0000, 0x0000, 0x3186, 0x4208, 0x0020, 0xce79, 0xffff,
    0xf7be, 0xffff, 0xffff, 0x8c71, 0xe73c, 0xffff, 0xffff, 0xffff, 0xffdf, 0xffff, 0xce79, 0x0020,
    0x0000, 0x0000, 0x0000, 0x0000, 0x0000, 0x0000, 0x0000, 0x0000, 0x0020, 0x0020, 0x0020, 0xc618,
    0xffff, 0xffdf, 0xffff, 0xffff, 0xffff, 0xffff, 0xffff, 0xffff, 0xffff, 0xffff, 0xffff, 0xffff,
    0xffff, 0xffff, 0xffff, 0xffff, 0xffff, 0xffff, 0xffdf, 0xffdf, 0xffff, 0xffff, 0xffff, 0xffff,
    0xffff, 0xffff, 0xffff, 0xffff, 0xffff, 0xffff, 0xffff, 0xffff, 0xffff, 0xffff, 0xffff, 0xffff,
    0xffff, 0xffff, 0xffdf, 0xffff, 0xe7be, 0x7e7b, 0x6e5b, 0xc75d, 0xffff, 0xffff, 0xffff, 0xffff,
    0xffff, 0xf7be, 0xffff, 0x8c92, 0x630c, 0xad55, 0x0000, 0xd6ba, 0x7baf, 0x0000, 0x0841, 0x0000,
    0x0000, 0x0841, 0x0020, 0x0020, 0x0020, 0x0020, 0x0020, 0x0020, 0x0000, 0x4a49, 0x2965, 0x0000,
    0x0020, 0x0000, 0x0000, 0x0000, 0x0000, 0x0000, 0x0000, 0x0000, 0x0000, 0x0020, 0x0000, 0x2945,
    0x9cd3, 0x9cd3, 0x31a6, 0x0000, 0x0820, 0x0020, 0x0000, 0x0000, 0x0000, 0x0000, 0x0000, 0x0000,
    0x0000, 0x0000, 0x0000, 0x0861, 0x528a, 0x0000, 0x2965, 0xe73d, 0xffff, 0xf7be, 0xffff, 0x4228,
    0xad55, 0xffff, 0xef7d, 0xef7d, 0xffff, 0xf7be, 0xffdf, 0x39e7, 0x0000, 0x0841, 0x0000, 0x0000,
    0x0000, 0x0000, 0x0000, 0x0000, 0x0000, 0x0020, 0x0000, 0x4a69, 0xffff, 0xf7be, 0xffdf, 0xffff,
    0xffff, 0xffff, 0xffff, 0xffff, 0xffff, 0xffff, 0xffff, 0xffff, 0xffff, 0xffff, 0xffff, 0xffff,
    0xffff, 0xffff, 0xffdf, 0xffdf, 0xffff, 0xffff, 0xffff, 0xffff, 0xffff, 0xffff, 0xffff, 0xffff,
    0xffff, 0xffff, 0xffff, 0xffff, 0xffff, 0xffff, 0xffff, 0xffff, 0xffff, 0xffff, 0xffff, 0xffdf,
    0xffff, 0xffff, 0xffff, 0xffff, 0xffdf, 0xffdf, 0xffff, 0xffdf, 0xffdf, 0xffff, 0xd69a, 0x4228,
    0x9cf3, 0x18e3, 0x6b2d, 0xd6ba, 0x0020, 0x0020, 0x0020, 0x0000, 0x0861, 0x1082, 0x0000, 0x0020,
    0x0020, 0x0020, 0x0020, 0x0000, 0x4208, 0x4228, 0x0841, 0x0000, 0x0000, 0x0000, 0x0000, 0x0000,
    0x0000, 0x0000, 0x0000, 0x0020, 0x0020, 0x0841, 0x0000, 0x52aa, 0x738e, 0xf79e, 0x4a69, 0x0000,
    0x0020, 0x0000, 0x0000, 0x0000, 0x0000, 0x0000, 0x0000, 0x0000, 0x0000, 0x0000, 0x0020, 0x0000,
    0x5acb, 0x1082, 0x0000, 0x3186, 0xc618, 0xffff, 0xce59, 0x0020, 0x5acb, 0xffff, 0xe71c, 0x634c,
    0xf79e, 0xf79e, 0xffff, 0x8c71, 0x0000, 0x0861, 0x0020, 0x0000, 0x0000, 0x0000, 0x0000, 0x0000,
    0x0000, 0x0020, 0x0841, 0x0020, 0xc638, 0xffff, 0xf7be, 0xffff, 0xffff, 0xffff, 0xffff, 0xffff,
    0xffff, 0xffff, 0xffff, 0xffff, 0xffff, 0xffff, 0xffff, 0xffff, 0xffff, 0xffff, 0xffff, 0xffdf,
    0xffff, 0xffff, 0xffff, 0xffff, 0xffff, 0xffff, 0xffff, 0xffff, 0xffff, 0xffff, 0xffff, 0xffff,
    0xffff, 0xffff, 0xffff, 0xffff, 0xffff, 0xffff, 0xffff, 0xffff, 0xffff, 0xffff, 0xffff, 0xffff,
    0xffff, 0xffdf, 0xffdf, 0xf7bf, 0xf7be, 0xf7be, 0x5acb, 0x5aec, 0x8c71, 0x528a, 0xc618, 0x528a,
    0x0000, 0x0020, 0x0000, 0x0000, 0x2124, 0x0020, 0x0000, 0x0000, 0x0000, 0x0841, 0x0000, 0x4a49,
    0xc618, 0x0861, 0x0020, 0x0020, 0x0000, 0x0000, 0x0000, 0x0000, 0x0000, 0x0000, 0x0020, 0x0020,
    0x0020, 0x0000, 0x0020, 0x3186, 0xa534, 0xffff, 0x7bcf, 0x0000, 0x0020, 0x0000, 0x0000, 0x0000,
    0x0000, 0x0000, 0x0000, 0x0000, 0x0000, 0x0000, 0x0020, 0x0000, 0x4a69, 0x2124, 0x0000, 0x0000,
    0x0021, 0x4228, 0x18c3, 0x0000, 0x18c3, 0xe73c, 0xffff, 0x39e7, 0x4a6a, 0xffff, 0xffde, 0xd6ba,
    0x0861, 0x0020, 0x0820, 0x0020, 0x0020, 0x0000, 0x0000, 0x0000, 0x0000, 0x0000, 0x0841, 0x0000,
    0x5aeb, 0xffff, 0xffdf, 0xffff, 0xffff, 0xffff, 0xffff, 0xffff, 0xffff, 0xffff, 0xffff, 0xffff,
    0xffff, 0xffff, 0xffff, 0xffff, 0xffff, 0xffff, 0xffdf, 0xffff, 0xffff, 0xffdf, 0xffff, 0xffff,
    0xffff, 0xffff, 0xffff, 0xffff, 0xffff, 0xffff, 0xffff, 0xffff, 0xffff, 0xffff, 0xffff, 0xffff,
    0xffff, 0xc75e, 0x5e3b, 0x86bc, 0xffff, 0xffff, 0xffff, 0xffff, 0xffff, 0xffff, 0xffff, 0xffdf,
    0xffff, 0x9cf3, 0x10a2, 0x9472, 0xb5b6, 0x5acb, 0xb596, 0x0000, 0x0841, 0x0020, 0x0000, 0x18e3,
    0x3186, 0x0000, 0x0000, 0x0000, 0x0020, 0x0020, 0x18e3, 0xef5d, 0xbdd7, 0x0000, 0x0861, 0x0820,
    0x0020, 0x0000, 0x0000, 0x0000, 0x0000, 0x0000, 0x0000, 0x0000, 0x0000, 0x0000, 0x0000, 0x2965,
    0xf79e, 0xffff, 0xbdf7, 0x0000, 0x0000, 0x0000, 0x0000, 0x0000, 0x0000, 0x0000, 0x0000, 0x0000,
    0x0000, 0x0000, 0x0020, 0x0000, 0x39e7, 0x39c7, 0x0000, 0x0020, 0x0000, 0x0000, 0x0000, 0x0841,
    0x0000, 0xa534, 0xffff, 0x73ae, 0x0000, 0x8430, 0xffff, 0xffdf, 0x39c7, 0x0000, 0x0020, 0x0000,
    0x0000, 0x0000, 0x0000, 0x0000, 0x0000, 0x0000, 0x0000, 0x0000, 0x1082, 0xe71c, 0xffff, 0xffdf,
    0xffff, 0xffff, 0xffff, 0xffff, 0xffff, 0xffff, 0xffff, 0xffff, 0xffff, 0xffff, 0xffff, 0xffff,
    0xffff, 0xffff, 0xffdf, 0xffff, 0xffff, 0xffff, 0xffff, 0xffff, 0xffff, 0xffff, 0xffff, 0xffff,
    0xffff, 0xffff, 0xffff, 0xffff, 0xffff, 0xffff, 0xffff, 0xffff, 0xefdf, 0x4e1b, 0xdfbf, 0x6e7c,
    0xa6fd, 0xffff, 0xf7df, 0xffff, 0xffff, 0xffff, 0xffdf, 0xffff, 0xf79e, 0x18c3, 0x52aa, 0xffff,
    0x630c, 0x9cd3, 0x4208, 0x0000, 0x0821, 0x0020, 0x0000, 0x4a69, 0x2104, 0x0000, 0x0020, 0x0020,
    0x0020, 0x0000, 0xb596, 0xffff, 0x9cf3, 0x0000, 0x0841, 0x0020, 0x0000, 0x0000, 0x0000, 0x0000,
    0x0000, 0x0000, 0x0000, 0x0000, 0x0020, 0x0841, 0x0000, 0xa514, 0xffff, 0xffdf, 0xf7be, 0x2124,
    0x0000, 0x0841, 0x0000, 0x0000, 0x0000, 0x0000, 0x0000, 0x0000, 0x0000, 0x0020, 0x0020, 0x0000,
    0x2124, 0x4208, 0x0000, 0x0020, 0x0000, 0x0000, 0x0000, 0x0841, 0x0000, 0x5aeb, 0xffff, 0xa514,
    0x0000, 0x0020, 0xb596, 0xffff, 0x738e, 0x0000, 0x0020, 0x0000, 0x0000, 0x0000, 0x0000, 0x0000,
    0x0000, 0x0000, 0x0000, 0x0020, 0x0000, 0x9cd3, 0xffff, 0xf7be, 0xffdf, 0xffff, 0xffff, 0xffff,
    0xffff, 0xffff, 0xffff, 0xffff, 0xffff, 0xffff, 0xffff, 0xffff, 0xffff, 0xffff, 0xffdf, 0xffff,
    0xffff, 0xffff, 0xffff, 0xffff, 0xffff, 0xffff, 0xffff, 0xffff, 0xffff, 0xffff, 0xffff, 0xffff,
    0xffff, 0xffff, 0xffff, 0xffff, 0xefdf, 0x4dfb, 0xb71d, 0x5e1b, 0xa6fd, 0xffff, 0xf7df, 0xffff,
    0xffff, 0xffff, 0xf7be, 0xffff, 0x7bcf, 0x18c3, 0xf79e, 0xe71c, 0x528a, 0x94b3, 0x0000, 0x0000,
    0x0000, 0x0000, 0x0841, 0x5acb, 0x0000, 0x0000, 0x0000, 0x0840, 0x0000, 0x8430, 0xffff, 0xffff,
    0x94b2, 0x0000, 0x0841, 0x0000, 0x0000, 0x0000, 0x0000, 0x0000, 0x0000, 0x0000, 0x0000, 0x0000,
    0x0040, 0x0000, 0x31a6, 0xf7be, 0xf79e, 0xef7d, 0xffff, 0x738e, 0x0000, 0x0861, 0x0020, 0x0000,
    0x0000, 0x0000, 0x0000, 0x0000, 0x0000, 0x0020, 0x0020, 0x0000, 0x10a2, 0x4228, 0x0000, 0x0000,
    0x0000, 0x0000, 0x0000, 0x0020, 0x0000, 0x18c3, 0xf7be, 0xc618, 0x0000, 0x0000, 0x18c3, 0xef7d,
    0xad75, 0x0000, 0x0020, 0x0020, 0x0000, 0x0000, 0x0000, 0x0000, 0x0000, 0x0000, 0x0000, 0x0841,
    0x0000, 0x4a69, 0xffff, 0xf79e, 0xffdf, 0xffff, 0xffff, 0xffff, 0xffff, 0xffff, 0xffff, 0xffff,
    0xffff, 0xffff, 0xffff, 0xffff, 0xffff, 0xffff, 0xffdf, 0xffdf, 0xffff, 0xffff, 0xffff, 0xffff,
    0xffff, 0xffff, 0xffff, 0xffff, 0xffff, 0xffff, 0xffff, 0xffff, 0xffff, 0xffff, 0xffff, 0xffff,
    0xffff, 0xc75e, 0x55fa, 0x9edc, 0xffdf, 0xffdf, 0xffdf, 0xffdf, 0xffdf, 0xffdf, 0xffff, 0xe73c,
    0x10a2, 0xbdd7, 0xffff, 0x94b2, 0x73ae, 0x4a69, 0x0000, 0x0020, 0x0020, 0x0000, 0x2945, 0x4a69,
    0x0000, 0x0020, 0x0020, 0x0000, 0x3186, 0xb5b6, 0x9cf3, 0xc638, 0xa514, 0x0000, 0x0841, 0x0000,
    0x0000, 0x0000, 0x0000, 0x0000, 0x0000, 0x0020, 0x0020, 0x0020, 0x0020, 0x0000, 0xb5b6, 0xffff,
    0xffff, 0xffff, 0xffff, 0xdedb, 0x0841, 0x0020, 0x0000, 0x0000, 0x0000, 0x0000, 0x0000, 0x0000,
    0x0000, 0x0000, 0x0000, 0x0000, 0x0000, 0x39c7, 0x0020, 0x0000, 0x0000, 0x0000, 0x0000, 0x0000,
    0x0000, 0x0000, 0xb5b6, 0xe73c, 0x0841, 0x0020, 0x0000, 0x630c, 0xe71c, 0x0841, 0x0020, 0x0841,
    0x0000, 0x0000, 0x0000, 0x0000, 0x0000, 0x0000, 0x0000, 0x0020, 0x0020, 0x1082, 0xdefb, 0xffff,
    0xffdf, 0xffff, 0xffff, 0xffff, 0xffff, 0xffff, 0xffff, 0xffff, 0xffff, 0xffff, 0xffff, 0xffff,
    0xffff, 0xffff, 0xffdf, 0xffff, 0xffff, 0xffff, 0xffff, 0xffff, 0xffff, 0xffff, 0xffff, 0xffff,
    0xffff, 0xffff, 0xffff, 0xffff, 0xffff, 0xffff, 0xffff, 0xffff, 0xffff, 0xffff, 0xffff, 0xffff,
    0xffdf, 0xffdf, 0xffdf, 0xffdf, 0xf7bf, 0xf7be, 0xffff, 0x7bef, 0x52aa, 0xffff, 0xffdf, 0x6b4d,
    0x7bef, 0x0841, 0x0020, 0x0020, 0x0841, 0x0000, 0x52aa, 0x31c7, 0x0000, 0x0020, 0x0000, 0x0000,
    0x0861, 0x0861, 0x0000, 0x0000, 0x2104, 0x0020, 0x0000, 0x0000, 0x0000, 0x0000, 0x0000, 0x0000,
    0x0000, 0x0000, 0x0020, 0x0841, 0x0000, 0x4208, 0xffdf, 0xd69a, 0x9cb2, 0x6b6d, 0x632c, 0x7bef,
    0x2124, 0x0000, 0x0000, 0x0000, 0x10a2, 0x0000, 0x0000, 0x0000, 0x0000, 0x0000, 0x0000, 0x0000,
    0x0000, 0x2945, 0x0841, 0x0000, 0x0000, 0x0000, 0x0000, 0x0000, 0x0020, 0x0000, 0x6b6d, 0xffff,
    0x18e3, 0x0000, 0x0861, 0x0000, 0xad75, 0x3a07, 0x0000, 0x0841, 0x0020, 0x0000, 0x0000, 0x0000,
    0x0000, 0x0000, 0x0000, 0x0000, 0x0020, 0x0000, 0xa534, 0xffff, 0xffdf, 0xffff, 0xffff, 0xffff,
    0xffff, 0xffff, 0xffff, 0xffff, 0xffff, 0xffff, 0xffff, 0xffff, 0xffff, 0xffff, 0xffdf, 0xffdf,
    0xffff, 0xffff, 0xffff, 0xffff, 0xffff, 0xffff, 0xffff, 0xffff, 0xffff, 0xffff, 0xffff, 0xffff,
    0xffff, 0xffff, 0xffff, 0xffff, 0xffff, 0xffff, 0xffff, 0xffff, 0xffff, 0xffff, 0xffff, 0xffff,
    0xffdf, 0xffdf, 0xf79e, 0x39c7, 0xd69a, 0xffff, 0xd6ba, 0x5aeb, 0x4a8a, 0x0000, 0x0841, 0x0020,
    0x0020, 0x0000, 0x6b6e, 0x18c3, 0x0000, 0x0021, 0x0000, 0x5aab, 0xc618, 0xd6ba, 0xd69a, 0x94b2,
    0x4a69, 0x0840, 0x0020, 0x0020, 0x0000, 0x0000, 0x0000, 0x0000, 0x0000, 0x0000, 0x0000, 0x0841,
    0x0000, 0xce59, 0xe71c, 0x632c, 0x528a, 0x4208, 0x2945, 0x1082, 0x0000, 0x0000, 0x0020, 0x0000,
    0x4a29, 0x3186, 0x0000, 0x0020, 0x0000, 0x0000, 0x0000, 0x0000, 0x0000, 0x10a2, 0x0861, 0x0000,
    0x0000, 0x0000, 0x0000, 0x0000, 0x0020, 0x0000, 0x3186, 0xffff, 0x4a49, 0x0000, 0x0861, 0x0000,
    0x4a49, 0x634c, 0x0000, 0x0020, 0x0000, 0x0000, 0x0000, 0x0000, 0x0000, 0x0000, 0x0000, 0x0000,
    0x0020, 0x0000, 0x6b6d, 0xffff, 0xffdf, 0xffdf, 0xffff, 0xffff, 0xffff, 0xffff, 0xffff, 0xffff,
    0xffff, 0xffff, 0xffff, 0xffff, 0xffff, 0xffff, 0xffdf, 0xffdf, 0xffff, 0xffff, 0xffff, 0xffff,
    0xffff, 0xffff, 0xffff, 0xffff, 0xffff, 0xffff, 0xffff, 0xffff, 0xffff, 0xffff, 0xffff, 0xffff,
    0xffff, 0xffff, 0xffff, 0xffff, 0xffff, 0xffff, 0xffff, 0xffff, 0xffdf, 0xffff, 0xa514, 0x5aeb,
    0xffff, 0xffff, 0xa514, 0x4a8a, 0x18c3, 0x0000, 0x0020, 0x0020, 0x0000, 0x0861, 0x8430, 0x0020,
    0x0841, 0x0000, 0x2124, 0xf79e, 0xffff, 0xffff, 0xffff, 0xffff, 0xf7be, 0x18e3, 0x0000, 0x0020,
    0x0000, 0x0000, 0x0000, 0x0000, 0x0000, 0x0000, 0x0020, 0x0000, 0x632c, 0xffff, 0xffde, 0xffff,
    0xffff, 0xffff, 0xffff, 0xef5d, 0xbdf7, 0x2965, 0x0020, 0x0020, 0x2104, 0x3186, 0x0000, 0x0020,
    0x0000, 0x0000, 0x0000, 0x0000, 0x0000, 0x0841, 0x0020, 0x0000, 0x0000, 0x0000, 0x0000, 0x0000,
    0x0020, 0x0020, 0x0841, 0xef3d, 0x7bef, 0x0000, 0x0861, 0x0020, 0x0861, 0x39e7, 0x0000, 0x0000,
    0x0000, 0x0000, 0x0000, 0x0000, 0x0000, 0x0000, 0x0000, 0x0000, 0x0000, 0x0000, 0x39e7, 0xffff,
    0xffdf, 0xffdf, 0xffff, 0xffff, 0xffff, 0xffff, 0xffff, 0xffff, 0xffff, 0xffff, 0xffff, 0xffff,
    0xffff, 0xffff, 0xffdf, 0xffff, 0xffff, 0xffff, 0xffff, 0xffff, 0xffff, 0xffff, 0xffff, 0xffff,
    0xffff, 0xffff, 0xffff, 0xffff, 0xffff, 0xffff, 0xffff, 0xffff, 0xffff, 0xffff, 0xffff, 0xffff,
    0xffff, 0xffff, 0xffff, 0xffff, 0xffff, 0xffff, 0x630c, 0xbdd7, 0xffff, 0xffff, 0x6b6d, 0x2965,
    0x0000, 0x0000, 0x0000, 0x0000, 0x0000, 0x2104, 0x73ae, 0x0000, 0x0841, 0x0000, 0xa534, 0xffff,
    0xf79e, 0xffff, 0xffdf, 0xf7be, 0xffff, 0x4208, 0x0000, 0x18c3, 0x0000, 0x0000, 0x0000, 0x0000,
    0x0000, 0x0020, 0x0020, 0x18c3, 0xe71c, 0xffdf, 0xffff, 0xffff, 0xffdf, 0xffdf, 0xffdf, 0xffdf,
    0xffff, 0xb596, 0x0000, 0x0000, 0x0841, 0x6b6d, 0x0841, 0x0000, 0x0000, 0x0000, 0x0000, 0x0000,
    0x0000, 0x0000, 0x0000, 0x0000, 0x0000, 0x0000, 0x0000, 0x0000, 0x0000, 0x0841, 0x0000, 0xb596,
    0xb5b6, 0x0000, 0x0841, 0x0000, 0x0000, 0x0000, 0x0000, 0x0000, 0x0000, 0x0000, 0x0000, 0x0000,
    0x0000, 0x0000, 0x0000, 0x0000, 0x0000, 0x0000, 0x18c3, 0xef5d, 0xffdf, 0xf7be, 0xffff, 0xffff,
    0xffff, 0xffff, 0xffff, 0xffff, 0xffff, 0xffff, 0xffff, 0xffff, 0xffff, 0xffff, 0xffdf, 0xffff,
    0xffff, 0xffff, 0xffff, 0xffff, 0xffff, 0xffff, 0xffff, 0xffff, 0xffff, 0xffff, 0xffff, 0xffff,
    0xffff, 0xffff, 0xffff, 0xffff, 0xffff, 0xffff, 0xffff, 0xffff, 0xffff, 0xffff, 0xffff, 0xffdf,
    0xffff, 0xe75c, 0x52aa, 0xf79e, 0xf79e, 0xef5d, 0x39c7, 0x0841, 0x0000, 0x0000, 0x0000, 0x0020,
    0x0000, 0x39e7, 0x73ae, 0x0000, 0x0000, 0x3186, 0xffdf, 0xffff, 0xffdf, 0xffff, 0xffff, 0xf7be,
    0xffff, 0x7bcf, 0x0000, 0x5aeb, 0x1082, 0x0000, 0x0000, 0x0000, 0x0000, 0x0020, 0x0000, 0x8410,
    0xffff, 0xf79e, 0xffdf, 0xffff, 0xffff, 0xffdf, 0xffff, 0xffff, 0xf7be, 0xffff, 0x5289, 0x0000,
    0x0000, 0xb596, 0x738e, 0x0000, 0x0020, 0x0000, 0x0000, 0x0000, 0x0000, 0x0000, 0x0000, 0x0000,
    0x0000, 0x0000, 0x0000, 0x0000, 0x0000, 0x0841, 0x0000, 0x73ae, 0xef5d, 0x0841, 0x0000, 0x0000,
    0x0000, 0x0000, 0x0000, 0x0000, 0x0000, 0x0000, 0x0000, 0x0000, 0x0000, 0x0020, 0x0861, 0x0000,
    0x0000, 0x0020, 0x0841, 0xce59, 0xffff, 0xf7be, 0xffff, 0xffff, 0xffff, 0xffff, 0xffff, 0xffff,
    0xffff, 0xffff, 0xffff, 0xffff, 0xffff, 0xffff, 0xffdf, 0xffdf, 0xffff, 0xffff, 0xffff, 0xffff,
    0xffff, 0xffff, 0xffff, 0xffff, 0xffff, 0xffff, 0xffff, 0xffff, 0xffff, 0xffff, 0xffff, 0xffff,
    0xffff, 0xffff, 0xffff, 0xffff, 0xffff, 0xffff, 0xffff, 0xf7be, 0xffff, 0xb5b6, 0x6b4d, 0xffff,
    0xf7be, 0xce79, 0x1082, 0x0020, 0x0000, 0x0000, 0x0000, 0x0020, 0x0000, 0x528a, 0x738e, 0x0000,
    0x0000, 0xa534, 0xffff, 0xf7be, 0xffdf, 0xffff, 0xffff, 0xf7be, 0xffff, 0xc638, 0x0000, 0x8430,
    0x5aeb, 0x0000, 0x0020, 0x0000, 0x0020, 0x0000, 0x10a2, 0xe73c, 0xffff, 0xffdf, 0xffdf, 0xffff,
    0xffff, 0xffff, 0xffff, 0xffff, 0xf7be, 0xffff, 0xe71c, 0x18e3, 0x0000, 0x5acb, 0xe71c, 0x0841,
    0x0020, 0x0020, 0x0000, 0x0000, 0x0000, 0x0000, 0x0000, 0x0000, 0x0000, 0x0000, 0x0000, 0x0000,
    0x0000, 0x0020, 0x0000, 0x4208, 0xffff, 0x39e7, 0x0000, 0x0020, 0x0000, 0x0000, 0x0000, 0x0000,
    0x0000, 0x0000, 0x0000, 0x0000, 0x0000, 0x0000, 0x1082, 0x0020, 0x1082, 0x0841, 0x0000, 0xa534,
    0xffff, 0xf7be, 0xffff, 0xffff, 0xffff, 0xffff, 0xffff, 0xffff, 0xffff, 0xffff, 0xffff, 0xffff,
    0xffff, 0xffff, 0xffdf, 0xffdf, 0xffff, 0xffff, 0xffff, 0xffff, 0xffff, 0xffff, 0xffff, 0xffff,
    0xffff, 0xffff, 0xffff, 0xffff, 0xffff, 0xffff, 0xffff, 0xffff, 0xffff, 0xffff, 0xffff, 0xffff,
    0xffff, 0xffff, 0xffff, 0xf7be, 0xffff, 0x8c51, 0x9492, 0xffff, 0xffff, 0x9cf3, 0x0000, 0x0841,
    0x0020, 0x0020, 0x0020, 0x0840, 0x0000, 0x5acb, 0x6b6d, 0x0000, 0x31a6, 0xf79e, 0xf7be, 0xffff,
    0xffff, 0xef7d, 0xe73c, 0xffff, 0xf7be, 0xffff, 0x3186, 0x52aa, 0xd6ba, 0x0020, 0x0020, 0x0841,
    0x0841, 0x0000, 0x5acb, 0xffff, 0xffff, 0xffff, 0xffff, 0xffff, 0xffff, 0xffff, 0xffff, 0xffff,
    0xffff, 0xf7be, 0xffff, 0xad75, 0x0000, 0x0861, 0xef5d, 0x7bef, 0x0000, 0x0841, 0x0000, 0x0000,
    0x0000, 0x0000, 0x0000, 0x0000, 0x0000, 0x0000, 0x0000, 0x0020, 0x0020, 0x0020, 0x0000, 0x18c3,
    0xf7be, 0x7bef, 0x0000, 0x0041, 0x0000, 0x0000, 0x0000, 0x0000, 0x0000, 0x0000, 0x0000, 0x0000,
    0x0000, 0x0000, 0x0020, 0x0020, 0x31a6, 0x2104, 0x0000, 0x8410, 0xffff, 0xf7be, 0xffff, 0xffff,
    0xffff, 0xffff, 0xffff, 0xffff, 0xffff, 0xffff, 0xffff, 0xffff, 0xffff, 0xffff, 0xffff, 0xffdf,
    0xffff, 0xffff, 0xffff, 0xffff, 0xffff, 0xffff, 0xffff, 0xffff, 0xffff, 0xffff, 0xffff, 0xffff,
    0xffff, 0xffff, 0xffff, 0xffff, 0xffff, 0xffff, 0xffff, 0xffff, 0xffff, 0xffff, 0xffff, 0xf7be,
    0xffff, 0x73ae, 0xa534, 0xffff, 0xffff, 0x6b6d, 0x0000, 0x0841, 0x0020, 0x0000, 0x0020, 0x0020,
    0x0000, 0x52aa, 0x632c, 0x0000, 0xa514, 0xffff, 0xe73c, 0xa534, 0xce79, 0xdedb, 0xb5b6, 0xad55,
    0xf7be, 0xffff, 0xc618, 0x2104, 0xffff, 0x9491, 0x0000, 0x0861, 0x0841, 0x0000, 0x5aeb, 0xffff,
    0xffdf, 0xffff, 0xffff, 0xffdf, 0xffff, 0xffff, 0xef5d, 0xe73c, 0xef7d, 0xf7be, 0xf79e, 0xffff,
    0x9492, 0x0000, 0x8c51, 0xffdf, 0x2104, 0x0000, 0x0020, 0x0000, 0x0000, 0x0000, 0x0000, 0x0000,
    0x0000, 0x0000, 0x0000, 0x0000, 0x0000, 0x0000, 0x0000, 0x0000, 0xd69a, 0xce59, 0x0000, 0x0020,
    0x0020, 0x0000, 0x0000, 0x0000, 0x0000, 0x0000, 0x0000, 0x0000, 0x0000, 0x0000, 0x0000, 0x0000,
    0x39e7, 0x4a69, 0x0000, 0x632c, 0xffff, 0xf7be, 0xffff, 0xffff, 0xffff, 0xffff, 0xffff, 0xffff,
    0xffff, 0xffff, 0xffff, 0xffff, 0xffff, 0xffff, 0xffdf, 0xffff, 0xffff, 0xffff, 0xffff, 0xffff,
    0xffff, 0xffff, 0xffff, 0xffff, 0xffff, 0xffff, 0xffff, 0xffff, 0xffff, 0xffff, 0xffff, 0xffff,
    0xffff, 0xffff, 0xffff, 0xffff, 0xffff, 0xffff, 0xffdf, 0xf7be, 0xffff, 0x738d, 0xad75, 0xffff,
    0xffff, 0x4228, 0x0000, 0x0020, 0x0000, 0x0000, 0x0000, 0x0020, 0x0000, 0x4a69, 0x52aa, 0x0861,
    0xef7d, 0xd69a, 0x738e, 0x0000, 0x0861, 0x2945, 0x9cd3, 0xbdf7, 0xa534, 0xffdf, 0xffff, 0x7bef,
    0x9cb3, 0xffff, 0x630c, 0x0000, 0x0861, 0x0000, 0x4a49, 0xffff, 0xffdf, 0xffdf, 0xffdf, 0xffdf,
    0xbdd7, 0x7bcf, 0x94d2, 0xb596, 0xbdf7, 0xdedb, 0xffff, 0xffff, 0xffff, 0x8430, 0x10a2, 0xf7be,
    0xc618, 0x0020, 0x0841, 0x0020, 0x0000, 0x0000, 0x0000, 0x0000, 0x0000, 0x0000, 0x0000, 0x0000,
    0x0000, 0x0000, 0x0841, 0x0000, 0x8c71, 0xffdf, 0x2945, 0x0000, 0x0020, 0x0000, 0x0000, 0x0000,
    0x0000, 0x0000, 0x0000, 0x0000, 0x0000, 0x0000, 0x0000, 0x0000, 0x18e3, 0x738e, 0x0000, 0x526a,
    0xffff, 0xffdf, 0xffff, 0xffff, 0xffff, 0xffff, 0xffff, 0xffff, 0xffff, 0xffff, 0xffff, 0xffff,
    0xffff, 0xffff, 0xffdf, 0xffff, 0xffff, 0xffff, 0xffff, 0xffff, 0xffff, 0xffff, 0xffff, 0xffff,
    0xffff, 0xffff, 0xffff, 0xffff, 0xffff, 0xffff, 0xffff, 0xffff, 0xffff, 0xffff, 0xffff, 0xffff,
    0xffff, 0xffff, 0xffff, 0xf7be, 0xffff, 0x6b6d, 0xad75, 0xffff, 0xf7be, 0x3186, 0x0000, 0x0020,
    0x0020, 0x0000, 0x0000, 0x0020, 0x0000, 0x4208, 0x4228, 0x52aa, 0xdedb, 0x2945, 0x0000, 0x0000,
    0x0000, 0x0000, 0x0000, 0x6b4d, 0xce59, 0xef5d, 0xffff, 0xf7be, 0xb5b6, 0xf7be, 0xffff, 0x7bef,
    0x0020, 0x0000, 0x2124, 0xffff, 0xffff, 0xffdf, 0xffff, 0xe71c, 0xad76, 0xe73c, 0xce59, 0x9cf3,
    0x8410, 0x8430, 0xad75, 0xe73d, 0xffff, 0xffff, 0x8c71, 0x6b4d, 0xffff, 0x7bef, 0x0000, 0x0020,
    0x0000, 0x0000, 0x0000, 0x0000, 0x0000, 0x0000, 0x0000, 0x0000, 0x0000, 0x0000, 0x0841, 0x0000,
    0x39e7, 0xffff, 0x7bef, 0x0000, 0x0020, 0x0000, 0x0000, 0x0000, 0x0000, 0x0000, 0x0000, 0x0000,
    0x0000, 0x0000, 0x0000, 0x0000, 0x0000, 0x7bcf, 0x0000, 0x4208, 0xffff, 0xffff, 0xffff, 0xffff,
    0xffff, 0xffff, 0xffff, 0xffff, 0xffff, 0xffff, 0xffff, 0xffff, 0xffff, 0xffff, 0xffff, 0xffdf,
    0xffff, 0xffff, 0xffff, 0xffff, 0xffff, 0xffff, 0xffff, 0xffff, 0xffff, 0xffff, 0xffff, 0xffff,
    0xffff, 0xffff, 0xffff, 0xffff, 0xffff, 0xffff, 0xffff, 0xffff, 0xffff, 0xffff, 0xffff, 0xf7be,
    0xffff, 0x7bef, 0x9cf3, 0xffff, 0xe71c, 0x10a2, 0x0000, 0x0020, 0x0000, 0x0000, 0x0000, 0x0020,
    0x0000, 0x2945, 0x528a, 0xb596, 0x7c10, 0x0000, 0x0000, 0x52aa, 0x738e, 0x0020, 0x0021, 0x0000,
    0x94b2, 0xffff, 0xf7be, 0xffff, 0xffff, 0xffff, 0xffdf, 0xffff, 0xbdf7, 0x4228, 0x0000, 0x9cd3,
    0xffff, 0xf79e, 0xffdf, 0xef7d, 0xc639, 0x528a, 0x0020, 0x0000, 0x0000, 0x0000, 0x0000, 0x18e3,
    0x6b6d, 0xbdf7, 0xffdf, 0xad55, 0xb5b7, 0xffff, 0x528a, 0x0000, 0x0841, 0x0000, 0x0000, 0x0000,
    0x0000, 0x0000, 0x0000, 0x0000, 0x0000, 0x0000, 0x0020, 0x0000, 0x0861, 0xe73c, 0xd6ba, 0x0020,
    0x0000, 0x0000, 0x0000, 0x0000, 0x0000, 0x0000, 0x0000, 0x0000, 0x0000, 0x0000, 0x0000, 0x0000,
    0x0000, 0x632c, 0x18e3, 0x31a6, 0xffff, 0xffff, 0xffff, 0xffff, 0xffff, 0xffff, 0xffff, 0xffff,
    0xffff, 0xffff, 0xffff, 0xffff, 0xffff, 0xffff, 0xffff, 0xffdf, 0xffff, 0xffff, 0xffff, 0xffff,
    0xffff, 0xffff, 0xffff, 0xffff, 0xffff, 0xffff, 0xffff, 0xffff, 0xffff, 0xffff, 0xffff, 0xffff,
    0xffff, 0xffff, 0xffff, 0xffff, 0xffff, 0xffff, 0xffff, 0xf7be, 0xffff, 0x9d13, 0x73ae, 0xffff,
    0xce9a, 0x0841, 0x0000, 0x0000, 0x0000, 0x0000, 0x0000, 0x0000, 0x0000, 0x1082, 0x39c7, 0x5aeb,
    0x2104, 0x0000, 0x6b6d, 0xf7be, 0x4228, 0x0861, 0x0841, 0x0020, 0x2104, 0xf79e, 0xffdf, 0xffdf,
    0xffff, 0xffff, 0xffff, 0xffdf, 0xffff, 0xffff, 0xc618, 0x9cf3, 0xf7be, 0xf7bf, 0xffdf, 0xce79,
    0x31a7, 0x0000, 0x0841, 0x0000, 0x0000, 0x0000, 0x0020, 0x0000, 0x0000, 0x0000, 0x8410, 0xffff,
    0xef7d, 0xf7be, 0xffdf, 0x4208, 0x0000, 0x0841, 0x0020, 0x0000, 0x0000, 0x0000, 0x0000, 0x0000,
    0x0000, 0x0000, 0x0000, 0x0020, 0x0000, 0x8c71, 0xffff, 0x4228, 0x0000, 0x0841, 0x0000, 0x0000,
    0x0000, 0x0000, 0x0000, 0x0000, 0x0000, 0x0000, 0x0000, 0x0020, 0x0000, 0x4a29, 0x39c7, 0x2945,
    0xffff, 0xffff, 0xffff, 0xffff, 0xffff, 0xffff, 0xffff, 0xffff, 0xffff, 0xffff, 0xffff, 0xffff,
    0xffff, 0xffff, 0xffdf, 0xffdf, 0xffff, 0xffff, 0xffff, 0xffff, 0xffff, 0xffff, 0xffff, 0xffff,
    0xffff, 0xffff, 0xffff, 0xffff, 0xffff, 0xffff, 0xffff, 0xffff, 0xffff, 0xffff, 0xffff, 0xffff,
    0xffff, 0xffff, 0xffff, 0xffdf, 0xffff, 0xdefb, 0x52aa, 0xffff, 0xce59, 0x0000, 0x0841, 0x18e3,
    0x0000, 0x0000, 0x0000, 0x0000, 0x0000, 0x0000, 0x1082, 0x5b0b, 0x0020, 0x2104, 0xffff, 0x94d2,
    0xb596, 0x632c, 0x0000, 0x1082, 0x2124, 0xce59, 0xffff, 0xffdf, 0xffff, 0xffff, 0xffff, 0xffff,
    0xffdf, 0xffdf, 0xffff, 0xffff, 0xffdf, 0xffdf, 0xffff, 0xbdf7, 0x2945, 0x4208, 0x0000, 0x0020,
    0x0020, 0x0000, 0x1082, 0x632c, 0x18e3, 0x0000, 0x0000, 0x5acb, 0xef7e, 0xffff, 0xffdf, 0xef5d,
    0x31c6, 0x0000, 0x0020, 0x0000, 0x0000, 0x0000, 0x0000, 0x0000, 0x0000, 0x0000, 0x0000, 0x0020,
    0x0000, 0x39e7, 0xffff, 0xb5b6, 0x0000, 0x0841, 0x0020, 0x0000, 0x0000, 0x0000, 0x0000, 0x0000,
    0x0000, 0x0000, 0x0000, 0x0020, 0x0000, 0x3186, 0x52aa, 0x2124, 0xffdf, 0xffff, 0xffff, 0xffff,
    0xffff, 0xffff, 0xffff, 0xffff, 0xffff, 0xffff, 0xffff, 0xffff, 0xffff, 0xffff, 0xffdf, 0xffff,
    0xffff, 0xffff, 0xffff, 0xffff, 0xffff, 0xffff, 0xffff, 0xffff, 0xffff, 0xffff, 0xffff, 0xffff,
    0xffff, 0xffff, 0xffff, 0xffff, 0xffff, 0xffff, 0xffff, 0xffff, 0xffff, 0xffff, 0xffff, 0xffff,
    0xffdf, 0xffff, 0x6b6d, 0xc638, 0xd6ba, 0x0000, 0x18c3, 0x632c, 0x0000, 0x0020, 0x0000, 0x0000,
    0x0000, 0x0020, 0x0000, 0xbdf8, 0x39e7, 0x630c, 0xffff, 0x52aa, 0x4228, 0x2124, 0x0000, 0x0020,
    0x738e, 0xce7a, 0xffff, 0xffdf, 0xffff, 0xffff, 0xffff, 0xffff, 0xffff, 0xffff, 0xffdf, 0xffff,
    0xffff, 0xffff, 0xef7d, 0x8c71, 0xbdf7, 0xa514, 0x94b2, 0x0000, 0x0020, 0x0841, 0x0000, 0x9492,
    0xe71c, 0x4a49, 0x0000, 0x0000, 0x2145, 0xbdf7, 0xef7d, 0xffff, 0xef5d, 0x39e7, 0x0000, 0x0020,
    0x0000, 0x0000, 0x0000, 0x0000, 0x0000, 0x0000, 0x0000, 0x0020, 0x0841, 0x0841, 0xce79, 0xffff,
    0x4228, 0x0000, 0x0840, 0x0020, 0x0000, 0x0000, 0x0000, 0x0000, 0x0000, 0x0000, 0x0000, 0x0000,
    0x0000, 0x10a2, 0x528a, 0x2945, 0xffdf, 0xffff, 0xffff, 0xffff, 0xffff, 0xffff, 0xffff, 0xffff,
    0xffff, 0xffff, 0xffff, 0xffff, 0xffff, 0xffff, 0xffdf, 0xffdf, 0xffff, 0xffff, 0xffff, 0xffff,
    0xffff, 0xffff, 0xffff, 0xffff, 0xffff, 0xffff, 0xffff, 0xffff, 0xffff, 0xffff, 0xffff, 0xffff,
    0xffff, 0xffff, 0xffff, 0xffff, 0xffff, 0xffff, 0xffff, 0xffff, 0xffdf, 0xffff, 0xd6ba, 0x738e,
    0xce59, 0x0000, 0x3186, 0x9492, 0x0000, 0x0020, 0x0000, 0x0000, 0x0020, 0x0841, 0x0000, 0xa534,
    0x7bef, 0x8430, 0xffff, 0x39c7, 0x0000, 0x0000, 0x0820, 0x0000, 0x8c71, 0xffff, 0xf7be, 0xffdf,
    0xffdf, 0xffdf, 0xffff, 0xffff, 0xffff, 0xffff, 0xffff, 0xffff, 0xffff, 0xffff, 0xef7d, 0xffff,
    0x9cf3, 0x5aeb, 0x94b2, 0x0000, 0x0020, 0x0841, 0x0000, 0x528a, 0xffff, 0xffff, 0x6b4d, 0x0000,
    0x0000, 0x7bef, 0xef7d, 0xef7d, 0xffff, 0xbdd7, 0x0000, 0x0841, 0x0000, 0x0000, 0x0000, 0x0000,
    0x0000, 0x0020, 0x0020, 0x0020, 0x0841, 0x0000, 0x6b6d, 0xffff, 0xbdf7, 0x0000, 0x0020, 0x0020,
    0x0000, 0x0000, 0x0000, 0x0000, 0x0000, 0x0000, 0x0000, 0x0000, 0x0000, 0x0020, 0x4a49, 0x31a7,
    0xf7be, 0xffff, 0xffff, 0xffff, 0xffff, 0xffff, 0xffff, 0xffff, 0xffff, 0xffff, 0xffff, 0xffff,
    0xffff, 0xffff, 0xffdf, 0xffdf, 0xffff, 0xffff, 0xffff, 0xffff, 0xffff, 0xffff, 0xffff, 0xffff,
    0xffff, 0xffff, 0xffff, 0xffff, 0xffff, 0xffff, 0xffff, 0xffff, 0xffff, 0xffff, 0xffff, 0xffff,
    0xffff, 0xffff, 0xffff, 0xffff, 0xffff, 0xffdf, 0xffff, 0xbdd7, 0x8c51, 0x0000, 0x528a, 0xc638,
    0x0000, 0x0020, 0x0020, 0x0020, 0x0020, 0x0861, 0x0000, 0x8c51, 0xc638, 0x94b2, 0xffff, 0x2965,
    0x0000, 0x0020, 0x0020, 0x0000, 0x9492, 0xffff, 0xf79e, 0xffdf, 0xffdf, 0xffff, 0xffff, 0xffff,
    0xffff, 0xffff, 0xffff, 0xffff, 0xffff, 0xffdf, 0xf7be, 0xffff, 0x4a49, 0x0000, 0x0000, 0x0000,
    0x0000, 0x0020, 0x0000, 0x4a49, 0xffff, 0xf79e, 0xffdf, 0x4228, 0x0000, 0x2124, 0xe71c, 0xf7be,
    0xffdf, 0xad55, 0x0000, 0x0841, 0x0020, 0x0020, 0x0000, 0x0000, 0x0000, 0x0000, 0x0000, 0x0000,
    0x0000, 0x0000, 0x10a2, 0xe71c, 0xffff, 0x528a, 0x0000, 0x0841, 0x0000, 0x0000, 0x0000, 0x0000,
    0x0000, 0x0000, 0x0000, 0x0000, 0x0000, 0x0000, 0x3186, 0x4208, 0xf79e, 0xffff, 0xffff, 0xffff,
    0xffff, 0xffff, 0xffff, 0xffff, 0xffff, 0xffff, 0xffff, 0xffff, 0xffff, 0xffff, 0xffdf, 0xffdf,
    0xffff, 0xffff, 0xffff, 0xffff, 0xffff, 0xffff, 0xffff, 0xffff, 0xffff, 0xffff, 0xffff, 0xffff,
    0xffff, 0xffff, 0xffff, 0xffff, 0xffff, 0xffff, 0xffff, 0xffff, 0xffff, 0xffff, 0xffff, 0xffff,
    0xffff, 0xffff, 0xf7be, 0xffff, 0xd6ba, 0x0040, 0x5acb, 0xf79e, 0x10a2, 0x0000, 0x0020, 0x0020,
    0x0020, 0x0861, 0x0000, 0x736e, 0xffdf, 0xce79, 0xf7de, 0x2965, 0x0000, 0x0000, 0x0020, 0x0000,
    0xb575, 0xffff, 0xf7be, 0xffdf, 0xffff, 0xffff, 0xffff, 0xffff, 0xffff, 0xffff, 0xffff, 0xffff,
    0xffff, 0xffff, 0xffff, 0xf79e, 0x18e3, 0x0000, 0x0841, 0x0000, 0x0000, 0x0000, 0x0000, 0x528a,
    0xffff, 0xef7d, 0xffff, 0xdedb, 0x1082, 0x0000, 0x528a, 0xffdf, 0xffff, 0x8c51, 0x0000, 0x0861,
    0x0020, 0x0000, 0x0000, 0x0000, 0x0000, 0x0000, 0x0000, 0x0000, 0x0000, 0x0841, 0x0000, 0x738e,
    0xffff, 0xd69a, 0x0881, 0x0000, 0x0000, 0x0000, 0x0000, 0x0000, 0x0000, 0x0000, 0x0000, 0x0000,
    0x0000, 0x0000, 0x0861, 0x39e7, 0xffdf, 0xffff, 0xffff, 0xffff, 0xffff, 0xffff, 0xffff, 0xffff,
    0xffff, 0xffff, 0xffff, 0xffff, 0xffff, 0xffff, 0xffdf, 0xffff, 0xffff, 0xffff, 0xffff, 0xffff,
    0xffff, 0xffff, 0xffff, 0xffff, 0xffff, 0xffff, 0xffff, 0xffff, 0xffff, 0xffff, 0xffff, 0xffff,
    0xffff, 0xffff, 0xffff, 0xffff, 0xffff, 0xffff, 0xffff, 0xffff, 0xffff, 0xffff, 0xffdf, 0xffdf,
    0xffff, 0x2945, 0x528a, 0xffff, 0x4207, 0x0000, 0x0020, 0x0000, 0x0020, 0x0861, 0x0000, 0x632c,
    0xffff, 0xf79e, 0xffdf, 0x39e7, 0x0020, 0x1082, 0x0861, 0x1082, 0xdebb, 0xffff, 0xffdf, 0xffff,
    0xffff, 0xffff, 0xffff, 0xffff, 0xffff, 0xffff, 0xffff, 0xffff, 0xffff, 0xffff, 0xffff, 0xe73c,
    0x1082, 0x0000, 0x0020, 0x0000, 0x0000, 0x0020, 0x0000, 0x8430, 0xffff, 0xf7be, 0xf7be, 0xffff,
    0x6b6d, 0x0000, 0x0000, 0x738e, 0xffff, 0x632c, 0x0000, 0x0841, 0x0000, 0x0000, 0x0000, 0x0000,
    0x0000, 0x0000, 0x0000, 0x0000, 0x0000, 0x0020, 0x0000, 0x0861, 0xd69a, 0xffff, 0x8c51, 0x0000,
    0x0861, 0x0000, 0x0000, 0x0000, 0x0000, 0x0000, 0x0000, 0x0000, 0x0000, 0x0020, 0x0000, 0x3186,
    0xffdf, 0xffff, 0xffff, 0xffff, 0xffff, 0xffff, 0xffff, 0xffff, 0xffff, 0xffff, 0xffff, 0xffff,
    0xffff, 0xffff, 0xffdf, 0xffff, 0xffff, 0xffff, 0xffff, 0xffff, 0xffff, 0xffff, 0xffff, 0xffff,
    0xffff, 0xffff, 0xffff, 0xffff, 0xffff, 0xffff, 0xffff, 0xffff, 0xffff, 0xffff, 0xffff, 0xffff,
    0xffff, 0xffff, 0xffff, 0xffff, 0xffff, 0xffff, 0xffff, 0xffdf, 0xffff, 0x630c, 0x4208, 0xffff,
    0x8c71, 0x0000, 0x0841, 0x0000, 0x0000, 0x0841, 0x0000, 0x5aeb, 0xffff, 0xef7d, 0xffff, 0x630c,
    0x0020, 0x9cf3, 0x4a49, 0x31a6, 0xffdf, 0xffdf, 0xffff, 0xffff, 0xffff, 0xffff, 0xffff, 0xffff,
    0xffff, 0xffff, 0xffff, 0xffff, 0xffff, 0xffff, 0xffff, 0xe71c, 0x0861, 0x1082, 0x0020, 0x0000,
    0x18a2, 0x0841, 0x0000, 0xce59, 0xffff, 0xffdf, 0xffdf, 0xffff, 0x8410, 0x0000, 0x9492, 0xce9a,
    0xffdf, 0x4228, 0x0000, 0x0841, 0x0000, 0x0000, 0x0000, 0x0000, 0x0000, 0x0000, 0x0000, 0x0000,
    0x0000, 0x0000, 0x0000, 0x0000, 0x4a49, 0xffdf, 0xf7be, 0x4228, 0x0000, 0x0020, 0x0000, 0x0000,
    0x0000, 0x0000, 0x0000, 0x0000, 0x0020, 0x0020, 0x0000, 0x2965, 0xf7be, 0xffff, 0xffff, 0xffff,
    0xffff, 0xffff, 0xffff, 0xffff, 0xffff, 0xffff, 0xffff, 0xffff, 0xffff, 0xffff, 0xffdf, 0xffdf,
    0xffff, 0xffff, 0xffff, 0xffff, 0xffff, 0xffff, 0xffff, 0xffff, 0xffff, 0xffff, 0xffff, 0xffff,
    0xffff, 0xffff, 0xffff, 0xffff, 0xffff, 0xffff, 0xffff, 0xffff, 0xffff, 0xffff, 0xffff, 0xffff,
    0xffff, 0xffff, 0xffff, 0xffdf, 0xffff, 0xad75, 0x2924, 0xffdf, 0xe71c, 0x1082, 0x0020, 0x0020,
    0x0000, 0x0841, 0x0000, 0x5aec, 0xffff, 0xf79e, 0xffff, 0xbdf7, 0x2144, 0xbdd7, 0x4a69, 0xad75,
    0xffff, 0xffdf, 0xffff, 0xffff, 0xffff, 0xffff, 0xffff, 0xffff, 0xffff, 0xffff, 0xffff, 0xffff,
    0xffff, 0xffff, 0xffff, 0xef7d, 0x0881, 0x1082, 0x4228, 0x2124, 0x2945, 0x0000, 0x4a49, 0xffff,
    0xf7be, 0xffdf, 0xffff, 0xf79e, 0x31a6, 0xa514, 0xffff, 0xffff, 0xef5d, 0x18c3, 0x0000, 0x0020,
    0x0000, 0x0000, 0x0000, 0x0000, 0x0000, 0x0000, 0x0000, 0x0000, 0x0000, 0x0000, 0x0000, 0x0841,
    0x0000, 0x8c51, 0xffff, 0xdefb, 0x2104, 0x0000, 0x0841, 0x0000, 0x0000, 0x0000, 0x0000, 0x0000,
    0x0020, 0x0020, 0x0000, 0x2925, 0xf79e, 0xffff, 0xffff, 0xffff, 0xffff, 0xffff, 0xffff, 0xffff,
    0xffff, 0xffff, 0xffff, 0xffff, 0xffff, 0xffff, 0xffdf, 0xffdf, 0xffff, 0xffff, 0xffff, 0xffff,
    0xffff, 0xffff, 0xffff, 0xffff, 0xffff, 0xffff, 0xffff, 0xffff, 0xffff, 0xffff, 0xffff, 0xffff,
    0xffff, 0xffff, 0xffff, 0xffff, 0xffff, 0xffff, 0xffff, 0xffff, 0xffff, 0xffff, 0xffff, 0xffdf,
    0xffdf, 0xf79e, 0x3186, 0xd69a, 0xdefb, 0x18e3, 0x0020, 0x0020, 0x0000, 0x0841, 0x0000, 0x6b2c,
    0xffff, 0xf79e, 0xffdf, 0xf7be, 0x39e7, 0x39e7, 0xa514, 0xffff, 0xffff, 0xffdf, 0xffff, 0xffff,
    0xffff, 0xffff, 0xffff, 0xffff, 0xffff, 0xffff, 0xffff, 0xffff, 0xffff, 0xffff, 0xffbe, 0xffff,
    0x4208, 0x2945, 0xce79, 0xb5b6, 0x20e3, 0x1082, 0xdedb, 0xffff, 0xf7be, 0xffdf, 0xffff, 0xb596,
    0xbdd7, 0xffff, 0xf79e, 0xffff, 0xc618, 0x0000, 0x0000, 0x0000, 0x0000, 0x0000, 0x0000, 0x0000,
    0x0000, 0x0000, 0x0000, 0x0000, 0x0000, 0x0000, 0x0000, 0x0000, 0x0020, 0x0020, 0xbdd7, 0xffff,
    0xce59, 0x1082, 0x0000, 0x0020, 0x0000, 0x0000, 0x0000, 0x0000, 0x0000, 0x0020, 0x0000, 0x18e3,
    0xef5d, 0xffff, 0xffdf, 0xffff, 0xffff, 0xffff, 0xffff, 0xffff, 0xffff, 0xffff, 0xffff, 0xffff,
    0xffff, 0xffff, 0xffdf, 0xffff, 0xffff, 0xffff, 0xffff, 0xffff, 0xffff, 0xffff, 0xffff, 0xffff,
    0xffff, 0xffff, 0xffff, 0xffff, 0xffff, 0xffff, 0xffff, 0xffff, 0xffff, 0xffff, 0xffff, 0xffff,
    0xffff, 0xffff, 0xffff, 0xffff, 0xffff, 0xffff, 0xffff, 0xffdf, 0xf7be, 0xffff, 0xa514, 0x8410,
    0xa534, 0x1082, 0x5aeb, 0x0000, 0x0020, 0x0861, 0x0000, 0x73ae, 0xffff, 0xf7be, 0xffff, 0xffdf,
    0xef5d, 0xf7be, 0xffff, 0xf7bf, 0xef7d, 0xffff, 0xffdf, 0xffdf, 0xffff, 0xffff, 0xffff, 0xffff,
    0xffff, 0xffff, 0xffff, 0xffff, 0xffff, 0xffff, 0xf79e, 0xffff, 0x9cd3, 0x10a2, 0xa514, 0x8430,
    0x4228, 0xc639, 0xffff, 0xffdf, 0xffff, 0xffff, 0xffff, 0xffdf, 0xffff, 0xffdf, 0xf7be, 0xffff,
    0x8c71, 0x0000, 0x0020, 0x0000, 0x0000, 0x0000, 0x0000, 0x0000, 0x0000, 0x0000, 0x0000, 0x0000,
    0x0000, 0x0000, 0x0000, 0x0000, 0x0840, 0x0020, 0x18c3, 0xce59, 0xffff, 0xbdb6, 0x0861, 0x0020,
    0x0840, 0x0000, 0x0000, 0x0000, 0x0000, 0x0020, 0x0000, 0x1082, 0xe6fc, 0xffff, 0xffdf, 0xffff,
    0xffff, 0xffff, 0xffff, 0xffff, 0xffff, 0xffff, 0xffff, 0xffff, 0xffff, 0xffff, 0xffdf, 0xffff,
    0xffff, 0xffff, 0xffff, 0xffff, 0xffff, 0xffff, 0xffff, 0xffff, 0xffff, 0xffff, 0xffff, 0xffff,
    0xffff, 0xffff, 0xffff, 0xffff, 0xffff, 0xffff, 0xffff, 0xffff, 0xffff, 0xffff, 0xffff, 0xffff,
    0xffff, 0xffff, 0xffff, 0xffdf, 0xffdf, 0xffdf, 0xffdf, 0xad75, 0x630c, 0x0000, 0x4a69, 0x528a,
    0x0000, 0x1061, 0x0000, 0x94b2, 0xffff, 0xf7be, 0xffff, 0xffff, 0xffff, 0xffff, 0xe71c, 0x8c51,
    0xef5d, 0xffdf, 0xffdf, 0xffdf, 0xffff, 0xffff, 0xffff, 0xffff, 0xffff, 0xffff, 0xffff, 0xffff,
    0xffff, 0xffff, 0xffdf, 0xffff, 0xef7d, 0x9d14, 0x630c, 0x31a7, 0xad75, 0xffff, 0xffdf, 0xffdf,
    0xffff, 0xffff, 0xffff, 0xffff, 0xffff, 0xffdf, 0xf79e, 0xffff, 0x4a89, 0x0000, 0x0020, 0x0000,
    0x0000, 0x0000, 0x0000, 0x0000, 0x0000, 0x0000, 0x0000, 0x0000, 0x0000, 0x0020, 0x0020, 0x0020,
    0x0020, 0x0841, 0x0000, 0x18c3, 0xc618, 0xffff, 0xb5b6, 0x0861, 0x0000, 0x0841, 0x0000, 0x0000,
    0x0000, 0x0000, 0x0000, 0x0020, 0xd6ba, 0xffff, 0xffdf, 0xffff, 0xffff, 0xffff, 0xffff, 0xffff,
    0xffff, 0xffff, 0xffff, 0xffff, 0xffff, 0xffff, 0xffdf, 0xffff, 0xffff, 0xffff, 0xffff, 0xffff,
    0xffff, 0xffff, 0xffff, 0xffff, 0xffff, 0xffff, 0xffff, 0xffff, 0xffff, 0xffff, 0xffff, 0xffff,
    0xffff, 0xffff, 0xffff, 0xffff, 0xffff, 0xffff, 0xffff, 0xffff, 0xffff, 0xffff, 0xffff, 0xffff,
    0xffdf, 0xffdf, 0xffdf, 0xffff, 0x2945, 0x0000, 0x0000, 0x5aeb, 0x4228, 0x0000, 0x0000, 0xb596,
    0xffff, 0xf7be, 0xffff, 0xffff, 0xffdf, 0xffff, 0xce79, 0x9cd3, 0xffff, 0xffdf, 0xffff, 0xffff,
    0xffff, 0xffff, 0xffff, 0xffff, 0xffff, 0xffff, 0xffff, 0xffff, 0xffff, 0xffff, 0xffff, 0xffff,
    0xffff, 0xffff, 0xffff, 0xffdf, 0xef7d, 0xffff, 0xffff, 0xffff, 0xffff, 0xffff, 0xffff, 0xffff,
    0xffff, 0xffdf, 0xffdf, 0xe71c, 0x10c3, 0x0020, 0x0020, 0x0000, 0x0000, 0x0000, 0x0000, 0x0020,
    0x0020, 0x0020, 0x0000, 0x0020, 0x1082, 0x0000, 0x0840, 0x0020, 0x0820, 0x0020, 0x0840, 0x0000,
    0x0861, 0xad55, 0xffff, 0xc618, 0x10a2, 0x0000, 0x0020, 0x0000, 0x0000, 0x0000, 0x0000, 0x0820,
    0xc638, 0xffff, 0xffdf, 0xffdf, 0xffff, 0xffff, 0xffff, 0xffff, 0xffff, 0xffff, 0xffff, 0xffff,
    0xffff, 0xffff, 0xffdf, 0xffff, 0xffff, 0xffff, 0xffff, 0xffff, 0xffff, 0xffff, 0xffff, 0xffff,
    0xffff, 0xffff, 0xffff, 0xffff, 0xffff, 0xffff, 0xffff, 0xffff, 0xffff, 0xffff, 0xffff, 0xffff,
    0xffff, 0xffff, 0xffff, 0xffff, 0xffff, 0xffff, 0xffff, 0xffff, 0xffff, 0xf7be, 0xffff, 0xc618,
    0x0020, 0x0020, 0x0020, 0x0000, 0x5269, 0x31a6, 0x0020, 0xdebb, 0xffff, 0xf7be, 0xffff, 0xffff,
    0xffdf, 0xffff, 0xffff, 0xffdf, 0xffff, 0xffff, 0xffff, 0xffff, 0xffff, 0xffff, 0xffff, 0xffff,
    0xffff, 0xffff, 0xffff, 0xffff, 0xffff, 0xffff, 0xffff, 0xffff, 0xffff, 0xffdf, 0xffdf, 0xffff,
    0xffff, 0xffff, 0xffff, 0xffff, 0xffff, 0xffff, 0xffff, 0xffff, 0xffff, 0xf7be, 0xffff, 0xad55,
    0x0000, 0x0841, 0x0020, 0x0000, 0x0000, 0x0000, 0x0000, 0x0000, 0x0020, 0x0020, 0x2945, 0xc638,
    0xdefb, 0x2945, 0x0000, 0x0841, 0x0000, 0x0000, 0x0000, 0x0020, 0x0000, 0x0000, 0x73ae, 0xffff,
    0xe71c, 0x31a6, 0x0000, 0x0020, 0x0000, 0x0000, 0x0820, 0x3185, 0xad55, 0xffff, 0xf7be, 0xffdf,
    0xffff, 0xffff, 0xffff, 0xffff, 0xffff, 0xffff, 0xffff, 0xffff, 0xffff, 0xffff, 0xffdf, 0xffdf,
    0xffff, 0xffff, 0xffff, 0xffff, 0xffff, 0xffff, 0xffff, 0xffff, 0xffff, 0xffff, 0xffff, 0xffff,
    0xffff, 0xffff, 0xffff, 0xffff, 0xffff, 0xffff, 0xffff, 0xffff, 0xffff, 0xffff, 0xffff, 0xffff,
    0xffff, 0xffff, 0xffff, 0xffff, 0xffff, 0xf7be, 0xffff, 0x7bef, 0x0000, 0x0861, 0x0000, 0x0000,
    0x0000, 0x18e3, 0x0020, 0x8430, 0xffdf, 0xf7be, 0xffff, 0xffff, 0xffff, 0xffff, 0xffff, 0xffff,
    0xffff, 0xffff, 0xffff, 0xffff, 0xffff, 0xffff, 0xffff, 0xffff, 0xffff, 0xffff, 0xffff, 0xffff,
    0xffff, 0xffff, 0xffff, 0xffff, 0xffff, 0xffff, 0xffff, 0xffff, 0xffff, 0xffff, 0xffff, 0xffff,
    0xffff, 0xffff, 0xffff, 0xffff, 0xffdf, 0xffdf, 0xffff, 0x5aeb, 0x0000, 0x0021, 0x0000, 0x0000,
    0x0000, 0x0000, 0x0000, 0x0000, 0x0020, 0x0000, 0x8c71, 0xffff, 0xef7d, 0xa534, 0x2945, 0x0000,
    0x0000, 0x0000, 0x0000, 0x0000, 0x0000, 0x0020, 0x0000, 0x31a6, 0xce59, 0xffff, 0x7bef, 0x0000,
    0x0000, 0x0841, 0x0821, 0x630c, 0x8c71, 0xffff, 0xf7be, 0xffff, 0xffff, 0xffff, 0xffff, 0xffff,
    0xffff, 0xffff, 0xffff, 0xffff, 0xffff, 0xffff, 0xffff, 0xffdf, 0xffff, 0xffff, 0xffff, 0xffff,
    0xffff, 0xffff, 0xffff, 0xffff, 0xffff, 0xffff, 0xffff, 0xffff, 0xffff, 0xffff, 0xffff, 0xffff,
    0xffff, 0xffff, 0xffff, 0xffff, 0xffff, 0xffff, 0xffff, 0xffff, 0xffff, 0xffff, 0xffff, 0xffff,
    0xffff, 0xffff, 0xffdf, 0x39c7, 0x39c7, 0x0861, 0x0020, 0x0000, 0x0020, 0x0000, 0x39e7, 0x8c71,
    0xd69a, 0xffff, 0xffdf, 0xffff, 0xffff, 0xffff, 0xffff, 0xffff, 0xffff, 0xffff, 0xffff, 0xffff,
    0xffff, 0xffff, 0xffff, 0xffff, 0xffff, 0xffff, 0xffff, 0xffff, 0xffff, 0xffff, 0xffff, 0xffff,
    0xffff, 0xffff, 0xffff, 0xffff, 0xffff, 0xffff, 0xffff, 0xffff, 0xffff, 0xffff, 0xffff, 0xffff,
    0xf7be, 0xffff, 0xe73c, 0x1082, 0x0000, 0x0020, 0x0000, 0x0000, 0x0000, 0x0000, 0x0000, 0x0020,
    0x0000, 0x0862, 0xbdf7, 0x738e, 0x4208, 0x2945, 0xa535, 0x5b0c, 0x0000, 0x0020, 0x0000, 0x0000,
    0x0000, 0x0000, 0x0020, 0x0000, 0x0020, 0x6b6d, 0xef7d, 0xce59, 0x39c7, 0x0000, 0x0000, 0x8c71,
    0x73ae, 0xffdf, 0xf7be, 0xffff, 0xffff, 0xffff, 0xffff, 0xffff, 0xffff, 0xffff, 0xffff, 0xffff,
    0xffff, 0xffff, 0xffdf, 0xffdf, 0xffff, 0xffff, 0xffff, 0xffff, 0xffff, 0xffff, 0xffff, 0xffff,
    0xffff, 0xffff, 0xffff, 0xffff, 0xffff, 0xffff, 0xffff, 0xffff, 0xffff, 0xffff, 0xffff, 0xffff,
    0xffff, 0xffff, 0xffff, 0xffff, 0xffff, 0xffff, 0xffff, 0xffff, 0xffbf, 0xffff, 0xad75, 0x3186,
    0x630c, 0x0841, 0x0861, 0x0000, 0x0020, 0x0000, 0x6b6d, 0xffff, 0xf7be, 0xffdf, 0xffff, 0xffff,
    0xffff, 0xffff, 0xffff, 0xffff, 0xffff, 0xffff, 0xffff, 0xffff, 0xffff, 0xffff, 0xffff, 0xffff,
    0xffff, 0xffff, 0xffff, 0xffff, 0xffff, 0xffff, 0xffff, 0xffff, 0xffff, 0xffff, 0xffff, 0xffff,
    0xffff, 0xffff, 0xffff, 0xffff, 0xffff, 0xffff, 0xffff, 0xffff, 0xf79e, 0xffff, 0x8c51, 0x0000,
    0x0841, 0x0000, 0x0000, 0x0000, 0x0000, 0x0000, 0x0020, 0x0020, 0x0000, 0x2945, 0x4a69, 0x73ae,
    0xf79e, 0xc618, 0x73ae, 0xffff, 0x630c, 0x0000, 0x0020, 0x0000, 0x0000, 0x0000, 0x0000, 0x0000,
    0x0020, 0x0000, 0x10a2, 0x8c51, 0xdefb, 0x9cd3, 0x2104, 0x8c71, 0x73ae, 0xef7d, 0xffff, 0xffdf,
    0xffff, 0xffff, 0xffff, 0xffff, 0xffff, 0xffff, 0xffff, 0xffff, 0xffff, 0xffdf, 0xffdf, 0xffdf,
    0xffff, 0xffff, 0xffff, 0xffff, 0xffff, 0xffff, 0xffff, 0xffff, 0xffff, 0xffff, 0xffff, 0xffff,
    0xffff, 0xffff, 0xffff, 0xffff, 0xffff, 0xffff, 0xffff, 0xffff, 0xffff, 0xffff, 0xffff, 0xffff,
    0xffff, 0xffff, 0xffff, 0xffdf, 0xf7be, 0xffff, 0x4228, 0x7bef, 0x4248, 0x0861, 0x0861, 0x0000,
    0x0841, 0x0000, 0x8430, 0xffff, 0xf7be, 0xffff, 0xffff, 0xffff, 0xffff, 0xffff, 0xffff, 0xffff,
    0xffff, 0xffff, 0xffff, 0xffff, 0xffff, 0xffff, 0xffff, 0xffff, 0xffff, 0xffff, 0xffff, 0xffff,
    0xffff, 0xffff, 0xffff, 0xffff, 0xffff, 0xffff, 0xffff, 0xffff, 0xffff, 0xffff, 0xffff, 0xffff,
    0xffff, 0xffff, 0xffff, 0xffff, 0xffdf, 0xef7d, 0x18e4, 0x0000, 0x0841, 0x0000, 0x0000, 0x0000,
    0x0000, 0x0000, 0x0000, 0x0000, 0x0020, 0x0000, 0x9cf3, 0xffff, 0xf7be, 0xf7be, 0x8c71, 0xffff,
    0x8c50, 0x0000, 0x0020, 0x0000, 0x0000, 0x0000, 0x0000, 0x0000, 0x0000, 0x0820, 0x0000, 0x0000,
    0x10a2, 0x6b6d, 0x94b2, 0x8c51, 0x5aca, 0xad75, 0xffff, 0xffff, 0xffff, 0xffff, 0xffff, 0xffff,
    0xffff, 0xffff, 0xffff, 0xffff, 0xffff, 0xffff, 0xffdf, 0xffdf, 0xffff, 0xffff, 0xffff, 0xffff,
    0xffff, 0xffff, 0xffff, 0xffff, 0xffff, 0xffff, 0xffff, 0xffff, 0xffff, 0xffff, 0xffff, 0xffff,
    0xffff, 0xffff, 0xffff, 0xffff, 0xffff, 0xffff, 0xffff, 0xffff, 0xffff, 0xffff, 0xffff, 0xffdf,
    0xffff, 0xce79, 0x2945, 0xd69a, 0x10a2, 0x2945, 0x0861, 0x0000, 0x0841, 0x0000, 0x8c71, 0xffff,
    0xffdf, 0xffff, 0xffff, 0xffff, 0xffff, 0xffff, 0xffff, 0xffff, 0xffff, 0xffff, 0xffff, 0xffff,
    0xffff, 0xffff, 0xffff, 0xffff, 0xffff, 0xffff, 0xffff, 0xffff, 0xffff, 0xffff, 0xffff, 0xffff,
    0xffff, 0xffff, 0xffff, 0xffff, 0xffff, 0xffff, 0xffff, 0xffff, 0xffff, 0xffff, 0xffdf, 0xf7be,
    0xffff, 0x8c51, 0x0000, 0x0000, 0x0000, 0x0000, 0x0000, 0x0000, 0x0000, 0x0000, 0x0000, 0x0000,
    0x0841, 0x6b6d, 0x632c, 0xf7be, 0xf7be, 0xf7be, 0xc638, 0xffff, 0x8430, 0x0000, 0x0020, 0x0000,
    0x0000, 0x0000, 0x0000, 0x0000, 0x0000, 0x0000, 0x0020, 0x0020, 0x0000, 0x0000, 0x0000, 0x18e3,
    0x2103, 0x0000, 0x2124, 0x6b4d, 0x9cf3, 0xd69a, 0xffdf, 0xffff, 0xffff, 0xffff, 0xffff, 0xffff,
    0xffff, 0xffff, 0xffdf, 0xffdf, 0xffff, 0xffff, 0xffff, 0xffff, 0xffff, 0xffff, 0xffff, 0xffff,
    0xffff, 0xffff, 0xffff, 0xffff, 0xffff, 0xffff, 0xffff, 0xffff, 0xffff, 0xffff, 0xffff, 0xffff,
    0xffff, 0xffff, 0xffff, 0xffff, 0xffff, 0xffff, 0xffdf, 0xffdf, 0xffff, 0x5aeb, 0x8c71, 0xbdf7,
    0x0000, 0x4228, 0x0841, 0x0000, 0x0841, 0x0000, 0x8430, 0xffff, 0xffdf, 0xffff, 0xffff, 0xffff,
    0xffff, 0xffff, 0xffff, 0xffff, 0xffff, 0xffff, 0xffff, 0xffff, 0xffff, 0xffff, 0xffff, 0xffff,
    0xffff, 0xffff, 0xffff, 0xffff, 0xffff, 0xffff, 0xffff, 0xffff, 0xffff, 0xffff, 0xffff, 0xffff,
    0xffff, 0xffff, 0xffff, 0xffff, 0xffff, 0xffff, 0xf7be, 0xffdf, 0xe73c, 0x18c3, 0x0020, 0x0020,
    0x0000, 0x0000, 0x0000, 0x0000, 0x0000, 0x0000, 0x0020, 0x0000, 0x39a6, 0xffff, 0x6b6d, 0xd6ba,
    0xffff, 0xffdf, 0xffff, 0xffff, 0x73ae, 0x0000, 0x0841, 0x0020, 0x0000, 0x0000, 0x0000, 0x0000,
    0x0000, 0x0000, 0x0000, 0x0000, 0x0020, 0x0020, 0x0000, 0x2125, 0x39c7, 0x31a6, 0x6b4d, 0x7bcf,
    0xa514, 0xdefb, 0xffdf, 0xffdf, 0xffff, 0xffff, 0xffff, 0xffff, 0xffff, 0xffff, 0xffdf, 0xffff,
    0xffff, 0xffff, 0xffff, 0xffff, 0xffff, 0xffff, 0xffff, 0xffff, 0xffff, 0xffff, 0xffff, 0xffff,
    0xffff, 0xffff, 0xffff, 0xffff, 0xffff, 0xffff, 0xffff, 0xffff, 0xffff, 0xffff, 0xffff, 0xffff,
    0xffff, 0xffff, 0xf7be, 0xffff, 0xce59, 0x2965, 0xffff, 0x52aa, 0x0000, 0x4a69, 0x0861, 0x0000,
    0x0841, 0x0000, 0x6b4d, 0xffff, 0xffdf, 0xffdf, 0xffdf, 0xffff, 0xffff, 0xffff, 0xffff, 0xffff,
    0xffff, 0xffff, 0xffff, 0xffff, 0xffdf, 0xffdf, 0xffff, 0xffff, 0xffff, 0xffff, 0xffff, 0xffff,
    0xffff, 0xffff, 0xffff, 0xffff, 0xffff, 0xffff, 0xffff, 0xffff, 0xffff, 0xffff, 0xffff, 0xffff,
    0xffff, 0xffdf, 0xffdf, 0xffff, 0x52aa, 0x0000, 0x0020, 0x0000, 0x0000, 0x0000, 0x0000, 0x0000,
    0x0000, 0x0000, 0x0841, 0x0000, 0x9cd3, 0xffff, 0x8410, 0xce79, 0xffff, 0xf7be, 0xffdf, 0xffff,
    0x4a49, 0x0000, 0x0020, 0x0000, 0x0000, 0x0000, 0x0000, 0x0000, 0x0000, 0x0000, 0x0000, 0x0000,
    0x0000, 0x0841, 0x0000, 0x5acb, 0xc618, 0x8410, 0xffff, 0xffff, 0xffff, 0xffff, 0xffdf, 0xffdf,
    0xffff, 0xffff, 0xffff, 0xffff, 0xffff, 0xffff, 0xffdf, 0xffff, 0xffff, 0xffff, 0xffff, 0xffff,
    0xffff, 0xffff, 0xffff, 0xffff, 0xffff, 0xffff, 0xffff, 0xffff, 0xffff, 0xffff, 0xffff, 0xffff,
    0xffff, 0xffff, 0xffff, 0xffff, 0xffff, 0xffff, 0xffff, 0xffff, 0xffff, 0xffff, 0xffdf, 0xffff,
    0x4a69, 0xad55, 0xc638, 0x0000, 0x0000, 0x528a, 0x0861, 0x0000, 0x0020, 0x0000, 0x31a6, 0xffdf,
    0xffff, 0xf7be, 0xffdf, 0xffdf, 0xffdf, 0xffff, 0xffff, 0xffff, 0xffff, 0xffff, 0xf7be, 0xffff,
    0xffff, 0xffff, 0xffff, 0xffdf, 0xffff, 0xffff, 0xffff, 0xffff, 0xffff, 0xffff, 0xffff, 0xffff,
    0xffff, 0xffff, 0xffff, 0xffff, 0xffff, 0xffff, 0xffff, 0xffff, 0xffdf, 0xf7be, 0xffff, 0x8410,
    0x0000, 0x0000, 0x0861, 0x0020, 0x0000, 0x0000, 0x0000, 0x0000, 0x0000, 0x0020, 0x0000, 0x3186,
    0xef7e, 0xffff, 0xbdf7, 0xf79e, 0xf79e, 0xf79e, 0xffff, 0xd6ba, 0x0861, 0x0020, 0x0000, 0x0000,
    0x0000, 0x0000, 0x0000, 0x0000, 0x0000, 0x0000, 0x0000, 0x0000, 0x0000, 0x0000, 0x0000, 0x1082,
    0xb5b7, 0x8410, 0xffff, 0xf7be, 0xffdf, 0xffff, 0xffff, 0xffff, 0xffff, 0xffff, 0xffff, 0xffff,
    0xffff, 0xffff, 0xffdf, 0xffdf, 0xffff, 0xffff, 0xffff, 0xffff, 0xffff, 0xffff, 0xffff, 0xffff,
    0xffff, 0xffff, 0xffff, 0xffff, 0xffff, 0xffff, 0xffff, 0xffff, 0xffff, 0xffff, 0xffff, 0xffff,
    0xffff, 0xffff, 0xffff, 0xffff, 0xffff, 0xffdf, 0xffff, 0xb5b6, 0x526a, 0xef7d, 0x2965, 0x0020,
    0x0020, 0x52aa, 0x0861, 0x0000, 0x0000, 0x0020, 0x0820, 0xce59, 0xffff, 0xffff, 0xffff, 0xffff,
    0xffff, 0xffdf, 0xf7be, 0xffff, 0xce59, 0x5acb, 0x9cd3, 0x7bef, 0x8410, 0xb5b6, 0xffdf, 0xffff,
    0xffdf, 0xffff, 0xffff, 0xffff, 0xffff, 0xffff, 0xffff, 0xffff, 0xffff, 0xffff, 0xffff, 0xffff,
    0xffff, 0xffff, 0xffff, 0xffdf, 0xffff, 0xffff, 0x8c51, 0x0000, 0x0000, 0x4208, 0x8c31, 0x0020,
    0x0000, 0x0000, 0x0000, 0x0000, 0x0000, 0x0020, 0x0000, 0x632c, 0xffdf, 0xffff, 0xd69a, 0xa534,
    0xdedb, 0xffdf, 0xffff, 0x52aa, 0x0000, 0x0841, 0x0000, 0x0000, 0x0000, 0x0000, 0x0000, 0x0000,
    0x0000, 0x0000, 0x0000, 0x0000, 0x0000, 0x0000, 0x0020, 0x0000, 0x9cd3, 0x94b2, 0xf7be, 0xffff,
    0xffdf, 0xffff, 0xffff, 0xffff, 0xffff, 0xffff, 0xffff, 0xffff, 0xffff, 0xffff, 0xffdf, 0xffdf,
    0xffff, 0xffff, 0xffff, 0xffff, 0xffff, 0xffff, 0xffff, 0xffff, 0xffff, 0xffff, 0xffff, 0xffff,
    0xffff, 0xffff, 0xffff, 0xffff, 0xffff, 0xffff, 0xffff, 0xffff, 0xffff, 0xffff, 0xffff, 0xffff,
    0xffdf, 0xf7be, 0xf7be, 0x4228, 0xa534, 0x52cb, 0x4228, 0x0020, 0x0000, 0x630c, 0x10a2, 0x0000,
    0x0000, 0x0841, 0x0000, 0x52aa, 0xffff, 0xbdf7, 0x632c, 0xf7be, 0xffff, 0xffff, 0xffff, 0xffff,
    0xdedb, 0xd69a, 0xffff, 0xef5d, 0xc618, 0x8410, 0x5aeb, 0xb5b6, 0xffff, 0xffdf, 0xffff, 0xffff,
    0xffff, 0xffff, 0xffff, 0xffff, 0xffff, 0xffff, 0xffff, 0xffff, 0xffff, 0xffff, 0xffff, 0xffff,
    0xce7a, 0x4a69, 0x0000, 0x2945, 0x9492, 0xffff, 0x5b0c, 0x0000, 0x0861, 0x0000, 0x0000, 0x0000,
    0x0000, 0x0020, 0x0841, 0x6b6e, 0xad75, 0x8450, 0x8c51, 0xd69a, 0xffff, 0xffff, 0x7bcf, 0x0000,
    0x0020, 0x0000, 0x0000, 0x0000, 0x0000, 0x0000, 0x0000, 0x0000, 0x0000, 0x0000, 0x0000, 0x0000,
    0x0020, 0x0820, 0x0840, 0x0000, 0x52aa, 0xb5b6, 0xef5d, 0xffff, 0xffdf, 0xffff, 0xffff, 0xffff,
    0xffff, 0xffff, 0xffff, 0xffff, 0xffff, 0xffdf, 0xffdf, 0xffdf, 0xffff, 0xffff, 0xffff, 0xffff,
    0xffff, 0xffff, 0xffff, 0xffff, 0xffff, 0xffff, 0xffff, 0xffff, 0xffff, 0xffff, 0xffff, 0xffff,
    0xffff, 0xffff, 0xffff, 0xffff, 0xffff, 0xffff, 0xffff, 0xffff, 0xffdf, 0xffff, 0x8451, 0x632c,
    0x4228, 0x8430, 0x39e7, 0x0000, 0x0000, 0x6b2d, 0x2104, 0x0000, 0x0000, 0x0000, 0x0000, 0x0000,
    0xa514, 0x632d, 0x4a49, 0x8c51, 0xffff, 0xffdf, 0xffff, 0xffff, 0xffff, 0xffff, 0xffff, 0xffff,
    0xffff, 0xffff, 0xdedb, 0x7bcf, 0xe71c, 0xffff, 0xffdf, 0xffff, 0xffff, 0xffff, 0xffff, 0xffff,
    0xffff, 0xffff, 0xffff, 0xffff, 0xffdf, 0xffff, 0xef5d, 0x9cd2, 0x528a, 0x630c, 0xb5b6, 0xf79e,
    0xffff, 0xe71c, 0x1082, 0x0000, 0x0020, 0x0000, 0x0000, 0x0000, 0x0841, 0x0000, 0x8c31, 0xf79e,
    0xd6ba, 0xe73c, 0xffff, 0xffff, 0xe71c, 0x52ab, 0x0000, 0x0841, 0x0020, 0x0000, 0x0000, 0x0000,
    0x0000, 0x0000, 0x0000, 0x0000, 0x0000, 0x0000, 0x0000, 0x0000, 0x0020, 0x0020, 0x0020, 0x0020,
    0x1082, 0xb5b6, 0xf7be, 0xffff, 0xffff, 0xffff, 0xffff, 0xffff, 0xffff, 0xffff, 0xffff, 0xffff,
    0xffff, 0xffff, 0xffdf, 0xffdf, 0xffff, 0xffff, 0xffff, 0xffff, 0xffff, 0xffff, 0xffff, 0xffff,
    0xffff, 0xffff, 0xffff, 0xffff, 0xffff, 0xffff, 0xffff, 0xffff, 0xffff, 0xffff, 0xffff, 0xffff,
    0xffff, 0xffff, 0xffff, 0xf7be, 0xffff, 0xce79, 0x4a49, 0x4228, 0x8c51, 0xd69a, 0x0000, 0x0861,
    0x0000, 0x5acb, 0x2945, 0x0000, 0x0020, 0x0000, 0x0020, 0x0041, 0x0000, 0xbdf7, 0xd69a, 0x52aa,
    0xffff, 0xf7be, 0xffdf, 0xffff, 0xffff, 0xffff, 0xffff, 0xffff, 0xffff, 0xffdf, 0xffff, 0xffff,
    0xffdf, 0xffff, 0xffff, 0xffff, 0xffff, 0xffff, 0xffff, 0xffff, 0xffff, 0xffff, 0xffff, 0xffff,
    0xffff, 0xffff, 0xffdf, 0xf79e, 0xffff, 0xffff, 0xffff, 0xffdf, 0xffff, 0x9492, 0x0000, 0x0841,
    0x0000, 0x0000, 0x0000, 0x0000, 0x0000, 0x18e4, 0xef5d, 0xffff, 0xffff, 0xffff, 0xef7d, 0x8c71,
    0x18c3, 0x0000, 0x0841, 0x0020, 0x0000, 0x0000, 0x0000, 0x0000, 0x0000, 0x0000, 0x0000, 0x0000,
    0x10a2, 0x0861, 0x0020, 0x0020, 0x0020, 0x0000, 0x0000, 0x0020, 0x0000, 0x6b4d, 0xffff, 0xffdf,
    0xffdf, 0xffdf, 0xffff, 0xffff, 0xffff, 0xffff, 0xffff, 0xffff, 0xffff, 0xffff, 0xffdf, 0xffff,
    0xffff, 0xffff, 0xffff, 0xffff, 0xffff, 0xffff, 0xffff, 0xffff, 0xffff, 0xffff, 0xffff, 0xffff,
    0xffff, 0xffff, 0xffff, 0xffff, 0xffff, 0xffff, 0xffff, 0xffff, 0xffff, 0xffff, 0xffff, 0xffdf,
    0xf7be, 0x39e7, 0x2104, 0x8410, 0xffff, 0x7c0f, 0x0000, 0x1061, 0x0000, 0x528a, 0x31a6, 0x0000,
    0x0020, 0x0000, 0x0820, 0x0000, 0x4a49, 0xffff, 0xce79, 0x5aeb, 0xffff, 0xf7be, 0xffdf, 0xffff,
    0xffff, 0xffff, 0xffff, 0xffff, 0xffff, 0xffff, 0xffff, 0xffff, 0xffff, 0xffff, 0xffff, 0xffff,
    0xffff, 0xffff, 0xffff, 0xffff, 0xffff, 0xffff, 0xffff, 0xffff, 0xffff, 0xffff, 0xffff, 0xffff,
    0xffdf, 0xffdf, 0xf7be, 0xf7be, 0xffdf, 0x39e7, 0x0000, 0x0840, 0x0020, 0x0020, 0x0020, 0x0020,
    0x0000, 0x9492, 0xffff, 0xf7be, 0xd6ba, 0x8c71, 0x2945, 0x0000, 0x0000, 0x0020, 0x0000, 0x0000,
    0x0000, 0x0000, 0x0000, 0x0000, 0x0000, 0x0000, 0x0020, 0x0000, 0x5acb, 0x2945, 0x0000, 0x0840,
    0x0020, 0x0000, 0x0000, 0x0000, 0x0000, 0x1082, 0xdefb, 0xffdf, 0xf7be, 0xffdf, 0xffff, 0xffff,
    0xffff, 0xffff, 0xffff, 0xffff, 0xffff, 0xffff, 0xffdf, 0xffff, 0xffff, 0xffff, 0xffff, 0xffff,
    0xffff, 0xffff, 0xffff, 0xffff, 0xffff, 0xffff, 0xffff, 0xffff, 0xffff, 0xffff, 0xffff, 0xffff,
    0xffff, 0xffff, 0xffff, 0xffff, 0xffff, 0xffdf, 0xf7be, 0xffff, 0x6b6d, 0x0000, 0x7bef, 0xffff,
    0xffdf, 0x39e7, 0x0000, 0x0841, 0x0000, 0x4208, 0x5aeb, 0x0000, 0x0841, 0x0841, 0x0000, 0x1082,
    0xd6ba, 0xffff, 0xb5b6, 0x6b4d, 0xffff, 0xf7be, 0xffdf, 0xffff, 0xffff, 0xffff, 0xffff, 0xffff,
    0xffff, 0xffff, 0xffff, 0xffff, 0xffff, 0xffff, 0xffff, 0xffff, 0xffff, 0xffff, 0xffff, 0xffff,
    0xffff, 0xffff, 0xffff, 0xffff, 0xffff, 0xffff, 0xffff, 0xffdf, 0xffdf, 0xffdf, 0xf7be, 0xffdf,
    0xce99, 0x0041, 0x0840, 0x0020, 0x0000, 0x0020, 0x0020, 0x0020, 0x0020, 0x2124, 0x39e7, 0x3186,
    0x0841, 0x0000, 0x0000, 0x0000, 0x0000, 0x0000, 0x0000, 0x0000, 0x0000, 0x0000, 0x0000, 0x0000,
    0x0000, 0x0020, 0x0020, 0x0000, 0x52aa, 0x52aa, 0x2945, 0x0000, 0x0020, 0x0000, 0x0000, 0x0000,
    0x0861, 0x0000, 0x8410, 0xffff, 0xf79e, 0xffdf, 0xffff, 0xffff, 0xffff, 0xffff, 0xffff, 0xffff,
    0xffff, 0xffff, 0xffdf, 0xffff, 0xffff, 0xffff, 0xffff, 0xffff, 0xffff, 0xffff, 0xffff, 0xffff,
    0xffff, 0xffff, 0xffff, 0xffff, 0xffff, 0xffff, 0xffff, 0xffff, 0xffff, 0xffff, 0xffff, 0xffff,
    0xffff, 0xf7be, 0xffff, 0x94b2, 0x0000, 0x73af, 0xffff, 0xffdf, 0xd69a, 0x0841, 0x0020, 0x0020,
    0x0000, 0x2124, 0x738d, 0x0000, 0x0841, 0x0841, 0x0000, 0xad75, 0xffff, 0xffff, 0x73ae, 0x94b2,
    0xffff, 0xf7be, 0xffff, 0xffff, 0xffff, 0xffff, 0xffff, 0xffff, 0xffff, 0xffff, 0xffff, 0xffff,
    0xffff, 0xffff, 0xffff, 0xffff, 0xffff, 0xffff, 0xffff, 0xffff, 0xffff, 0xffff, 0xffff, 0xffff,
    0xffff, 0xffff, 0xffff, 0xffff, 0xffff, 0xffdf, 0xffdf, 0xffff, 0x738e, 0x0000, 0x0841, 0x0000,
    0x0000, 0x0000, 0x0000, 0x0000, 0x0000, 0x0000, 0x0000, 0x0000, 0x0000, 0x0000, 0x0000, 0x0000,
    0x0000, 0x0000, 0x0000, 0x0000, 0x0000, 0x0000, 0x0000, 0x0000, 0x0000, 0x0000, 0x0020, 0x0000,
    0x52aa, 0x5acb, 0xb5b6, 0x0861, 0x0000, 0x0000, 0x0000, 0x0000, 0x0020, 0x0000, 0x2104, 0xef7e,
    0xffff, 0xffdf, 0xffff, 0xffff, 0xffff, 0xffff, 0xffff, 0xffff, 0xffff, 0xffff, 0xffff, 0xffff,
    0xffff, 0xffff, 0xffff, 0xffff, 0xffff, 0xffff, 0xffff, 0xffff, 0xffff, 0xffff, 0xffff, 0xffff,
    0xffff, 0xffff, 0xffff, 0xffff, 0xffff, 0xffff, 0xffff, 0xffff, 0xf7be, 0xffff, 0xad76, 0x0000,
    0x6b6d, 0xffff, 0xef7d, 0xffff, 0x8431, 0x0000, 0x0861, 0x0020, 0x0020, 0x0861, 0x7bef, 0x0861,
    0x0841, 0x0000, 0x7bf0, 0xffff, 0xf7be, 0xf79e, 0x18e3, 0x4208, 0xffdf, 0xffdf, 0xffdf, 0xffff,
    0xffff, 0xffff, 0xffff, 0xffff, 0xffff, 0xffff, 0xffff, 0xffff, 0xffff, 0xffff, 0xffff, 0xffff,
    0xffff, 0xffff, 0xffff, 0xffff, 0xffff, 0xffff, 0xffff, 0xffff, 0xffff, 0xffff, 0xffff, 0xffff,
    0xffdf, 0xffff, 0xf7be, 0x6b6d, 0x0000, 0x0020, 0x0000, 0x0000, 0x0000, 0x0000, 0x0000, 0x0000,
    0x0000, 0x0000, 0x0020, 0x0020, 0x0000, 0x0000, 0x0000, 0x0000, 0x0000, 0x0000, 0x0000, 0x0000,
    0x0000, 0x0000, 0x0000, 0x0000, 0x0000, 0x0000, 0x0000, 0x0000, 0x5aaa, 0x39e7, 0xdedb, 0x94b2,
    0x0000, 0x0020, 0x0020, 0x0000, 0x0000, 0x0020, 0x0000, 0x9492, 0xffff, 0xf7be, 0xffdf, 0xffff,
    0xffff, 0xffff, 0xffff, 0xffff, 0xffff, 0xffff, 0xffdf, 0xffdf, 0xffff, 0xffff, 0xffff, 0xffff,
    0xffff, 0xffff, 0xffff, 0xffff, 0xffff, 0xffff, 0xffff, 0xffff, 0xffff, 0xffff, 0xffff, 0xffff,
    0xffff, 0xffff, 0xffff, 0xffdf, 0xffff, 0xd6ba, 0x0020, 0x5acb, 0xffff, 0xf7be, 0xf7be, 0xffdf,
    0x39c7, 0x0000, 0x0841, 0x0020, 0x0820, 0x0000, 0x73ae, 0x31a6, 0x0000, 0x6b4d, 0xffff, 0xef5d,
    0xffff, 0x8430, 0x0000, 0x0000, 0x5acb, 0xffff, 0xffdf, 0xffff, 0xffff, 0xffff, 0xffff, 0xffff,
    0xffff, 0xffff, 0xffff, 0xffff, 0xffff, 0xffff, 0xffff, 0xffff, 0xffff, 0xffff, 0xffff, 0xffff,
    0xffff, 0xffff, 0xffff, 0xffff, 0xffff, 0xffff, 0xffff, 0xffff, 0xffff, 0xb5b6, 0x2965, 0x0000,
    0x0020, 0x0000, 0x0000, 0x0000, 0x0000, 0x0000, 0x0000, 0x0020, 0x0000, 0x0000, 0x0000, 0x0000,
    0x0000, 0x0000, 0x0000, 0x0000, 0x0000, 0x0000, 0x0000, 0x0000, 0x0000, 0x0000, 0x0000, 0x0000,
    0x0000, 0x0000, 0x0000, 0x0000, 0x52aa, 0x52aa, 0xbdd7, 0xffff, 0x4a49, 0x0000, 0x0841, 0x0020,
    0x0020, 0x0840, 0x0020, 0x18e3, 0xef5d, 0xffdf, 0xffdf, 0xffff, 0xffff, 0xffff, 0xffff, 0xffff,
    0xffff, 0xffdf, 0xffdf, 0xffdf, 0xffff, 0xffff, 0xffff, 0xffff, 0xffff, 0xffff, 0xffff, 0xffff,
    0xffff, 0xffff, 0xffff, 0xffff, 0xffff, 0xffff, 0xffff, 0xffff, 0xffff, 0xffff, 0xf7be, 0xffdf,
    0xf7be, 0x18e3, 0x4a69, 0xffff, 0xffdf, 0xf7be, 0xffff, 0xc659, 0x0020, 0x0000, 0x0020, 0x0000,
    0x0000, 0x0000, 0x4228, 0x4a49, 0x528a, 0xffff, 0xf7be, 0xffdf, 0xce79, 0x0862, 0x0841, 0x0861,
    0x0000, 0x73ae, 0xffff, 0xf7be, 0xffdf, 0xffdf, 0xffff, 0xffff, 0xffff, 0xffff, 0xffff, 0xffff,
    0xffff, 0xffff, 0xffff, 0xffff, 0xffff, 0xffff, 0xffff, 0xffff, 0xffff, 0xffff, 0xffff, 0xffff,
    0xffff, 0xffdf, 0xffdf, 0xce79, 0x5aeb, 0x18c3, 0x0861, 0x0840, 0x0020, 0x0020, 0x0000, 0x0000,
    0x0000, 0x0000, 0x10a2, 0x2945, 0x0000, 0x0000, 0x0000, 0x0000, 0x0000, 0x0000, 0x0000, 0x0000,
    0x0000, 0x0000, 0x0000, 0x0000, 0x0000, 0x0000, 0x0000, 0x0000, 0x0000, 0x0000, 0x0020, 0x0000,
    0x5269, 0x6b4d, 0xa514, 0xffff, 0xe73c, 0x18e3, 0x0000, 0x0020, 0x0020, 0x0020, 0x0841, 0x0000,
    0x738e, 0xffff, 0xffdf, 0xffff, 0xffff, 0xffff, 0xffff, 0xffff, 0xffff, 0xffdf, 0xffdf, 0xffdf,
    0xffff, 0xffff, 0xffff, 0xffff, 0xffff, 0xffff, 0xffff, 0xffff, 0xffff, 0xffff, 0xffff, 0xffff,
    0xffff, 0xffff, 0xffff, 0xffff, 0xffff, 0xffff, 0xffdf, 0xffff, 0x4228, 0x39c7, 0xffff, 0xffdf,
    0xf7be, 0xf7be, 0xffff, 0x7bcf, 0x0000, 0x0020, 0x0000, 0x0000, 0x0000, 0x0000, 0x0000, 0x630c,
    0xffdf, 0xf7be, 0xf7be, 0xffbf, 0x31a7, 0x0000, 0x0020, 0x0020, 0x0020, 0x0000, 0x8431, 0xffff,
    0xf7be, 0xffdf, 0xffdf, 0xffff, 0xffff, 0xffff, 0xffff, 0xffff, 0xffff, 0xffff, 0xffff, 0xffff,
    0xffff, 0xffff, 0xffff, 0xffdf, 0xffdf, 0xffff, 0xffff, 0xffff, 0xffdf, 0xffff, 0xce79, 0x9492,
    0xad75, 0xf79e, 0x632c, 0x0000, 0x0841, 0x0020, 0x0020, 0x0020, 0x0020, 0x0000, 0x5acb, 0x2104,
    0x0000, 0x0000, 0x0000, 0x0000, 0x0000, 0x0000, 0x0000, 0x0000, 0x0000, 0x0000, 0x0000, 0x0000,
    0x0000, 0x0000, 0x0000, 0x0000, 0x0000, 0x0000, 0x0000, 0x0000, 0x31a6, 0x7bcf, 0x8c71, 0xffff,
    0xffff, 0xad55, 0x0000, 0x0841, 0x0840, 0x0020, 0x0020, 0x0020, 0x0020, 0xc638, 0xffff, 0xf7be,
    0xffdf, 0xffdf, 0xffdf, 0xffdf, 0xffdf, 0xffff, 0xffdf, 0xffff, 0xffff, 0xffff, 0xffff, 0xffff,
    0xffff, 0xffff, 0xffff, 0xffff, 0xffff, 0xffff, 0xffff, 0xffff, 0xffff, 0xffff, 0xffff, 0xffff,
    0xffdf, 0xf7be, 0xffff, 0x7bef, 0x2104, 0xf79e, 0xffdf, 0xffdf, 0xffdf, 0xf7be, 0xf79e, 0x2965,
    0x0000, 0x0020, 0x0000, 0x0000, 0x0841, 0x0000, 0x3186, 0xf7be, 0xf7be, 0xf79e, 0xffff, 0x73ae,
    0x0000, 0x0841, 0x0000, 0x0000, 0x0000, 0x0841, 0x0000, 0xa534, 0xffff, 0xf7be, 0xffff, 0xffff,
    0xffff, 0xffff, 0xffff, 0xffff, 0xffff, 0xffff, 0xffdf, 0xffdf, 0xffdf, 0xffdf, 0xffff, 0xffff,
    0xffff, 0xffdf, 0xffff, 0xffff, 0xffff, 0xffff, 0xffdf, 0xffff, 0xffff, 0xffff, 0x528a, 0x0000,
    0x0841, 0x0020, 0x0020, 0x0020, 0x0000, 0x2124, 0x6b6d, 0x0000, 0x0020, 0x0000, 0x0000, 0x0000,
    0x0000, 0x0000, 0x0000, 0x0000, 0x0000, 0x0000, 0x0000, 0x0000, 0x0000, 0x0000, 0x0000, 0x0000,
    0x0000, 0x0000, 0x0000, 0x0000, 0x2104, 0x94b2, 0x8410, 0xffff, 0xef7d, 0xffff, 0x4a49, 0x0000,
    0x0020, 0x0000, 0x0000, 0x0841, 0x0000, 0x4208, 0xffff, 0xf7be, 0xffdf, 0xffdf, 0xffdf, 0xffff,
    0xffff, 0xffff, 0xffdf, 0xffff, 0xffff, 0xffff, 0xffff, 0xffff, 0xffff, 0xffff, 0xffff, 0xffff,
    0xffff, 0xffff, 0xffff, 0xffff, 0xffff, 0xffff, 0xffff, 0xffff, 0xffdf, 0xffff, 0xbdd7, 0x0861,
    0xdedb, 0xffff, 0xf7be, 0xffff, 0xffdf, 0xffff, 0xbdf7, 0x0020, 0x0841, 0x0000, 0x0000, 0x0000,
    0x0020, 0x0000, 0x8c72, 0xffff, 0xef7d, 0xffff, 0xb5b6, 0x0000, 0x0020, 0x0020, 0x0000, 0x0000,
    0x0000, 0x0020, 0x0020, 0x0861, 0xce59, 0xffff, 0xf7be, 0xffdf, 0xffff, 0xffff, 0xffff, 0xffff,
    0xffff, 0xffff, 0xffff, 0xffff, 0xffff, 0xffff, 0xe73c, 0xb5d6, 0x94b2, 0xce79, 0xffff, 0xffff,
    0xffff, 0xffff, 0xffff, 0xf7be, 0xf7be, 0xffff, 0x4208, 0x0000, 0x0020, 0x0000, 0x0000, 0x0020,
    0x0000, 0x7bcf, 0x2965, 0x0000, 0x0000, 0x0000, 0x0000, 0x0000, 0x0000, 0x0000, 0x0000, 0x0000,
    0x0000, 0x0000, 0x0000, 0x0000, 0x0000, 0x0000, 0x0000, 0x0000, 0x0000, 0x0000, 0x0020, 0x0020,
    0x0841, 0x9cd3, 0x8430, 0xffff, 0xf79e, 0xffff, 0xb5b6, 0x0000, 0x0020, 0x0020, 0x0000, 0x0000,
    0x3186, 0x2124, 0xad75, 0xffff, 0xffdf, 0xffff, 0xffff, 0xffff, 0xffff, 0xffff, 0xffdf, 0xffff,
    0xffff, 0xffff, 0xffff, 0xffff, 0xffff, 0xffff, 0xffff, 0xffff, 0xffff, 0xffff, 0xffff, 0xffff,
    0xffff, 0xffff, 0xffff, 0xffdf, 0xffdf, 0xf79e, 0x18c3, 0x9472, 0xffff, 0xffdf, 0xffff, 0xffff,
    0xffdf, 0xffff, 0x6b6d, 0x0000, 0x0841, 0x0000, 0x0000, 0x0000, 0x0000, 0x1082, 0xe6fc, 0xffdf,
    0xf7be, 0xef5d, 0x2124, 0x0000, 0x0840, 0x0020, 0x0020, 0x0020, 0x0000, 0x0000, 0x0840, 0x0000,
    0x2104, 0xd69a, 0xffdf, 0xffff, 0xffff, 0xffff, 0xffdf, 0xf79e, 0xe71c, 0xce59, 0xad55, 0x8430,
    0x630c, 0x31a6, 0x1082, 0x4a49, 0xbdf7, 0xffdf, 0xffdf, 0xffff, 0xffff, 0xffff, 0xffff, 0xffdf,
    0xf7be, 0xffdf, 0x39e7, 0x0000, 0x0000, 0x0000, 0x0020, 0x0000, 0x31a6, 0x8451, 0x0000, 0x0020,
    0x0000, 0x0000, 0x0000, 0x0000, 0x0000, 0x0000, 0x0000, 0x0000, 0x0000, 0x0000, 0x0000, 0x0000,
    0x0000, 0x0000, 0x0000, 0x0000, 0x0000, 0x0000, 0x0020, 0x0841, 0x0000, 0x8430, 0x8430, 0xf79e,
    0xffdf, 0xffff, 0xe73c, 0x1082, 0x0000, 0x0841, 0x0020, 0x0000, 0x3186, 0x8c51, 0x39e7, 0xffff,
    0xf7be, 0xffdf, 0xffff, 0xffff, 0xffff, 0xffff, 0xffdf, 0xffff, 0xffff, 0xffff, 0xffff, 0xffff,
    0xffff, 0xffff, 0xffff, 0xffff, 0xffff, 0xffff, 0xffff, 0xffff, 0xffff, 0xffff, 0xffff, 0xf7be,
    0xffff, 0x6b6d, 0x3186, 0xffff, 0xf7be, 0xffdf, 0xffff, 0xffdf, 0xffff, 0xef7d, 0x2104, 0x0000,
    0x0020, 0x0020, 0x0020, 0x0841, 0x0000, 0x632c, 0xffff, 0xf79e, 0xffff, 0xb596, 0x0000, 0x0841,
    0x0000, 0x0000, 0x0000, 0x0000, 0x0000, 0x0000, 0x0000, 0x0000, 0x0000, 0x0861, 0x4228, 0x52aa,
    0x528a, 0x4228, 0x39c7, 0x2945, 0x10a2, 0x0020, 0x0000, 0x0000, 0x0000, 0x10a2, 0x9cf4, 0xffff,
    0xffff, 0xffff, 0xffff, 0xffff, 0xffff, 0xffff, 0xffff, 0xffdf, 0xffdf, 0xf79e, 0x2945, 0x0000,
    0x0000, 0x0000, 0x0841, 0x0000, 0x9cd3, 0x3186, 0x0000, 0x0020, 0x0000, 0x0000, 0x0000, 0x0000,
    0x0000, 0x0000, 0x0000, 0x0000, 0x0000, 0x0000, 0x0000, 0x0000, 0x0000, 0x0000, 0x0000, 0x0000,
    0x0000, 0x0000, 0x0000, 0x0841, 0x0000, 0x6b6e, 0x9cf3, 0xe71c, 0xffff, 0xffff, 0xe73c, 0x10a2,
    0x0020, 0x0841, 0x0020, 0x0000, 0x0861, 0xd6ba, 0x3186, 0xc618, 0xffff, 0xf7be, 0xffff, 0xffff,
    0xffff, 0xffff, 0xffdf, 0xffff, 0xffff, 0xffff, 0xffff, 0xffff, 0xffff, 0xffff, 0xffff, 0xffff,
    0xffff, 0xffff, 0xffff, 0xffff, 0xffff, 0xffff, 0xffdf, 0xffff, 0xdedb, 0x0861, 0xce59, 0xffff,
    0xf7be, 0xffdf, 0xffdf, 0xf79e, 0xffff, 0xa555, 0x0000, 0x0840, 0x0840, 0x0820, 0x0840, 0x0841,
    0x0841, 0xce59, 0xffff, 0xf79e, 0xffff, 0x738e, 0x0000, 0x0841, 0x0000, 0x0000, 0x0000, 0x0000,
    0x0000, 0x0000, 0x0000, 0x0000, 0x0020, 0x0000, 0x0000, 0x0000, 0x0000, 0x0000, 0x0000, 0x0000,
    0x0000, 0x0000, 0x0000, 0x0841, 0x738e, 0xef5d, 0xffff, 0xffdf, 0xffdf, 0xffdf, 0xffdf, 0xffff,
    0xffff, 0xffff, 0xffff, 0xf7be, 0xffdf, 0xdefb, 0x1082, 0x0020, 0x0020, 0x0020, 0x0000, 0x528a,
    0x9492, 0x0000, 0x0000, 0x0000, 0x0000, 0x0000, 0x0000, 0x0000, 0x0000, 0x0000, 0x0000, 0x0000,
    0x0000, 0x0000, 0x0000, 0x0000, 0x0000, 0x0000, 0x0000, 0x0000, 0x0000, 0x0000, 0x0000, 0x0020,
    0x0000, 0x4a49, 0xd6ba, 0xef3c, 0xffff, 0xffff, 0xdedb, 0x0861, 0x0020, 0x0020, 0x0020, 0x0000,
    0x0020, 0xef5d, 0x8410, 0x632c, 0xffff, 0xffdf, 0xffff, 0xffff, 0xffff, 0xffff, 0xffdf, 0xffff,
    0xffff, 0xffdf, 0xffff, 0xffff, 0xffff, 0xffff, 0xffff, 0xffff, 0xffff, 0xffff, 0xffff, 0xffff,
    0xffff, 0xffdf, 0xf7be, 0xffff, 0x52aa, 0x4a49, 0xffff, 0xf7be, 0xffdf, 0xffdf, 0xffdf, 0xf7be,
    0xffff, 0x4a69, 0x0000, 0x0861, 0x0020, 0x0020, 0x0020, 0x0000, 0x4228, 0xffdf, 0xf79e, 0xf7be,
    0xf7be, 0x2965, 0x0000, 0x0020, 0x0000, 0x0020, 0x0020, 0x0000, 0x0000, 0x0000, 0x0000, 0x0000,
    0x0000, 0x0000, 0x0020, 0x0020, 0x0020, 0x0020, 0x0000, 0x0000, 0x0020, 0x0841, 0x31a6, 0xc618,
    0xffff, 0xffff, 0xffdf, 0xffff, 0xffff, 0xffff, 0xffff, 0xffff, 0xffdf, 0xffdf, 0xffbe, 0xf79e,
    0xffff, 0xc638, 0x0000, 0x0841, 0x0821, 0x0020, 0x0861, 0xb596, 0x2124, 0x0000, 0x0020, 0x0000,
    0x0000, 0x0000, 0x0000, 0x0000, 0x0000, 0x0000, 0x0000, 0x0000, 0x0000, 0x0000, 0x0000, 0x0000,
    0x0000, 0x0000, 0x0000, 0x0000, 0x0000, 0x0000, 0x0000, 0x0020, 0x0000, 0x3186, 0xf7be, 0xf79e,
    0xffdf, 0xffff, 0xad75, 0x0000, 0x0020, 0x0020, 0x0000, 0x0000, 0x0861, 0xef5d, 0xd6ba, 0x39c7,
    0xffdf, 0xffff, 0xffdf, 0xffff, 0xffdf, 0xffdf, 0xffdf, 0xffdf, 0xffff, 0xffdf, 0xffff, 0xffff,
    0xffff, 0xffff, 0xffff, 0xffff, 0xffff, 0xffff, 0xffff, 0xffff, 0xffff, 0xffdf, 0xffdf, 0xe6fc,
    0x0861, 0xbdf7, 0xffff, 0xf7be, 0xffff, 0xffff, 0xffdf, 0xffff, 0xd6ba, 0x0841, 0x0000, 0x0020,
    0x0000, 0x0000, 0x0000, 0x0000, 0xad55, 0xffff, 0xef7d, 0xffff, 0xc618, 0x0020, 0x0020, 0x0000,
    0x0000, 0x0000, 0x0000, 0x0020, 0x0000, 0x0000, 0x0000, 0x0000, 0x0000, 0x0000, 0x0000, 0x0000,
    0x0000, 0x0020, 0x0020, 0x0820, 0x0000, 0x4208, 0xffdf, 0xffff, 0xf7be, 0xffff, 0xffff, 0xffff,
    0xffff, 0xffff, 0xffff, 0xffff, 0xffff, 0xffff, 0xffff, 0xffff, 0xe73c, 0x7bef, 0x0000, 0x0841,
    0x0861, 0x0000, 0x7bef, 0xc638, 0x0000, 0x0841, 0x0020, 0x0000, 0x0000, 0x0000, 0x0000, 0x0000,
    0x0000, 0x0000, 0x0000, 0x0000, 0x0000, 0x0000, 0x0000, 0x0000, 0x0000, 0x0000, 0x0000, 0x0000,
    0x0000, 0x0000, 0x0000, 0x0020, 0x0000, 0x18c3, 0xe71c, 0xffff, 0xf79e, 0xffff, 0x632c, 0x0000,
    0x0000, 0x0000, 0x0020, 0x0000, 0x2124, 0xf7bf, 0xffff, 0x4228, 0xd6ba, 0xffff, 0xffdf, 0xffff,
    0xffff, 0xffdf, 0xffdf, 0xf7de, 0xffff, 0xffff, 0xffff, 0xffff, 0xffff, 0xffff, 0xffff, 0xffff,
    0xffff, 0xffff, 0xffff, 0xffff, 0xffff, 0xffdf, 0xffff, 0x8c51, 0x18e3, 0xffdf, 0xffff, 0xffdf,
    0xffff, 0xffff, 0xf7be, 0xffff, 0x8410, 0x0000, 0x0020, 0x0000, 0x0000, 0x0841, 0x0000, 0x3186,
    0xffff, 0xffff, 0xffff, 0xffff, 0x5acb, 0x0000, 0x0020, 0x18e3, 0x39c7, 0x7bcf, 0x632c, 0x0000,
    0x0020, 0x0000, 0x0000, 0x0000, 0x0000, 0x0000, 0x0000, 0x0000, 0x0000, 0x0020, 0x0820, 0x0000,
    0x0000, 0x3186, 0xf7df, 0xf7be, 0xffdf, 0xffff, 0xffff, 0xffff, 0xffff, 0xffff, 0xffff, 0xffff,
    0xffff, 0xdefb, 0x9cf3, 0x528a, 0x10a2, 0x0000, 0x0000, 0x0000, 0x0000, 0x2104, 0xbe18, 0x94d2,
    0x0000, 0x0020, 0x0020, 0x0000, 0x0000, 0x0000, 0x0000, 0x0000, 0x0000, 0x0000, 0x0000, 0x0000,
    0x0000, 0x0000, 0x0000, 0x0000, 0x0000, 0x0000, 0x0000, 0x0000, 0x0000, 0x0000, 0x0000, 0x0000,
    0x0000, 0x0020, 0xd69a, 0xffdf, 0xf79e, 0xef5d, 0x18e3, 0x0000, 0x0020, 0x0000, 0x0840, 0x0000,
    0x52aa, 0xffff, 0xffff, 0x5aeb, 0xad76, 0xffff, 0xf7be, 0xffff, 0xffff, 0xffff, 0xffdf, 0xffdf,
    0xffff, 0xffff, 0xffff, 0xffff, 0xffff, 0xffff, 0xffff, 0xffff, 0xffff, 0xffff, 0xffff, 0xffff,
    0xffdf, 0xffff, 0xffff, 0x31a6, 0x52aa, 0xffff, 0xffdf, 0xffff, 0xffff, 0xffdf, 0xf7be, 0xf7be,
    0x3186, 0x0000, 0x0000, 0x0000, 0x0000, 0x0020, 0x0000, 0xa534, 0xdefb, 0xad75, 0x8c91, 0x630c,
    0x4a49, 0x8410, 0xbdb7, 0xe73c, 0xffff, 0xffff, 0xffff, 0x4a69, 0x0000, 0x0041, 0x0020, 0x0000,
    0x0000, 0x0000, 0x0000, 0x0000, 0x0000, 0x0000, 0x0000, 0x2104, 0x10a2, 0x1082, 0xe73c, 0xffff,
    0xf7be, 0xffdf, 0xffdf, 0xffdf, 0xffff, 0xffff, 0xef7d, 0xa534, 0x528a, 0x1082, 0x0000, 0x0000,
    0x0000, 0x0000, 0x0020, 0x0020, 0x0000, 0x9cd3, 0x632c, 0x6b8e, 0x0000, 0x0020, 0x0000, 0x0000,
    0x0000, 0x0000, 0x0000, 0x0000, 0x0000, 0x0000, 0x0000, 0x0000, 0x0000, 0x0000, 0x0000, 0x0000,
    0x0000, 0x0000, 0x0000, 0x0000, 0x0000, 0x0000, 0x0000, 0x0000, 0x0000, 0x0000, 0xc638, 0xffdf,
    0xffff, 0x8c51, 0x0000, 0x0841, 0x0020, 0x0020, 0x0841, 0x0000, 0x9cf3, 0xffff, 0xffff, 0x6b6e,
    0x94b2, 0xffff, 0xf7be, 0xffff, 0xffff, 0xffff, 0xffff, 0xffdf, 0xffff, 0xffff, 0xffff, 0xffff,
    0xffff, 0xffff, 0xffff, 0xffff, 0xffff, 0xffff, 0xffff, 0xffff, 0xffdf, 0xffff, 0xe73c, 0x0020,
    0x94b2, 0xffff, 0xffdf, 0xffff, 0xffff, 0xf7be, 0xffff, 0xc638, 0x0020, 0x0841, 0x0020, 0x0020,
    0x0841, 0x0000, 0x6b4d, 0xef5d, 0xa534, 0xa514, 0xad75, 0xdefb, 0xffff, 0xffff, 0xffff, 0xffff,
    0xffdf, 0xf7be, 0xffff, 0xbdd7, 0x0020, 0x0020, 0x0000, 0x0000, 0x0000, 0x0000, 0x0000, 0x0000,
    0x0000, 0x0000, 0x2965, 0x4208, 0x0020, 0x0020, 0xd67a, 0xffff, 0xf7be, 0xf7be, 0xffff, 0xffff,
    0xdefb, 0x7bef, 0x2104, 0x0000, 0x0000, 0x0000, 0x0820, 0x0840, 0x0020, 0x0020, 0x0841, 0x0000,
    0x52aa, 0x8c51, 0x2104, 0x8410, 0x0000, 0x0020, 0x0000, 0x0000, 0x0000, 0x0000, 0x0000, 0x0000,
    0x0000, 0x0000, 0x0000, 0x0000, 0x0000, 0x0000, 0x0000, 0x0000, 0x0000, 0x0000, 0x0000, 0x0000,
    0x0000, 0x0000, 0x0000, 0x0000, 0x0000, 0x0000, 0xbdf7, 0xffff, 0xd6db, 0x1082, 0x0000, 0x0020,
    0x0000, 0x0020, 0x0020, 0x2104, 0xef5d, 0xef7d, 0xffff, 0x7bcf, 0x9492, 0xffff, 0xf7be, 0xffff,
    0xffff, 0xffff, 0xffdf, 0xffff, 0xffff, 0xffff, 0xffff, 0xffff, 0xffff, 0xffff, 0xffff, 0xffff,
    0xffff, 0xffff, 0xffff, 0xffdf, 0xf7be, 0xffff, 0xbe18, 0x0000, 0xb5b6, 0xffff, 0xffdf, 0xffff,
    0xffff, 0xffdf, 0xffff, 0x7bcf, 0x0000, 0x0841, 0x0000, 0x0020, 0x0000, 0x2104, 0xef7d, 0xffdf,
    0xffff, 0xffff, 0xffff, 0xffff, 0xffff, 0xffdf, 0xffdf, 0xffff, 0xffff, 0xffff, 0xffdf, 0xf7be,
    0x2124, 0x1082, 0x39e7, 0x10a2, 0x0000, 0x0000, 0x0000, 0x0000, 0x0000, 0x0000, 0x2965, 0x6b6d,
    0x0000, 0x0000, 0xbdd7, 0xffff, 0xf79e, 0xffff, 0xef5d, 0x73ae, 0x10c3, 0x0000, 0x0000, 0x0020,
    0x0020, 0x0020, 0x0020, 0x0020, 0x0020, 0x0020, 0x0020, 0x1082, 0xad55, 0x10a2, 0x2965, 0x8410,
    0x0000, 0x0841, 0x0000, 0x0000, 0x0000, 0x0000, 0x0000, 0x0000, 0x0000, 0x0000, 0x0000, 0x0000,
    0x0000, 0x0000, 0x0000, 0x0000, 0x0000, 0x0000, 0x0000, 0x0000, 0x0000, 0x0000, 0x0000, 0x0000,
    0x0000, 0x0000, 0xce79, 0xf7be, 0x31a6, 0x0000, 0x0020, 0x0000, 0x0000, 0x0020, 0x0000, 0xa514,
    0xffff, 0xef7d, 0xffff, 0x7bce, 0xa514, 0xffff, 0xf7be, 0xffdf, 0xffff, 0xffff, 0xffdf, 0xffff,
    0xffff, 0xffff, 0xffff, 0xffff, 0xffff, 0xffff, 0xffff, 0xffff, 0xffff, 0xffff, 0xffff, 0xffff,
    0xf79e, 0xffff, 0x9cd3, 0x0000, 0xc618, 0xffff, 0xf7be, 0xffff, 0xffdf, 0xffff, 0xef7d, 0x2124,
    0x0000, 0x0020, 0x0000, 0x0020, 0x0000, 0x52ab, 0xffff, 0xf79e, 0xf7be, 0xffdf, 0xdefb, 0xce79,
    0xef5d, 0xef9e, 0xef7d, 0xd6ba, 0xad75, 0x6b6d, 0xc638, 0xf7be, 0x738e, 0xad55, 0xffff, 0xbdd7,
    0x0020, 0x0000, 0x0000, 0x0000, 0x0020, 0x0841, 0x0000, 0x8430, 0x39e8, 0x0000, 0xb5b6, 0xffdf,
    0xffff, 0xd69a, 0x2124, 0x0000, 0x0000, 0x0020, 0x0000, 0x0000, 0x0000, 0x0000, 0x0000, 0x0000,
    0x0000, 0x0000, 0x0000, 0x8431, 0x4a69, 0x0000, 0x3166, 0x8410, 0x0000, 0x0020, 0x0000, 0x0000,
    0x0000, 0x0000, 0x0000, 0x0000, 0x0000, 0x0000, 0x0000, 0x0000, 0x0000, 0x0000, 0x0000, 0x0000,
    0x0000, 0x0000, 0x0000, 0x0000, 0x0000, 0x0000, 0x0000, 0x0000, 0x0000, 0x1082, 0xdefb, 0x52aa,
    0x0000, 0x0020, 0x0000, 0x0000, 0x0841, 0x0000, 0x4a69, 0xffff, 0xf7be, 0xf7be, 0xffff, 0x632c,
    0xc618, 0xffff, 0xffdf, 0xffdf, 0xffff, 0xffff, 0xffdf, 0xffff, 0xffff, 0xffff, 0xffff, 0xffff,
    0xffff, 0xffff, 0xffff, 0xffff, 0xffff, 0xffff, 0xffff, 0xffff, 0xf79e, 0xffff, 0x8c50, 0x0000,
    0xce39, 0xffff, 0xf7be, 0xffdf, 0xf7be, 0xffff, 0x5acb, 0x0000, 0x0841, 0x0820, 0x0020, 0x0841,
    0x0000, 0x8c51, 0xffff, 0xf7be, 0xffdf, 0xffff, 0xdedb, 0x94b2, 0x7c10, 0x7bcf, 0x73ae, 0x630c,
    0x4a8a, 0x4a69, 0x6b8d, 0x630c, 0x39e7, 0xb5b6, 0xffff, 0xb596, 0x0000, 0x0020, 0x0000, 0x0020,
    0x0020, 0x0840, 0x0000, 0x2965, 0xa534, 0x0000, 0xbdd7, 0xffff, 0xdefb, 0x18e3, 0x0000, 0x0841,
    0x0000, 0x0000, 0x0000, 0x0000, 0x0000, 0x0000, 0x0000, 0x0000, 0x0000, 0x2965, 0x7bef, 0x6b4d,
    0x0000, 0x0020, 0x18c3, 0x9cf3, 0x0020, 0x0020, 0x0020, 0x0000, 0x0000, 0x0000, 0x0000, 0x0000,
    0x0000, 0x0000, 0x0000, 0x0000, 0x0000, 0x0000, 0x0000, 0x0000, 0x0000, 0x0000, 0x0000, 0x0000,
    0x0000, 0x0000, 0x0000, 0x0000, 0x0000, 0x2104, 0x4a49, 0x0000, 0x0020, 0x0000, 0x0000, 0x0020,
    0x0000, 0x2124, 0xef5d, 0xffdf, 0xf7be, 0xffdf, 0xef7d, 0x5acb, 0xf77e, 0xffff, 0xffff, 0xffff,
    0xffff, 0xffff, 0xffdf, 0xffff, 0xffff, 0xffff, 0xffff, 0xffff, 0xffff, 0xffff, 0xffff, 0xffff,
    0xffff, 0xffff, 0xffff, 0xffff, 0xf79e, 0xffff, 0x8430, 0x0000, 0xbdf7, 0xffff, 0xf7be, 0xffdf,
    0xffff, 0x8c51, 0x0000, 0x0841, 0x0020, 0x0020, 0x0020, 0x0020, 0x0000, 0xbdd7, 0xffff, 0xffdf,
    0xffdf, 0xffdf, 0xffff, 0xffff, 0xffdf, 0xf7be, 0xf7be, 0xffff, 0xffff, 0xffff, 0xffdf, 0xe73c,
    0x2965, 0xa534, 0xffff, 0x39e7, 0x0000, 0x0841, 0x0000, 0x0000, 0x0000, 0x0000, 0x0020, 0x0000,
    0xa514, 0x39c7, 0xb5b6, 0xffff, 0x52cb, 0x0000, 0x0841, 0x0020, 0x0000, 0x0000, 0x0000, 0x0000,
    0x0000, 0x0000, 0x0020, 0x0000, 0x18e4, 0xdefb, 0x6b8d, 0x0000, 0x0021, 0x0841, 0x0020, 0x9cd3,
    0x2103, 0x0000, 0x0820, 0x0020, 0x0000, 0x0000, 0x0000, 0x0000, 0x0000, 0x0000, 0x0000, 0x0000,
    0x0000, 0x0000, 0x0000, 0x0000, 0x0000, 0x0000, 0x0000, 0x0000, 0x0000, 0x0000, 0x0000, 0x0000,
    0x0000, 0x0000, 0x0000, 0x0000, 0x0000, 0x0000, 0x0000, 0x0000, 0x18e3, 0xd6ba, 0xffff, 0xffdf,
    0xffdf, 0xffff, 0xb5b6, 0x8430, 0xffff, 0xffdf, 0xffff, 0xffff, 0xffff, 0xffff, 0xffdf, 0xffff,
    0xffff, 0xffff, 0xffff, 0xffff, 0xffff, 0xffff, 0xffff, 0xffff, 0xffff, 0xffff, 0xffff, 0xffff,
    0xf79e, 0xffff, 0x8c71, 0x0000, 0x9cd3, 0xffff, 0xef7d, 0xffff, 0xbdf8, 0x0020, 0x0841, 0x0020,
    0x0000, 0x0000, 0x0020, 0x0000, 0x0861, 0xdedb, 0xffff, 0xffdf, 0xffff, 0xffff, 0xffff, 0xffdf,
    0xffff, 0xffff, 0xffff, 0xffdf, 0xffdf, 0xffde, 0xf79e, 0xffff, 0x8c51, 0xa4f4, 0xc638, 0x0000,
    0x0020, 0x0020, 0x0000, 0x0000, 0x0000, 0x0000, 0x0841, 0x0000, 0x6b6e, 0x8410, 0xbdd7, 0xdefb,
    0x0020, 0x0841, 0x0000, 0x0000, 0x0000, 0x0020, 0x0020, 0x0020, 0x0020, 0x0020, 0x0000, 0x3186,
    0xad76, 0x5aec, 0x0000, 0x0020, 0x0000, 0x0020, 0x0000, 0x4228, 0x8410, 0x0000, 0x0020, 0x0020,
    0x0000, 0x0000, 0x0000, 0x0000, 0x0000, 0x0000, 0x0000, 0x0000, 0x0000, 0x0000, 0x0000, 0x0000,
    0x0000, 0x0000, 0x0000, 0x0000, 0x0000, 0x0000, 0x0000, 0x0000, 0x0000, 0x0020, 0x0840, 0x0020,
    0x0000, 0x1082, 0x18c3, 0x18e3, 0xdedb, 0xffff, 0xf7be, 0xffdf, 0xffff, 0xffff, 0x73ae, 0xe71c,
    0xffff, 0xffdf, 0xffff, 0xffff, 0xffff, 0xffff, 0xffdf, 0xffff, 0xffff, 0xffff, 0xffff, 0xffff,
    0xffff, 0xffff, 0xffff, 0xffff, 0xffff, 0xffff, 0xffff, 0xffff, 0xf7be, 0xffff, 0xad75, 0x0000,
    0x632d, 0xffff, 0xf7be, 0xef5d, 0x2104, 0x0000, 0x0020, 0x0000, 0x0000, 0x0000, 0x0841, 0x0000,
    0x31a6, 0xffdf, 0xffdf, 0xffff, 0xffff, 0xffff, 0xffff, 0xffff, 0xd6ba, 0xd6ba, 0xffdf, 0xffff,
    0xffff, 0xffff, 0xffff, 0xffff, 0x8430, 0x9cd3, 0x39e7, 0x0000, 0x0020, 0x0020, 0x0000, 0x0000,
    0x0000, 0x0000, 0x0841, 0x0000, 0x39e7, 0xa534, 0xce59, 0x8410, 0x0000, 0x0861, 0x0000, 0x0000,
    0x0000, 0x0000, 0x0000, 0x0000, 0x0000, 0x0020, 0x39c7, 0x738e, 0x2124, 0x0000, 0x0020, 0x0000,
    0x0000, 0x0000, 0x0020, 0x0000, 0x4a69, 0x6b6d, 0x1082, 0x0840, 0x0020, 0x0000, 0x0000, 0x0000,
    0x0000, 0x0000, 0x0000, 0x0000, 0x0000, 0x0000, 0x0000, 0x0000, 0x0000, 0x0000, 0x0000, 0x0000,
    0x0000, 0x0000, 0x0000, 0x0000, 0x0020, 0x0020, 0x0000, 0x0000, 0x4a6a, 0x6b6e, 0x1082, 0x3186,
    0xffbf, 0xffff, 0xffdf, 0xffbe, 0xffff, 0xa534, 0xad75, 0xffff, 0xffdf, 0xffff, 0xffff, 0xffff,
    0xffff, 0xffff, 0xffdf, 0xffdf, 0xffff, 0xffff, 0xffff, 0xffff, 0xffff, 0xffff, 0xffff, 0xffff,
    0xffff, 0xffff, 0xffff, 0xffff, 0xf7be, 0xffff, 0xdedb, 0x0040, 0x2945, 0xf7df, 0xffff, 0x52aa,
    0x0000, 0x0020, 0x0000, 0x0000, 0x0000, 0x0000, 0x0841, 0x0000, 0x6b6d, 0xffff, 0xf79e, 0xffff,
    0xffff, 0xffff, 0xffdf, 0xffff, 0xd69a, 0x8430, 0x7bef, 0x7bcf, 0x73ae, 0x632c, 0x8c51, 0xce59,
    0xa534, 0x2965, 0x0000, 0x0000, 0x0000, 0x0000, 0x0020, 0x0020, 0x0000, 0x0020, 0x0841, 0x0000,
    0x2104, 0xbdd7, 0xce59, 0x39c7, 0x0000, 0x0020, 0x0000, 0x0000, 0x0000, 0x0000, 0x0000, 0x0000,
    0x0000, 0x0000, 0x1082, 0x0000, 0x0000, 0x0000, 0x0000, 0x0000, 0x0000, 0x0000, 0x0000, 0x0020,
    0x0000, 0x18c3, 0x10a2, 0x0000, 0x0000, 0x0020, 0x0000, 0x0000, 0x0000, 0x0020, 0x0020, 0x0020,
    0x0000, 0x0000, 0x0000, 0x0000, 0x0000, 0x0000, 0x0000, 0x0000, 0x0000, 0x0000, 0x0000, 0x0000,
    0x0000, 0x0000, 0x4a6a, 0x9cd3, 0x73ae, 0x0861, 0x1082, 0x31a6, 0xdedb, 0xffff, 0xf7be, 0xffff,
    0xd69a, 0xb596, 0xffff, 0xffdf, 0xffff, 0xffff, 0xffff, 0xffff, 0xffff, 0xffff, 0xffdf, 0xffdf,
    0xffff, 0xffff, 0xffff, 0xffff, 0xffff, 0xffff, 0xffff, 0xffff, 0xffff, 0xffff, 0xffff, 0xffff,
    0xffdf, 0xffff, 0xffff, 0x39c7, 0x0000, 0xb5b6, 0xa535, 0x0000, 0x0841, 0x0000, 0x0000, 0x0000,
    0x0000, 0x0000, 0x0841, 0x0000, 0xa534, 0xffff, 0xf79e, 0xffdf, 0xffff, 0xffff, 0xffff, 0xffff,
    0xffff, 0xffff, 0xef7d, 0xd6ba, 0xc618, 0xa555, 0x9492, 0x6b4d, 0x52aa, 0x0000, 0x0000, 0x0000,
    0x0000, 0x0020, 0x0000, 0x0000, 0x31a6, 0x4208, 0x0000, 0x0020, 0x18c3, 0xdedb, 0xce79, 0x0861,
    0x0000, 0x0020, 0x0000, 0x0000, 0x0000, 0x0000, 0x0000, 0x0000, 0x0000, 0x0000, 0x0000, 0x0000,
    0x0000, 0x0000, 0x0000, 0x0000, 0x0000, 0x0020, 0x0000, 0x0000, 0x18c3, 0x6b4d, 0x8c51, 0x39c7,
    0x0841, 0x0000, 0x0000, 0x0000, 0x0000, 0x0000, 0x0000, 0x0000, 0x0000, 0x0000, 0x0020, 0x0020,
    0x0000, 0x0000, 0x0000, 0x0000, 0x0000, 0x0000, 0x0000, 0x0862, 0x632c, 0xbe18, 0xa555, 0x3186,
    0x0000, 0x0000, 0x31a6, 0x39e7, 0xd69a, 0xffff, 0xffdf, 0xf7be, 0xe71c, 0xffff, 0xffff, 0xffff,
    0xffff, 0xffff, 0xffff, 0xffff, 0xffff, 0xffff, 0xffdf, 0xffdf, 0xffff, 0xffdf, 0xffff, 0xffff,
    0xffff, 0xffff, 0xffff, 0xffff, 0xffff, 0xffff, 0xffff, 0xffff, 0xffff, 0xffdf, 0xffff, 0x8c51,
    0x0000, 0x2124, 0x18c3, 0x0000, 0x0020, 0x0000, 0x0000, 0x0000, 0x0000, 0x0000, 0x0000, 0x0861,
    0xd6ba, 0xffff, 0xf7be, 0xffff, 0xffff, 0xffff, 0xffff, 0xffff, 0xffff, 0xffdf, 0xffff, 0xffff,
    0xffff, 0xffff, 0xffff, 0xffff, 0x632c, 0x0020, 0x0841, 0x0000, 0x0000, 0x0000, 0x0020, 0x2945,
    0x52ca, 0x1082, 0x0841, 0x0020, 0x0000, 0xe71c, 0x94d3, 0x0000, 0x0841, 0x0020, 0x0000, 0x0000,
    0x0000, 0x0000, 0x0000, 0x0000, 0x0000, 0x0000, 0x0000, 0x0000, 0x0000, 0x0020, 0x0000, 0x0020,
    0x0020, 0x0000, 0x10a2, 0x7bef, 0xe71c, 0xffff, 0xffff, 0xffff, 0xce79, 0x94b2, 0x6b4d, 0x52aa,
    0x528a, 0x528a, 0x4a69, 0x39c7, 0x2104, 0x0841, 0x0000, 0x0000, 0x0020, 0x0000, 0x0000, 0x0000,
    0x0020, 0x3186, 0x7bef, 0xbdf7, 0xad75, 0x4228, 0x0000, 0x0000, 0x0841, 0x0020, 0x8c71, 0x2986,
    0xce59, 0xffff, 0xffdf, 0xffff, 0xffff, 0xffff, 0xffff, 0xffff, 0xffff, 0xffff, 0xffff, 0xffff,
    0xffff, 0xffff, 0xffdf, 0xffdf, 0xffff, 0xffff, 0xffff, 0xffff, 0xffff, 0xffff, 0xffff, 0xffff,
    0xffff, 0xffff, 0xffff, 0xffdf, 0xffdf, 0xf7be, 0xffdf, 0xe73c, 0x18e3, 0x0000, 0x0020, 0x0020,
    0x0020, 0x0000, 0x0000, 0x0000, 0x0000, 0x0020, 0x0000, 0x31a6, 0xffdf, 0xffdf, 0xffdf, 0xffff,
    0xffff, 0xffff, 0xffff, 0xffff, 0xffff, 0xffff, 0xffff, 0xffff, 0xffdf, 0xffdf, 0xf7be, 0xffff,
    0x8c71, 0x0000, 0x0020, 0x1082, 0x3186, 0x738e, 0x94b2, 0x10a2, 0x0000, 0x0000, 0x0000, 0x0000,
    0x4a69, 0xce79, 0x4208, 0x0861, 0x0000, 0x0020, 0x0000, 0x0000, 0x0000, 0x0000, 0x0000, 0x0000,
    0x0000, 0x0000, 0x0000, 0x0000, 0x0000, 0x0000, 0x0820, 0x0000, 0x0000, 0x5aeb, 0xdedb, 0xffff,
    0xffff, 0xffdf, 0xffdf, 0xffff, 0xffff, 0xffff, 0xffff, 0xffff, 0xffff, 0xffff, 0xffff, 0xffdf,
    0xef7d, 0xce59, 0x9492, 0x39c7, 0x0000, 0x0000, 0x0000, 0x0861, 0x5aeb, 0x8451, 0x6b4d, 0x2124,
    0x0000, 0x0000, 0x0000, 0x0841, 0x0000, 0x39c7, 0xce59, 0x0861, 0xd6ba, 0xffff, 0xffdf, 0xffff,
    0xffff, 0xffff, 0xffff, 0xffff, 0xffff, 0xffff, 0xffff, 0xffff, 0xffff, 0xffff, 0xffdf, 0xffff,
    0xffff, 0xffff, 0xffff, 0xffff, 0xffff, 0xffff, 0xffff, 0xffff, 0xffff, 0xffff, 0xffff, 0xffff,
    0xffdf, 0xffdf, 0xf7be, 0xffff, 0x8c51, 0x0000, 0x0820, 0x0000, 0x0000, 0x0000, 0x0000, 0x0000,
    0x0000, 0x0021, 0x0000, 0x6b6d, 0xffff, 0xf7be, 0xffdf, 0xffff, 0xffff, 0xffff, 0xffff, 0xffff,
    0xffff, 0xffff, 0xf79e, 0xe75d, 0xffff, 0xef7d, 0xe71c, 0xffff, 0x6b4d, 0x8410, 0xbe18, 0xdedb,
    0xef9e, 0xffff, 0x630c, 0x0000, 0x1082, 0x0000, 0x4208, 0xd69a, 0xdedb, 0x8430, 0xb5b6, 0xef7d,
    0x528a, 0x0000, 0x0020, 0x0000, 0x0000, 0x0000, 0x0000, 0x0000, 0x0000, 0x0000, 0x0000, 0x0000,
    0x0000, 0x0020, 0x0000, 0x2124, 0xb596, 0xffff, 0xffff, 0xffdf, 0xffff, 0xffff, 0xffff, 0xffff,
    0xffff, 0xffdf, 0xffdf, 0xffdf, 0xffdf, 0xffff, 0xffff, 0xffff, 0xffff, 0xffff, 0xffff, 0xf7be,
    0xad75, 0x2965, 0x0000, 0x0841, 0x0841, 0x0000, 0x0000, 0x0000, 0x0000, 0x0000, 0x0000, 0x0020,
    0x0000, 0x8c31, 0xad95, 0x0000, 0xe71c, 0xffff, 0xffdf, 0xffff, 0xffff, 0xffff, 0xffff, 0xffff,
    0xffff, 0xffff, 0xffff, 0xffff, 0xffff, 0xffff, 0xffdf, 0xffff, 0xffff, 0xffff, 0xffff, 0xffff,
    0xffff, 0xffff, 0xffff, 0xffff, 0xffff, 0xffff, 0xffff, 0xffff, 0xffff, 0xffdf, 0xf7be, 0xffdf,
    0x4a49, 0x0000, 0x0020, 0x0000, 0x18e3, 0x0000, 0x0000, 0x0000, 0x0020, 0x0841, 0x0000, 0xad34,
    0xffff, 0xf7be, 0xffdf, 0xffdf, 0xffff, 0xffff, 0xffff, 0xffff, 0xffdf, 0xffff, 0xce79, 0x2965,
    0x2145, 0x528a, 0xd6ba, 0xf79e, 0x5aeb, 0xffff, 0xffff, 0xffff, 0xffff, 0xe73c, 0x10a2, 0x0841,
    0x0000, 0x528a, 0xe75d, 0x632c, 0x4208, 0x5acb, 0x4208, 0x8431, 0xffff, 0x52aa, 0x0000, 0x0841,
    0x0000, 0x0000, 0x0000, 0x0000, 0x0000, 0x0020, 0x0000, 0x0020, 0x0000, 0x0000, 0x6b4d, 0xef5d,
    0xffff, 0xffdf, 0xffff, 0xffff, 0xffff, 0xffff, 0xffff, 0xffff, 0xffff, 0xffff, 0xffff, 0xffff,
    0xffff, 0xffff, 0xffff, 0xffff, 0xffdf, 0xffff, 0xffdf, 0xffdf, 0xffff, 0xf79e, 0x632c, 0x0000,
    0x0020, 0x0020, 0x0020, 0x0020, 0x0000, 0x0000, 0x0000, 0x0000, 0x0000, 0xe71c, 0x738e, 0x2104,
    0xffdf, 0xffdf, 0xffdf, 0xffff, 0xffff, 0xffff, 0xffff, 0xffff, 0xffff, 0xffff, 0xffff, 0xffff,
    0xffff, 0xffff, 0xffdf, 0xffff, 0xffff, 0xffff, 0xffff, 0xffff, 0xffff, 0xffff, 0xffff, 0xffff,
    0xffff, 0xffff, 0xffff, 0xffff, 0xffff, 0xffdf, 0xffff, 0xb5b6, 0x0000, 0x0861, 0x0000, 0x3186,
    0x5aec, 0x0000, 0x0020, 0x0000, 0x0020, 0x0020, 0x1082, 0xdefb, 0xffdf, 0xffdf, 0xffff, 0xffff,
    0xffff, 0xffdf, 0xffdf, 0xffde, 0xffff, 0xce79, 0x39c7, 0x2924, 0x7bcf, 0xa534, 0xffff, 0xb5b6,
    0x6b4d, 0xffff, 0xffdf, 0xffdf, 0xffff, 0xc618, 0x0000, 0x0020, 0x18e4, 0xdedb, 0x4228, 0x8c71,
    0xf7be, 0xffff, 0xf79e, 0x5269, 0x8c51, 0xef7d, 0x0841, 0x0000, 0x0000, 0x0000, 0x0000, 0x0000,
    0x0000, 0x0000, 0x0841, 0x0000, 0x2124, 0xb596, 0xffff, 0xffff, 0xffdf, 0xffff, 0xffff, 0xffff,
    0xffff, 0xffff, 0xffff, 0xffff, 0xffff, 0xffff, 0xffff, 0xffff, 0xffff, 0xffff, 0xffff, 0xffff,
    0xffff, 0xffff, 0xffff, 0xffff, 0xf7be, 0xffdf, 0xffff, 0x7bef, 0x0000, 0x0020, 0x0000, 0x0000,
    0x0000, 0x0000, 0x0841, 0x0000, 0x528a, 0xf79e, 0x0841, 0x9472, 0xffff, 0xf79e, 0xffdf, 0xffdf,
    0xffff, 0xffff, 0xffff, 0xffff, 0xffff, 0xffff, 0xffff, 0xffff, 0xffff, 0xffff, 0xffdf, 0xffff,
    0xffff, 0xffdf, 0xffff, 0xffff, 0xffff, 0xffff, 0xffff, 0xffff, 0xffff, 0xffff, 0xffff, 0xffff,
    0xffdf, 0xffff, 0xffff, 0x4a49, 0x0000, 0x1082, 0x0000, 0xa514, 0x4a69, 0x0000, 0x0841, 0x0020,
    0x0840, 0x0000, 0x4228, 0xffdf, 0xf7be, 0xffdf, 0xffff, 0xffff, 0xffdf, 0xffdf, 0xffdf, 0xf7be,
    0xffff, 0xdedb, 0x0020, 0xa534, 0xffff, 0xffff, 0xd6db, 0x39e8, 0xbdf7, 0xffff, 0xf7be, 0xf7be,
    0xffff, 0xa514, 0x0000, 0x0000, 0x94b2, 0x8430, 0x8410, 0xffff, 0xffdf, 0xf79e, 0xffff, 0xef7d,
    0x4208, 0xffdf, 0x4a49, 0x0000, 0x0841, 0x0000, 0x0000, 0x0000, 0x0020, 0x0000, 0x0000, 0x52aa,
    0xe73c, 0xffff, 0xffdf, 0xffff, 0xffff, 0xffff, 0xffff, 0xffff, 0xffff, 0xffff, 0xffff, 0xffff,
    0xffff, 0xffff, 0xffff, 0xffff, 0xffff, 0xffff, 0xffff, 0xffff, 0xffff, 0xffff, 0xffff, 0xffff,
    0xffff, 0xffdf, 0xf79e, 0xffff, 0x6b6d, 0x0000, 0x0841, 0x0000, 0x0000, 0x0000, 0x0020, 0x0841,
    0xce59, 0x528a, 0x2104, 0xf7be, 0xffdf, 0xffdf, 0xffdf, 0xffff, 0xffff, 0xffff, 0xffff, 0xffff,
    0xffff, 0xffff, 0xffff, 0xffff, 0xffff, 0xffff, 0xffdf, 0xffff, 0xffff, 0xffdf, 0xffff, 0xffff,
    0xffff, 0xffff, 0xffff, 0xffff, 0xffff, 0xffff, 0xffff, 0xffff, 0xf7be, 0xffff, 0xd69a, 0x0841,
    0x0020, 0x0000, 0x39c7, 0xef5d, 0x18c3, 0x0000, 0x0020, 0x0840, 0x0841, 0x0000, 0x8410, 0xffff,
    0xf7be, 0xffdf, 0xffff, 0xffff, 0xffff, 0xffff, 0xffff, 0xf7be, 0xffff, 0xce79, 0x0841, 0x8c72,
    0xd6ba, 0x7bef, 0x3186, 0xad35, 0xffff, 0xf7bf, 0xffdf, 0xffdf, 0xffff, 0x9cf3, 0x0000, 0x0020,
    0xad55, 0x4a49, 0xef5d, 0xffff, 0xffff, 0xffdf, 0xf7de, 0xffff, 0x528a, 0xd6ba, 0x7bcf, 0x0000,
    0x0841, 0x0020, 0x0020, 0x0020, 0x0000, 0x0020, 0x8c51, 0xffff, 0xffff, 0xffdf, 0xffff, 0xffff,
    0xffff, 0xffff, 0xffff, 0xffff, 0xffff, 0xffff, 0xffff, 0xffff, 0xffff, 0xffff, 0xffff, 0xffff,
    0xffff, 0xffff, 0xffff, 0xffff, 0xffff, 0xffff, 0xffff, 0xffff, 0xffff, 0xffff, 0xffdf, 0xffff,
    0xf7be, 0x3186, 0x0000, 0x0020, 0x0000, 0x0000, 0x0000, 0x52aa, 0x52aa, 0x0000, 0xce59, 0xffff,
    0xffdf, 0xffff, 0xffff, 0xffff, 0xffff, 0xffff, 0xffff, 0xffff, 0xffff, 0xffff, 0xffff, 0xffff,
    0xffff, 0xffff, 0xffff, 0xffdf, 0xffff, 0xffff, 0xffff, 0xffff, 0xffff, 0xffff, 0xffff, 0xffff,
    0xffff, 0xffff, 0xffff, 0xffdf, 0xf79e, 0xffff, 0x8430, 0x0000, 0x0861, 0x0000, 0xad55, 0xe73c,
    0x0020, 0x0000, 0x0020, 0x0020, 0x0020, 0x0020, 0xc618, 0xffff, 0xffdf, 0xffdf, 0xffff, 0xffff,
    0xffff, 0xffff, 0xffff, 0xffdf, 0xffff, 0xad75, 0x7bcf, 0x7bef, 0x18e3, 0x7bef, 0xe71c, 0xffff,
    0xf7be, 0xffdf, 0xffdf, 0xffdf, 0xffff, 0xa534, 0x0000, 0x18c3, 0xa514, 0x4228, 0xffdf, 0xffdf,
    0xffff, 0xffbf, 0xffdf, 0xf7be, 0x31a6, 0xe73c, 0x5b0b, 0x0000, 0x0841, 0x0020, 0x0841, 0x0000,
    0x2104, 0xbdf7, 0xffff, 0xffdf, 0xffff, 0xffff, 0xffff, 0xffff, 0xffff, 0xffff, 0xffff, 0xffff,
    0xffff, 0xffff, 0xffff, 0xffff, 0xffff, 0xffff, 0xffff, 0xffff, 0xffff, 0xffff, 0xffff, 0xffff,
    0xffff, 0xffff, 0xffff, 0xffff, 0xffff, 0xffff, 0xffff, 0xffdf, 0xffff, 0xb596, 0x0020, 0x0841,
    0x0020, 0x0000, 0x0841, 0x0020, 0x0000, 0xb596, 0xffff, 0xf7be, 0xffff, 0xffff, 0xffff, 0xffff,
    0xffff, 0xffff, 0xffff, 0xffff, 0xffff, 0xffff, 0xffff, 0xffff, 0xffff, 0xffff, 0xffdf, 0xffdf,
    0xffff, 0xffff, 0xffff, 0xffff, 0xffff, 0xffff, 0xffff, 0xffff, 0xffff, 0xffdf, 0xffdf, 0xffdf,
    0xf7be, 0xffff, 0x4208, 0x0000, 0x0841, 0x2945, 0xffdf, 0xbe17, 0x0000, 0x0020, 0x0020, 0x0020,
    0x0000, 0x2124, 0xf79e, 0xffff, 0xffff, 0xffff, 0xffff, 0xffff, 0xffff, 0xffff, 0xffff, 0xffdf,
    0xffff, 0x9492, 0xa514, 0xad55, 0x5acb, 0xffff, 0xffdf, 0xf7be, 0xffdf, 0xffdf, 0xffdf, 0xf7be,
    0xffff, 0xbdf7, 0x0000, 0x0841, 0xbdf7, 0x4208, 0xef7d, 0xffdf, 0xf7be, 0xf7be, 0xffff, 0x8451,
    0x52aa, 0xffff, 0x10c3, 0x0000, 0x0020, 0x0841, 0x0000, 0x39e7, 0xe6fc, 0xffff, 0xffdf, 0xffff,
    0xffff, 0xffff, 0xffff, 0xffff, 0xffff, 0xffff, 0xffff, 0xffff, 0xffff, 0xffff, 0xffff, 0xffff,
    0xffff, 0xffff, 0xffff, 0xffff, 0xffff, 0xffff, 0xffff, 0xffff, 0xffff, 0xffff, 0xffff, 0xffff,
    0xffff, 0xffff, 0xffff, 0xffbf, 0xf79e, 0xf7be, 0x31a6, 0x0000, 0x0840, 0x0000, 0x0000, 0x2104,
    0xc618, 0xffff, 0xf7be, 0xffff, 0xffff, 0xffff, 0xffff, 0xffff, 0xffff, 0xffff, 0xffff, 0xffff,
    0xffff, 0xffff, 0xffff, 0xffff, 0xffff, 0xffff, 0xffdf, 0xffff, 0xffff, 0xffff, 0xffff, 0xffff,
    0xffff, 0xffff, 0xffff, 0xffff, 0xffdf, 0xffdf, 0xffdf, 0xffdf, 0xffff, 0xe73c, 0x10a2, 0x0861,
    0x0000, 0x8410, 0xffff, 0xad75, 0x0000, 0x0000, 0x0000, 0x0841, 0x0000, 0x630c, 0xffff, 0xf7be,
    0xffff, 0xffff, 0xffff, 0xffff, 0xffff, 0xffff, 0xffff, 0xffdf, 0xffff, 0x7bce, 0xad35, 0x4249,
    0xbdd7, 0xffff, 0xf7be, 0xffdf, 0xffff, 0xffff, 0xffff, 0xffff, 0xffff, 0xe73c, 0x18c3, 0x0000,
    0xbdf7, 0x7bcf, 0x632c, 0xffff, 0xffff, 0xffdf, 0x94d2, 0x2966, 0xef7e, 0x8c71, 0x0000, 0x0841,
    0x0020, 0x0000, 0x5aeb, 0xf7be, 0xffff, 0xffdf, 0xffff, 0xffff, 0xffff, 0xffff, 0xffff, 0xffff,
    0xffff, 0xffff, 0xffff, 0xffff, 0xffff, 0xffff, 0xffff, 0xffff, 0xffff, 0xffff, 0xffff, 0xffff,
    0xffff, 0xffff, 0xffff, 0xffff, 0xffff, 0xffff, 0xffff, 0xffdf, 0xffdf, 0xffdf, 0xffff, 0xffff,
    0xffff, 0xffff, 0xa514, 0x0000, 0x0020, 0x2124, 0x8430, 0xffff, 0xffff, 0xffff, 0xffff, 0xffff,
    0xffff, 0xffff, 0xffff, 0xffff, 0xffff, 0xffdf, 0xffff, 0xffff, 0xffff, 0xffff, 0xffff, 0xffff,
    0xffff, 0xffff, 0xffdf, 0xffff, 0xffff, 0xffff, 0xffff, 0xffff, 0xffff, 0xffff, 0xffff, 0xffff,
    0xffff, 0xffff, 0xffff, 0xffdf, 0xffff, 0xbdf7, 0x0000, 0x0020, 0x0841, 0xce59, 0xffff, 0xa534,
    0x0000, 0x0000, 0x0000, 0x0841, 0x0000, 0xad75, 0xffff, 0xf7be, 0xffff, 0xffff, 0xffff, 0xffff,
    0xffff, 0xffff, 0xffff, 0xffff, 0xffff, 0x7bcf, 0x632c, 0x5aeb, 0xffff, 0xffde, 0xffff, 0xffff,
    0xffff, 0xffff, 0xffff, 0xffff, 0xf7be, 0xffff, 0x52aa, 0x0000, 0x4208, 0xffdf, 0x5acb, 0x4228,
    0x5aeb, 0x52aa, 0x632d, 0xf79e, 0xb5b6, 0x0020, 0x0841, 0x0020, 0x0000, 0x8410, 0xffff, 0xffdf,
    0xffdf, 0xffff, 0xffff, 0xffff, 0xffff, 0xffff, 0xffff, 0xffff, 0xffff, 0xffff, 0xffff, 0xffff,
    0xffff, 0xffff, 0xffff, 0xffff, 0xffff, 0xffff, 0xffff, 0xffff, 0xffff, 0xffff, 0xffff, 0xffff,
    0xffff, 0xffff, 0xffff, 0xffff, 0xffff, 0xffff, 0xf79e, 0xdeda, 0xb5d6, 0x9cd3, 0x73ae, 0x0000,
    0x0020, 0x52aa, 0x8c51, 0x8c51, 0x9cd3, 0xce59, 0xf7be, 0xffff, 0xffff, 0xffff, 0xffff, 0xffff,
    0xffff, 0xffff, 0xffff, 0xffff, 0xffff, 0xffff, 0xffff, 0xffff, 0xffff, 0xffff, 0xffdf, 0xffdf,
    0xffff, 0xffdf, 0xffff, 0xffff, 0xffff, 0xffff, 0xffff, 0xffff, 0xffff, 0xffff, 0xffff, 0xffdf,
    0xffff, 0xa514, 0x0000, 0x0000, 0x2965, 0xf79e, 0xffff, 0xa534, 0x0000, 0x0000, 0x0020, 0x0000,
    0x2124, 0xf79e, 0xffff, 0xffdf, 0xffff, 0xffff, 0xffdf, 0xffff, 0xffff, 0xffff, 0xffdf, 0xffff,
    0xf7be, 0x4208, 0x2945, 0xdefb, 0xffff, 0xf7be, 0xffff, 0xffff, 0xffff, 0xffff, 0xffff, 0xffff,
    0xf7be, 0xffff, 0xad75, 0x0020, 0x0000, 0x5aeb, 0xf7be, 0x8410, 0xa534, 0xef7d, 0xffdf, 0x8451,
    0x0841, 0x0841, 0x0000, 0x0841, 0xa534, 0xffff, 0xf7be, 0xffdf, 0xffff, 0xffff, 0xffff, 0xffff,
    0xffff, 0xffff, 0xffff, 0xffff, 0xffff, 0xffff, 0xffff, 0xffff, 0xffff, 0xffff, 0xffff, 0xffff,
    0xffff, 0xffff, 0xffff, 0xffff, 0xffff, 0xffff, 0xffff, 0xffff, 0xffff, 0xffff, 0xe71c, 0xb596,
    0x8410, 0x528a, 0x2945, 0x0861, 0x0000, 0x0000, 0x0000, 0x0000, 0x0000, 0x0000, 0x0000, 0x0000,
    0x0000, 0x0841, 0x2945, 0xce79, 0xffff, 0xf7be, 0xffff, 0xffff, 0xffff, 0xffff, 0xffff, 0xffff,
    0xffff, 0xffff, 0xffff, 0xffff, 0xffff, 0xffff, 0xffff, 0xffdf, 0xffff, 0xffff, 0xffff, 0xffff,
    0xffff, 0xffff, 0xffff, 0xffff, 0xffff, 0xffff, 0xffff, 0xf7be, 0xffff, 0x94b2, 0x0000, 0x0000,
    0x5acb, 0xffff, 0xffff, 0xbdf7, 0x0000, 0x0020, 0x0841, 0x0000, 0x6b6d, 0xffff, 0xffdf, 0xffdf,
    0xffff, 0xffff, 0xffff, 0xffdf, 0xffdf, 0xffdf, 0xf7be, 0xffff, 0xc618, 0x0020, 0xad75, 0xffff,
    0xffff, 0xffff, 0xffff, 0xffff, 0xffff, 0xffff, 0xffff, 0xffdf, 0xffdf, 0xffff, 0xef7d, 0x10a2,
    0x0000, 0x0000, 0x18e4, 0x52ca, 0x8c71, 0x6b4d, 0x18e3, 0x0000, 0x0020, 0x0000, 0x2104, 0xc618,
    0xffff, 0xffdf, 0xffff, 0xffff, 0xffff, 0xffff, 0xffff, 0xffff, 0xffff, 0xffff, 0xffff, 0xffff,
    0xffff, 0xffff, 0xffff, 0xffff, 0xffff, 0xffff, 0xffff, 0xffff, 0xffff, 0xffff, 0xffdf, 0xffff,
    0xffff, 0xffff, 0xf79e, 0xc638, 0x8410, 0x39e8, 0x10a2, 0x0000, 0x0000, 0x0000, 0x0000, 0x0000,
    0x0000, 0x0020, 0x0000, 0x0000, 0x0000, 0x0000, 0x0000, 0x0000, 0x0020, 0x0861, 0x0000, 0xa514,
    0xffff, 0xf7be, 0xffff, 0xffff, 0xffff, 0xffff, 0xffff, 0xffff, 0xffff, 0xffff, 0xffff, 0xffff,
    0xffff, 0xffff, 0xffff, 0xffdf, 0xffff, 0xffff, 0xffff, 0xffff, 0xffff, 0xffff, 0xffff, 0xffff,
    0xffff, 0xffff, 0xffdf, 0xffdf, 0xffff, 0x9492, 0x0000, 0x0000, 0x8410, 0xffff, 0xffff, 0xdefb,
    0x0841, 0x0000, 0x0861, 0x0000, 0xb596, 0xffff, 0xffdf, 0xffff, 0xffff, 0xffff, 0xffff, 0xffff,
    0xffff, 0xffdf, 0xf79e, 0xffff, 0x52aa, 0x1082, 0xffdf, 0xef7d, 0xf79e, 0xffff, 0xffff, 0xffff,
    0xffff, 0xffff, 0xffff, 0xffff, 0xf7be, 0xffff, 0xb5b6, 0x52aa, 0x2104, 0x0000, 0x0000, 0x0000,
    0x0000, 0x0000, 0x0000, 0x0000, 0x1082, 0x2945, 0xa534, 0xffff, 0xf79e, 0xffff, 0xffff, 0xffff,
    0xffff, 0xffff, 0xffff, 0xffff, 0xffff, 0xffff, 0xffff, 0xffff, 0xffff, 0xffff, 0xffff, 0xffff,
    0xffff, 0xffff, 0xffff, 0xffff, 0xffff, 0xffff, 0xffff, 0xf7be, 0xbdf7, 0x6b6d, 0x2945, 0x0000,
    0x0000, 0x0000, 0x0000, 0x0020, 0x0020, 0x0000, 0x0000, 0x0000, 0x0000, 0x0000, 0x0000, 0x0000,
    0x0000, 0x0000, 0x0000, 0x0000, 0x0000, 0x0841, 0x0000, 0xad75, 0xffff, 0xf7be, 0xffff, 0xffff,
    0xffff, 0xffff, 0xffff, 0xffff, 0xffff, 0xffff, 0xffff, 0xffff, 0xffff, 0xffff, 0xffff, 0xffdf,
    0xffff, 0xffff, 0xffff, 0xffff, 0xffff, 0xffff, 0xffff, 0xffff, 0xffff, 0xffff, 0xffff, 0xffdf,
    0xffff, 0xad55, 0x0000, 0x0000, 0xa514, 0xffff, 0xffdf, 0xf79e, 0x2945, 0x0000, 0x0841, 0x18e3,
    0xef5d, 0xffdf, 0xffdf, 0xffff, 0xffff, 0xffff, 0xffff, 0xffff, 0xffff, 0xf7be, 0xffff, 0xb5b6,
    0x0020, 0x0000, 0x83f0, 0x8c51, 0xdefb, 0xffff, 0xffdf, 0xffff, 0xffff, 0xffff, 0xffff, 0xffff,
    0xf7be, 0xffff, 0x73cf, 0xbdb7, 0xce59, 0x1082, 0x0000, 0x0840, 0x0000, 0x0000, 0x0000, 0x4228,
    0xbdf7, 0x632c, 0xef5d, 0xffff, 0xffff, 0xffff, 0xffff, 0xffff, 0xffff, 0xffff, 0xffff, 0xffff,
    0xffff, 0xffff, 0xffff, 0xffff, 0xffff, 0xffff, 0xffff, 0xffff, 0xffdf, 0xffff, 0xffff, 0xffff,
    0xffff, 0xce79, 0x7bcf, 0x2965, 0x0000, 0x0000, 0x0000, 0x0000, 0x0000, 0x0000, 0x0000, 0x0000,
    0x0000, 0x0000, 0x0000, 0x0000, 0x0000, 0x0000, 0x0000, 0x0000, 0x0000, 0x0000, 0x0000, 0x0000,
    0x0000, 0x0841, 0x0000, 0xbdd7, 0xffff, 0xf7be, 0xffff, 0xffff, 0xffff, 0xffff, 0xffff, 0xffff,
    0xffff, 0xffff, 0xffff, 0xffff, 0xffff, 0xffff, 0xffdf, 0xffff, 0xffff, 0xffff, 0xffff, 0xffff,
    0xffff, 0xffff, 0xffff, 0xffff, 0xffff, 0xffff, 0xffff, 0xffdf, 0xffff, 0xc638, 0x0020, 0x0000,
    0xb596, 0xffff, 0xf7be, 0xffdf, 0x39c7, 0x0000, 0x0000, 0x630c, 0xffff, 0xf79e, 0xffdf, 0xffff,
    0xffff, 0xffff, 0xffff, 0xffff, 0xffdf, 0xffff, 0xc618, 0x10a2, 0x0020, 0x0841, 0x0000, 0x528a,
    0xffdf, 0xf7be, 0xffdf, 0xffdf, 0xffff, 0xffff, 0xffff, 0xffff, 0xffff, 0xffdf, 0x5acb, 0xdefb,
    0xffff, 0xd69a, 0x4208, 0x0841, 0x3186, 0x632d, 0xbdd7, 0xffff, 0xb596, 0x738e, 0xffff, 0xf7be,
    0xffdf, 0xffff, 0xffff, 0xffff, 0xffff, 0xffff, 0xffff, 0xffff, 0xffff, 0xffff, 0xffff, 0xffff,
    0xffff, 0xffff, 0xffdf, 0xffff, 0xffff, 0xffdf, 0xe73c, 0x94d3, 0x39e7, 0x0020, 0x0000, 0x0000,
    0x0000, 0x0020, 0x0000, 0x0000, 0x0000, 0x0000, 0x0000, 0x0000, 0x0000, 0x0000, 0x0000, 0x0000,
    0x0000, 0x0000, 0x0000, 0x0000, 0x0000, 0x0000, 0x0000, 0x0000, 0x0000, 0x0020, 0x0020, 0xc638,
    0xffff, 0xf7be, 0xffff, 0xffff, 0xffff, 0xffff, 0xffff, 0xffff, 0xffff, 0xffff, 0xffff, 0xffff,
    0xffff, 0xffff, 0xffdf, 0xffdf, 0xffff, 0xffdf, 0xffff, 0xffff, 0xffff, 0xffff, 0xffff, 0xffff,
    0xffff, 0xffff, 0xffff, 0xffdf, 0xffdf, 0xef7d, 0x2104, 0x0000, 0xbdf7, 0xffff, 0xffdf, 0xdedb,
    0x0861, 0x0000, 0x0000, 0xb596, 0xffff, 0xf7be, 0xffff, 0xffff, 0xffff, 0xffdf, 0xffdf, 0xffff,
    0xffdf, 0x94b2, 0x0861, 0x0000, 0x0020, 0x0841, 0x0000, 0x4a69, 0xffff, 0xf7be, 0xffdf, 0xffdf,
    0xffff, 0xffff, 0xffff, 0xffdf, 0xffff, 0xd69a, 0x5acb, 0xffff, 0xf7df, 0xffff, 0xd6ba, 0xad75,
    0xffdf, 0xffff, 0xffff, 0xffff, 0x5acb, 0xd6ba, 0xffff, 0xf7be, 0xffff, 0xffff, 0xffff, 0xffff,
    0xffff, 0xffff, 0xffff, 0xffff, 0xffff, 0xffff, 0xffff, 0xffff, 0xffdf, 0xffff, 0xffff, 0xffff,
    0xbdf7, 0x4208, 0x18c3, 0x0000, 0x0000, 0x0000, 0x0020, 0x0000, 0x0000, 0x0000, 0x0000, 0x0000,
    0x0000, 0x0000, 0x0000, 0x0000, 0x0000, 0x0000, 0x0000, 0x0000, 0x0000, 0x0000, 0x0000, 0x0000,
    0x0000, 0x0000, 0x0000, 0x0000, 0x0000, 0x0020, 0x0861, 0xd6ba, 0xffff, 0xf7be, 0xffff, 0xffff,
    0xffff, 0xffff, 0xffff, 0xffff, 0xffff, 0xffff, 0xffff, 0xffff, 0xffff, 0xffff, 0xffdf, 0xffdf,
    0xffff, 0xffdf, 0xffff, 0xffff, 0xffff, 0xffff, 0xffff, 0xffff, 0xffff, 0xffff, 0xffff, 0xffff,
    0xf79e, 0xffff, 0x6b4d, 0x0000, 0xbdf7, 0xffdf, 0xffff, 0x94b2, 0x0000, 0x0020, 0x1082, 0xe71c,
    0xffff, 0xffdf, 0xffff, 0xffff, 0xffff, 0xffdf, 0xffdf, 0xdedb, 0x632c, 0x0000, 0x0000, 0x0020,
    0x0000, 0x0000, 0x0020, 0x0000, 0xbdd7, 0xffff, 0xffbe, 0xffff, 0xffff, 0xffff, 0xffff, 0xf7be,
    0xffff, 0x9cd3, 0x7bef, 0xffff, 0xf7be, 0xffdf, 0xb5b6, 0xffbe, 0xffff, 0xf79e, 0xffff, 0xbe17,
    0x632c, 0xffff, 0xffdf, 0xffdf, 0xffff, 0xffff, 0xffff, 0xffff, 0xffff, 0xffff, 0xffff, 0xffff,
    0xffff, 0xffff, 0xffff, 0xffff, 0xffff, 0xef5d, 0x94b2, 0x39e7, 0x0000, 0x0000, 0x0000, 0x0000,
    0x0000, 0x0000, 0x0000, 0x0000, 0x0000, 0x0000, 0x0000, 0x0000, 0x0000, 0x0000, 0x0000, 0x0000,
    0x0000, 0x0000, 0x0000, 0x0000, 0x0000, 0x0000, 0x0000, 0x0000, 0x0000, 0x0000, 0x0000, 0x0000,
    0x0000, 0x0000, 0x10a2, 0xe73c, 0xffdf, 0xf7be, 0xffff, 0xffff, 0xffff, 0xffff, 0xffff, 0xffff,
    0xffff, 0xffff, 0xffff, 0xffff, 0xffff, 0xffff, 0xffff, 0xffdf, 0xffff, 0xffff, 0xffff, 0xffff,
    0xffff, 0xffff, 0xffff, 0xffff, 0xffff, 0xffff, 0xffff, 0xffff, 0xf7be, 0xffff, 0xd69a, 0x0000,
    0x9cf3, 0xffff, 0xffff, 0x528a, 0x0000, 0x0861, 0x0000, 0x73ae, 0xffff, 0xf79e, 0xffdf, 0xffff,
    0xffff, 0xffdf, 0xffdf, 0xe71c, 0x8c51, 0x0020, 0x0020, 0x0020, 0x0000, 0x0000, 0x0840, 0x0000,
    0x31a6, 0xf7be, 0xf7be, 0xffdf, 0xffff, 0xffff, 0xffff, 0xf7be, 0xffff, 0x6b4d, 0xb576, 0xffff,
    0xffdf, 0xe71c, 0xc618, 0xffff, 0xf7be, 0xf7be, 0xffff, 0x632c, 0xb596, 0xffff, 0xffdf, 0xffff,
    0xffff, 0xffff, 0xffff, 0xffff, 0xffff, 0xffff, 0xffff, 0xffdf, 0xffdf, 0xffff, 0xffff, 0xd69a,
    0x738e, 0x18e3, 0x0000, 0x0000, 0x0000, 0x0000, 0x0000, 0x0000, 0x0000, 0x0000, 0x0000, 0x0000,
    0x0000, 0x0000, 0x0000, 0x0000, 0x0000, 0x0000, 0x0000, 0x0000, 0x0000, 0x0000, 0x0000, 0x0000,
    0x0000, 0x0000, 0x0000, 0x0000, 0x0000, 0x0000, 0x0000, 0x0000, 0x0000, 0x0000, 0x2104, 0xef7d,
    0xffdf, 0xffdf, 0xffff, 0xffff, 0xffff, 0xffff, 0xffff, 0xffff, 0xffff, 0xffff, 0xffff, 0xffff,
    0xffff, 0xffff, 0xffff, 0xffdf, 0xffff, 0xffff, 0xffff, 0xffff, 0xffff, 0xffff, 0xffff, 0xffff,
    0xffff, 0xffff, 0xffff, 0xffff, 0xffff, 0xffff, 0xffff, 0x630c, 0x52ab, 0xffff, 0xe73c, 0x18c3,
    0x0020, 0x0841, 0x0020, 0x0020, 0xb5d7, 0xffff, 0xf7be, 0xffdf, 0xffdf, 0xffdf, 0xf7be, 0xffff,
    0x6b6d, 0x0000, 0x0020, 0x0020, 0x0020, 0x0020, 0x0020, 0x0841, 0x0000, 0x8410, 0xffff, 0xffdf,
    0xffff, 0xffff, 0xffdf, 0xffdf, 0xf79e, 0x4a69, 0xe71c, 0xffdf, 0xffff, 0xce79, 0xe73c, 0xffff,
    0xf7be, 0xffff, 0xd6ba, 0x4a49, 0xf7be, 0xffdf, 0xffdf, 0xffdf, 0xffff, 0xffff, 0xffff, 0xffff,
    0xffff, 0xffdf, 0xffff, 0xffff, 0xffdf, 0xbdd7, 0x52aa, 0x0861, 0x0000, 0x0000, 0x0020, 0x0000,
    0x0000, 0x0000, 0x0000, 0x0000, 0x0000, 0x0000, 0x0000, 0x0000, 0x0000, 0x0000, 0x0000, 0x0000,
    0x0000, 0x0000, 0x0000, 0x0000, 0x0000, 0x0000, 0x0000, 0x0000, 0x0000, 0x0000, 0x0000, 0x0000,
    0x0000, 0x0000, 0x0000, 0x0000, 0x0000, 0x0000, 0x3186, 0xf7be, 0xffdf, 0xffdf, 0xffff, 0xffff,
    0xffff, 0xffff, 0xffff, 0xffff, 0xffff, 0xffff, 0xffff, 0xffff, 0xffff, 0xffff, 0xffdf, 0xffdf,
    0xffff, 0xffff, 0xffff, 0xffff, 0xffff, 0xffff, 0xffff, 0xffff, 0xffff, 0xffff, 0xffff, 0xffff,
    0xffff, 0xffdf, 0xffdf, 0xf79e, 0x5acb, 0xe73c, 0xb5b6, 0x0000, 0x0841, 0x0000, 0x0000, 0x0000,
    0x18c3, 0xdedb, 0xffff, 0xf7be, 0xffdf, 0xffdf, 0xffff, 0xf7be, 0x39e7, 0x0841, 0x0020, 0x0020,
    0x0000, 0x0000, 0x0000, 0x0000, 0x0020, 0x0020, 0xc638, 0xffff, 0xf7be, 0xffdf, 0xf7be, 0xffff,
    0xce79, 0x52aa, 0xffff, 0xffff, 0xffdf, 0xd69a, 0xffff, 0xffff, 0xf7be, 0xffff, 0x7bef, 0x8430,
    0xffff, 0xf7be, 0xffdf, 0xffff, 0xffff, 0xffff, 0xffff, 0xffdf, 0xffff, 0xffff, 0xf7be, 0xa514,
    0x39c7, 0x0000, 0x0000, 0x0000, 0x0020, 0x0000, 0x0000, 0x0000, 0x0000, 0x0000, 0x0000, 0x0000,
    0x0000, 0x0000, 0x0000, 0x0000, 0x0000, 0x0000, 0x0000, 0x0000, 0x0000, 0x0000, 0x0000, 0x0000,
    0x0000, 0x0000, 0x0000, 0x0000, 0x0000, 0x0000, 0x0000, 0x0000, 0x0000, 0x0000, 0x0000, 0x0000,
    0x0020, 0x0000, 0x4228, 0xffff, 0xffdf, 0xffdf, 0xffff, 0xffff, 0xffff, 0xffff, 0xffff, 0xffff,
    0xffff, 0xffff, 0xffff, 0xffff, 0xffff, 0xffff, 0xffdf, 0xffff, 0xffff, 0xffff, 0xffff, 0xffff,
    0xffff, 0xffff, 0xffff, 0xffff, 0xffff, 0xffff, 0xffff, 0xffff, 0xffff, 0xffff, 0xffff, 0xffff,
    0xe71c, 0xe71c, 0x5b0c, 0x0000, 0x0020, 0x0000, 0x0000, 0x0820, 0x0000, 0x2965, 0xef5d, 0xffff,
    0xffdf, 0xf7be, 0xffff, 0xce79, 0x18c3, 0x630c, 0x0020, 0x0000, 0x0000, 0x0000, 0x0000, 0x0000,
    0x0841, 0x0000, 0x3166, 0xf79e, 0xf7bf, 0xffdf, 0xffdf, 0xffff, 0x94b2, 0x83f0, 0xffff, 0xffff,
    0xef5d, 0xe71c, 0xffff, 0xffdf, 0xffdf, 0xf7be, 0x4228, 0xe71c, 0xffff, 0xffdf, 0xffdf, 0xffdf,
    0xffdf, 0xffdf, 0xffff, 0xffff, 0xef5d, 0x9492, 0x3186, 0x0000, 0x0000, 0x0000, 0x0000, 0x0000,
    0x0000, 0x0000, 0x0000, 0x0000, 0x0000, 0x0000, 0x0000, 0x0000, 0x0000, 0x0000, 0x0000, 0x0000,
    0x0000, 0x0000, 0x0000, 0x0000, 0x0000, 0x0000, 0x0000, 0x0000, 0x0000, 0x0000, 0x0000, 0x0000,
    0x0000, 0x0000, 0x0000, 0x0000, 0x0000, 0x0000, 0x0000, 0x0000, 0x0020, 0x0000, 0x5acb, 0xffff,
    0xffde, 0xffdf, 0xffff, 0xffff, 0xffff, 0xffff, 0xffff, 0xffff, 0xffff, 0xffff, 0xffff, 0xffff,
    0xffff, 0xffff, 0xffdf, 0xffff, 0xffff, 0xffff, 0xffff, 0xffff, 0xffff, 0xffff, 0xffff, 0xffff,
    0xffff, 0xffff, 0xffff, 0xffff, 0xffff, 0xffff, 0xffff, 0xf7be, 0xffff, 0xe75c, 0x10a2, 0x0000,
    0x0020, 0x0020, 0x0020, 0x0020, 0x0841, 0x0000, 0x3186, 0xdefb, 0xffff, 0xef7d, 0xffff, 0x9cd3,
    0x0000, 0x4a69, 0x528a, 0x0000, 0x0020, 0x0000, 0x0000, 0x0000, 0x0000, 0x0020, 0x0000, 0x6b4d,
    0xffff, 0xf7be, 0xffdf, 0xffff, 0x630c, 0xb596, 0xffff, 0xffff, 0xd69a, 0xef7d, 0xffff, 0xffdf,
    0xffff, 0xa534, 0x5acb, 0xffff, 0xffdf, 0xffdf, 0xf7bf, 0xf7be, 0xffff, 0xffff, 0xe71c, 0x8410,
    0x18e3, 0x0000, 0x0000, 0x0020, 0x0000, 0x0000, 0x0000, 0x0000, 0x0000, 0x0000, 0x0000, 0x0000,
    0x0000, 0x0000, 0x0000, 0x0000, 0x0000, 0x0000, 0x0000, 0x0000, 0x0000, 0x0000, 0x0000, 0x0000,
    0x0000, 0x0000, 0x0000, 0x0000, 0x0000, 0x0000, 0x0000, 0x0000, 0x0000, 0x0000, 0x0000, 0x0000,
    0x0000, 0x0000, 0x0000, 0x0000, 0x0020, 0x0000, 0x6b4d, 0xffff, 0xf7bf, 0xffff, 0xffff, 0xffff,
    0xffff, 0xffff, 0xffff, 0xffff, 0xffff, 0xffff, 0xffff, 0xffff, 0xffff, 0xffff, 0xffdf, 0xffff,
    0xffff, 0xffff, 0xffff, 0xffff, 0xffff, 0xffff, 0xffff, 0xffff, 0xffff, 0xffff, 0xffff, 0xffff,
    0xffff, 0xffdf, 0xffdf, 0xf79e, 0xffff, 0x94b2, 0x0000, 0x0841, 0x0000, 0x0000, 0x0000, 0x0020,
    0x0020, 0x0840, 0x0000, 0x18e3, 0xbdd7, 0xffff, 0xffff, 0x5acb, 0x0000, 0x0020, 0x83f0, 0x18c3,
    0x0000, 0x0000, 0x0000, 0x0000, 0x0000, 0x0000, 0x0841, 0x0000, 0xa534, 0xffff, 0xffdf, 0xf7be,
    0x4a49, 0xe71c, 0xffff, 0xf7be, 0xce79, 0xffff, 0xffdf, 0xf7be, 0xffff, 0x5aab, 0xb596, 0xffff,
    0xf7be, 0xffdf, 0xffff, 0xffff, 0xd6ba, 0x738e, 0x10a2, 0x0000, 0x0000, 0x0020, 0x0000, 0x0000,
    0x0000, 0x0000, 0x0000, 0x0000, 0x0000, 0x0000, 0x0000, 0x0000, 0x0000, 0x0000, 0x0000, 0x0000,
    0x0000, 0x0000, 0x0000, 0x0000, 0x0000, 0x0000, 0x0000, 0x0000, 0x0000, 0x0000, 0x0000, 0x0000,
    0x0000, 0x0000, 0x0000, 0x0000, 0x0000, 0x0000, 0x0000, 0x0000, 0x0000, 0x0000, 0x0000, 0x0020,
    0x0841, 0x0000, 0x8c51, 0xffff, 0xffdf, 0xffff, 0xffff, 0xffff, 0xffff, 0xffff, 0xffff, 0xffff,
    0xffff, 0xffff, 0xffff, 0xffff, 0xffff, 0xffff, 0xffff, 0xffdf, 0xffff, 0xffff, 0xffff, 0xffff,
    0xffff, 0xffff, 0xffff, 0xffff, 0xffff, 0xffff, 0xffff, 0xffff, 0xffff, 0xffdf, 0xffdf, 0xf7be,
    0xffff, 0x4228, 0x0000, 0x0841, 0x0000, 0x0000, 0x0000, 0x0000, 0x0000, 0x0000, 0x0020, 0x0000,
    0x0000, 0x7baf, 0xe73c, 0x2124, 0x0000, 0x0000, 0x31a7, 0x73ae, 0x0000, 0x0000, 0x0000, 0x0000,
    0x0000, 0x0000, 0x0020, 0x0000, 0x10a2, 0xdefb, 0xffff, 0xc618, 0x630c, 0xffff, 0xffdf, 0xef5c,
    0xdefb, 0xffff, 0xffdf, 0xffff, 0xdf1c, 0x4a69, 0xf7be, 0xf7be, 0xffff, 0xffff, 0xd6ba, 0x632c,
    0x0861, 0x0000, 0x0000, 0x0000, 0x0000, 0x0000, 0x0000, 0x0000, 0x0000, 0x0000, 0x0000, 0x0000,
    0x0000, 0x0000, 0x0000, 0x0000, 0x0000, 0x0000, 0x0000, 0x0000, 0x0000, 0x0000, 0x0000, 0x0000,
    0x0000, 0x0000, 0x0000, 0x0000, 0x0000, 0x0000, 0x0000, 0x0000, 0x0000, 0x0020, 0x0020, 0x0020,
    0x0020, 0x0000, 0x0000, 0x0000, 0x0000, 0x0000, 0x0000, 0x0000, 0x0000, 0x0000, 0xa534, 0xffff,
    0xffdf, 0xffff, 0xffff, 0xffff, 0xffff, 0xffff, 0xffff, 0xffff, 0xffff, 0xffff, 0xffff, 0xffff,
    0xffff, 0xffff, 0xffdf, 0xffdf, 0xffff, 0xffff, 0xffff, 0xffff, 0xffff, 0xffff, 0xffff, 0xffff,
    0xffff, 0xffff, 0xffff, 0xffff, 0xffff, 0xffff, 0xffdf, 0xffff, 0xce38, 0x0841, 0x0000, 0x0020,
    0x0000, 0x0000, 0x0000, 0x0000, 0x0000, 0x0020, 0x0020, 0x0020, 0x0000, 0x0000, 0x2104, 0x0841,
    0x0000, 0x0020, 0x0000, 0x8410, 0x2945, 0x0000, 0x0020, 0x0020, 0x0020, 0x0020, 0x0020, 0x0841,
    0x0000, 0x3186, 0xffdf, 0x8c31, 0x94b2, 0xffff, 0xffff, 0xd69a, 0xef5d, 0xffff, 0xf7be, 0xffff,
    0x8c91, 0x8410, 0xffff, 0xffff, 0xce79, 0x632c, 0x0861, 0x0000, 0x0000, 0x0020, 0x0000, 0x0000,
    0x0000, 0x0000, 0x0000, 0x0000, 0x0000, 0x0000, 0x0000, 0x0000, 0x0000, 0x0000, 0x0000, 0x0000,
    0x0000, 0x0000, 0x0000, 0x0000, 0x0000, 0x0000, 0x0000, 0x0020, 0x0020, 0x0020, 0x0000, 0x0000,
    0x0000, 0x0000, 0x0000, 0x0000, 0x0000, 0x0000, 0x0000, 0x0000, 0x0000, 0x0000, 0x0000, 0x0020,
    0x0861, 0x10c2, 0x2104, 0x2945, 0x31a6, 0x39c7, 0xce59, 0xffff, 0xffdf, 0xffff, 0xffff, 0xffff,
    0xffff, 0xffff, 0xffff, 0xffff, 0xffff, 0xffff, 0xffff, 0xffff, 0xffff, 0xffff, 0xffff, 0xffdf,
    0xffff, 0xffdf, 0xffff, 0xffff, 0xffff, 0xffff, 0xffff, 0xffff, 0xffff, 0xffff, 0xffff, 0xffff,
    0xffff, 0xffdf, 0xf7df, 0xef7d, 0x2965, 0x0000, 0x0020, 0x0000, 0x0000, 0x0000, 0x0000, 0x0000,
    0x0000, 0x0000, 0x0000, 0x0000, 0x0000, 0x0000, 0x0000, 0x0000, 0x0000, 0x1082, 0x10a2, 0x4a49,
    0x7bcf, 0x0000, 0x0841, 0x0020, 0x0020, 0x0000, 0x0000, 0x0000, 0x0020, 0x0000, 0x5acb, 0x630c,
    0xd69a, 0xffff, 0xf7be, 0xce59, 0xffdf, 0xffdf, 0xf7be, 0xffdf, 0x630c, 0xdefb, 0xce79, 0x52ab,
    0x0841, 0x0000, 0x0000, 0x0020, 0x0000, 0x0000, 0x0000, 0x0000, 0x0000, 0x0000, 0x0000, 0x0000,
    0x0000, 0x0000, 0x0000, 0x0000, 0x0000, 0x0000, 0x0020, 0x0020, 0x0020, 0x0000, 0x0000, 0x0000,
    0x0000, 0x0000, 0x0000, 0x0000, 0x0000, 0x0000, 0x0000, 0x0000, 0x0000, 0x0861, 0x18c3, 0x2965,
    0x4208, 0x52aa, 0x6b4d, 0x8410, 0x94b2, 0xa534, 0xbdd7, 0xce59, 0xdefb, 0xe73c, 0xef5d, 0xf79e,
    0xffdf, 0xffff, 0xffff, 0xffff, 0xffff, 0xffff, 0xffff, 0xffff, 0xffff, 0xffff, 0xffff, 0xffff,
    0xffff, 0xffff, 0xffff, 0xffff, 0xffff, 0xffff, 0xffff, 0xffdf, 0xffff, 0xffdf, 0xffff, 0xffff,
    0xffff, 0xffff, 0xffff, 0xffff, 0xffff, 0xffff, 0xffff, 0xffff, 0xffff, 0xffdf, 0xffff, 0x7c10,
    0x0000, 0x0841, 0x0020, 0x0000, 0x0000, 0x0000, 0x0000, 0x0000, 0x0000, 0x0000, 0x0000, 0x0000,
    0x0000, 0x0000, 0x0020, 0x0020, 0x0000, 0x0841, 0x1082, 0x52aa, 0x7bef, 0x0000, 0x0020, 0x0000,
    0x0000, 0x0000, 0x0000, 0x0000, 0x0000, 0x0041, 0x0000, 0x31a6, 0xffff, 0xffff, 0xef5d, 0xd6ba,
    0xffff, 0xf7be, 0xffff, 0xe71c, 0x4228, 0x630c, 0x0841, 0x0000, 0x0000, 0x0020, 0x0000, 0x0000,
    0x0000, 0x0000, 0x0000, 0x0000, 0x0000, 0x0000, 0x0020, 0x0000, 0x0000, 0x0000, 0x0000, 0x0000,
    0x0000, 0x0000, 0x0000, 0x0000, 0x0000, 0x0000, 0x0000, 0x0020, 0x1082, 0x2124, 0x39e7, 0x52aa,
    0x6b6d, 0x8430, 0x9cd3, 0xb596, 0xce59, 0xdedb, 0xef5d, 0xffdf, 0xffff, 0xffff, 0xffff, 0xffff,
    0xffff, 0xffff, 0xffff, 0xffff, 0xffff, 0xffff, 0xffff, 0xffff, 0xffff, 0xffff, 0xffff, 0xffff,
    0xffff, 0xffff, 0xffff, 0xffff, 0xffff, 0xffff, 0xffff, 0xffff, 0xffff, 0xffff, 0xffff, 0xffff,
    0xffff, 0xffff, 0xffdf, 0xffff
  },
  // SPEAKING
  {
    0xffdf, 0xffff, 0xdedb, 0x5acb, 0xffff, 0xffff, 0xffff, 0xffff, 0xffff, 0xffff, 0xffff, 0xffff,
    0xffff, 0xffff, 0xffff, 0xffff, 0xffff, 0xffff, 0xffff, 0xffff, 0xffff, 0xffff, 0xffff, 0xffff,
    0xffff, 0xffff, 0xffff, 0xffff, 0xffff, 0xffff, 0xffff, 0xffff, 0xffff, 0xffff, 0xffff, 0xffff,
    0xffff, 0xffff, 0xffff, 0xffff, 0xffff, 0xffff, 0xffff, 0xffff, 0xffff, 0xffff, 0xffff, 0xffff,
    0xffff, 0xffff, 0xffff, 0xffff, 0xffff, 0xffff, 0xffff, 0xf7df, 0xffff, 0xe71c, 0x1082, 0x0841,
    0x0020, 0x10a2, 0xef5d, 0xffff, 0xf7be, 0xffff, 0xffff, 0xffff, 0xffff, 0xffff, 0xffff, 0xffff,
    0xffff, 0xffff, 0xffff, 0xffff, 0xffff, 0xffff, 0xffff, 0xffff, 0xffff, 0xffff, 0xffff, 0xffff,
    0xffff, 0xffff, 0xffff, 0xffff, 0xffff, 0xffff, 0xffff, 0xffff, 0xffff, 0xffff, 0xffff, 0xffff,
    0xffff, 0xffff, 0xffff, 0xffff, 0xffff, 0xffff, 0xffff, 0xffff, 0xffff, 0xffff, 0xffff, 0xffff,
    0xffff, 0xffff, 0xffff, 0xffff, 0xffff, 0xffff, 0xffff, 0xffff, 0xffff, 0xffff, 0xffff, 0xffff,
    0xffff, 0xffff, 0xffff, 0xffff, 0xffff, 0xffff, 0x52aa, 0xd69a, 0xffdf, 0xffff, 0xdedb, 0x5acb,
    0xffff, 0xffff, 0xffff, 0xffff, 0xffff, 0xffff, 0xffff, 0xffff, 0xffff, 0xffff, 0xffff, 0xffff,
    0xffff, 0xffff, 0xffff, 0xffff, 0xffff, 0xffff, 0xffff, 0xffff, 0xffff, 0xffff, 0xffff, 0xffff,
    0xffff, 0xffff, 0xffff, 0xffff, 0xffff, 0xffff, 0xffff, 0xffff, 0xffff, 0xffff, 0xffff, 0xffff,
    0xffff, 0xffff, 0xffff, 0xffff, 0xffff, 0xffff, 0xffff, 0xffff, 0xffff, 0xffff, 0xffff, 0xffff,
    0xffff, 0xffff, 0xffff, 0xffbe, 0xffff, 0x9492, 0x0000, 0x10a2, 0x0000, 0x738e, 0xffff, 0xffdf,
    0xffff, 0xffff, 0xffff, 0xffff, 0xffff, 0xffff, 0xffff, 0xffff, 0xffff, 0xffff, 0xffff, 0xffff,
    0xffff, 0xffff, 0xffff, 0xffff, 0xffff, 0xffff, 0xffff, 0xffff, 0xffff, 0xffff, 0xffff, 0xffff,
    0xffff, 0xffff, 0xffff, 0xffff, 0xffff, 0xffff, 0xffff, 0xffff, 0xffff, 0xffff, 0xffff, 0xffff,
    0xffff, 0xffff, 0xffff, 0xffff, 0xffff, 0xffff, 0xffff, 0xffff, 0xffff, 0xffff, 0xffff, 0xffff,
    0xffff, 0xffff, 0xffff, 0xffff, 0xffff, 0xffff, 0xffff, 0xffff, 0xffff, 0xffff, 0xffff, 0xffff,
    0xffff, 0xffff, 0x52aa, 0xd6ba, 0xffdf, 0xffff, 0xdedb, 0x5acb, 0xffff, 0xffff, 0xffff, 0xffff,
    0xffff, 0xffff, 0xffff, 0xffff, 0xffff, 0xffff, 0xffff, 0xffff, 0xffff, 0xffff, 0xffff, 0xffff,
    0xffff, 0xffff, 0xffff, 0xffff, 0xffff, 0xffff, 0xffff, 0xffff, 0xffff, 0xffff, 0xffff, 0xffff,
    0xffff, 0xffff, 0xffff, 0xffff, 0xffff, 0xffff, 0xffff, 0xffff, 0xffff, 0xffff, 0xffff, 0xffff,
    0xffff, 0xffff, 0xffff, 0xffff, 0xffff, 0xffff, 0xffff, 0xffff, 0xffff, 0xffff, 0xffff, 0xffde,
    0xffff, 0x5acb, 0x0000, 0x1082, 0x0000, 0xb5b6, 0xffff, 0xffdf, 0xffff, 0xffff, 0xffff, 0xffff,
    0xffff, 0xffff, 0xffff, 0xffff, 0xffff, 0xffff, 0xffff, 0xffff, 0xffff, 0xffff, 0xffff, 0xffff,
    0xffff, 0xffff, 0xffff, 0xffff, 0xffff, 0xffff, 0xffff, 0xffff, 0xffff, 0xffff, 0xffff, 0xffff,
    0xffff, 0xffff, 0xffff, 0xffff, 0xffff, 0xffff, 0xffff, 0xffff, 0xffff, 0xffff, 0xffff, 0xffff,
    0xffff, 0xffff, 0xffff, 0xffff, 0xffff, 0xffff, 0xffff, 0xffff, 0xffff, 0xffff, 0xffff, 0xffff,
    0xffff, 0xffff, 0xffff, 0xffff, 0xffff, 0xffff, 0xffff, 0xffff, 0xffff, 0xffff, 0x52aa, 0xd6ba,
    0xffdf, 0xffff, 0xdedb, 0x5acb, 0xffff, 0xffff, 0xffff, 0xffff, 0xffff, 0xffff, 0xffff, 0xffff,
    0xffff, 0xffff, 0xffff, 0xffff, 0xffff, 0xffff, 0xffff, 0xffff, 0xffff, 0xffff, 0xffff, 0xffff,
    0xffff, 0xffff, 0xffff, 0xffff, 0xffff, 0xffff, 0xffff, 0xffff, 0xffff, 0xffff, 0xffff, 0xffff,
    0xffff, 0xffff, 0xffff, 0xffff, 0xffff, 0xffff, 0xffff, 0xffff, 0xffff, 0xffff, 0xffff, 0xffff,
    0xffff, 0xffff, 0xffff, 0xffff, 0xffff, 0xffff, 0xffff, 0xffdf, 0xffff, 0x4a69, 0x0000, 0x0861,
    0x1061, 0xdefb, 0xffdf, 0xffdf, 0xffff, 0xffff, 0xffff, 0xffff, 0xffff, 0xffff, 0xffff, 0xffff,
    0xffff, 0xffff, 0xffff, 0xffff, 0xffff, 0xffff, 0xffff, 0xffff, 0xffff, 0xffff, 0xffff, 0xffff,
    0xffff, 0xffff, 0xffff, 0xffff, 0xffff, 0xffff, 0xffff, 0xffff, 0xffff, 0xffff, 0xffff, 0xffff,
    0xffff, 0xffff, 0xffff, 0xffff, 0xffff, 0xffff, 0xffff, 0xffff, 0xffff, 0xffff, 0xffff, 0xffff,
    0xffff, 0xffff, 0xffff, 0xffff, 0xffff, 0xffff, 0xffff, 0xffff, 0xffff, 0xffff, 0xffff, 0xffff,
    0xffff, 0xffff, 0xffff, 0xffff, 0xffff, 0xffff, 0x52aa, 0xd6ba, 0xffdf, 0xffff, 0xdedb, 0x52aa,
    0xffff, 0xffff, 0xffff, 0xffff, 0xffff, 0xffff, 0xffff, 0xffff, 0xffff, 0xffff, 0xffff, 0xffff,
    0xffff, 0xffff, 0xffff, 0xffff, 0xffff, 0xffff, 0xffff, 0xffff, 0xffff, 0xffff, 0xffff, 0xffff,
    0xffff, 0xffff, 0xffff, 0xffff, 0xffff, 0xffff, 0xffff, 0xffff, 0xffff, 0xffff, 0xffff, 0xffff,
    0xffff, 0xffff, 0xffff, 0xffff, 0xffff, 0xffff, 0xffff, 0xffff, 0xffff, 0xffff, 0xffff, 0xffff,
    0xffff, 0xffff, 0xffff, 0xffdf, 0xffff, 0x6b6d, 0x0000, 0x0861, 0x18c3, 0xe73c, 0xffdf, 0xf7be,
    0xffff, 0xffff, 0xffff, 0xffff, 0xffff, 0xffff, 0xffff, 0xffff, 0xffff, 0xffff, 0xffff, 0xffff,
    0xffff, 0xffff, 0xffff, 0xffff, 0xffff, 0xffff, 0xffff, 0xffff, 0xffff, 0xffff, 0xffff, 0xffff,
    0xffff, 0xffff, 0xffff, 0xffff, 0xffff, 0xffff, 0xffff, 0xffff, 0xffff, 0xffff, 0xffff, 0xffff,
    0xffff, 0xffff, 0xffff, 0xffff, 0xffff, 0xffff, 0xffff, 0xffff, 0xffff, 0xffff, 0xffff, 0xffff,
    0xffff, 0xffff, 0xffff, 0xffff, 0xffff, 0xffff, 0xffff, 0xffff, 0xffff, 0xffff, 0xffff, 0xffff,
    0xffff, 0xffff, 0x5aab, 0xd69a, 0xffdf, 0xffff, 0xdedb, 0x52aa, 0xffff, 0xffff, 0xffff, 0xffff,
    0xffff, 0xffff, 0xffff, 0xffff, 0xffff, 0xffff, 0xffff, 0xffff, 0xffff, 0xffff, 0xffff, 0xffff,
    0xffff, 0xffff, 0xffff, 0xffff, 0xffff, 0xffff, 0xffff, 0xffff, 0xffff, 0xffff, 0xffff, 0xffff,
    0xffff, 0xffff, 0xffff, 0xffff, 0xffff, 0xffff, 0xffff, 0xffff, 0xffff, 0xffff, 0xffff, 0xffff,
    0xffff, 0xffff, 0xffff, 0xffff, 0xffff, 0xffff, 0xffff, 0xffff, 0xffff, 0xffff, 0xffff, 0xf7be,
    0xffff, 0xad75, 0x0000, 0x1082, 0x18e3, 0xef5d, 0xffdf, 0xffbe, 0xffff, 0xffff, 0xffff, 0xffff,
    0xffff, 0xffff, 0xffff, 0xffff, 0xffff, 0xffff, 0xffff, 0xffff, 0xffff, 0xffff, 0xffff, 0xffff,
    0xffff, 0xffff, 0xffff, 0xffff, 0xffff, 0xffff, 0xffff, 0xffff, 0xffff, 0xffff, 0xffff, 0xffff,
    0xffff, 0xffff, 0xffff, 0xffff, 0xffff, 0xffff, 0xffff, 0xffff, 0xffff, 0xffff, 0xffff, 0xffff,
    0xffff, 0xffff, 0xffff, 0xffff, 0xffff, 0xffff, 0xffff, 0xffff, 0xffff, 0xffff, 0xffff, 0xffff,
    0xffff, 0xffff, 0xffff, 0xffff, 0xffff, 0xffff, 0xffff, 0xffff, 0xffff, 0xffff, 0x5aab, 0xd69a,
    0xffdf, 0xffff, 0xdedb, 0x52aa, 0xffff, 0xffff, 0xffff, 0xffff, 0xffff, 0xffff, 0xffff, 0xffff,
    0xffff, 0xffff, 0xffff, 0xffff, 0xffff, 0xffff, 0xffff, 0xffff, 0xffff, 0xffff, 0xffff, 0xffff,
    0xffff, 0xffff, 0xffff, 0xffff, 0xffff, 0xffff, 0xffff, 0xffff, 0xffff, 0xffff, 0xffff, 0xffff,
    0xffff, 0xffff, 0xffff, 0xffff, 0xffff, 0xffff, 0xffff, 0xffff, 0xffff, 0xffff, 0xffff, 0xffff,
    0xffff, 0xffff, 0xffff, 0xffff, 0xffff, 0xffff, 0xffff, 0xf7bf, 0xffdf, 0xf79e, 0x2965, 0x0020,
    0x1082, 0xdefb, 0xffff, 0xffdf, 0xffff, 0xffff, 0xffff, 0xffff, 0xffff, 0xffdf, 0xffdf, 0xffdf,
    0xffff, 0xffff, 0xffff, 0xffff, 0xffff, 0xffff, 0xffff, 0xffff, 0xffff, 0xffff, 0xffff, 0xffff,
    0xffff, 0xffff, 0xffff, 0xffff, 0xffff, 0xffff, 0xffff, 0xffff, 0xffff, 0xffff, 0xffff, 0xffff,
    0xffff, 0xffff, 0xffff, 0xffff, 0xffff, 0xffff, 0xffff, 0xffff, 0xffff, 0xffff, 0xffff, 0xffff,
    0xffff, 0xffff, 0xffff, 0xffff, 0xffff, 0xffff, 0xffff, 0xffff, 0xffff, 0xffff, 0xffff, 0xffff,
    0xffff, 0xffff, 0xffff, 0xffff, 0xffff, 0xffff, 0x5aab, 0xd69a, 0xffdf, 0xffff, 0xdedb, 0x5acb,
    0xffff, 0xffff, 0xffff, 0xffff, 0xffff, 0xffff, 0xffff, 0xffff, 0xffff, 0xffff, 0xffff, 0xffff,
    0xffff, 0xffff, 0xffff, 0xffff, 0xffff, 0xffff, 0xffff, 0xffff, 0xffff, 0xffff, 0xffff, 0xffff,
    0xffff, 0xffff, 0xffff, 0xffff, 0xffff, 0xffff, 0xffff, 0xffff, 0xffff, 0xffff, 0xffff, 0xffff,
    0xffff, 0xffff, 0xffff, 0xffff, 0xffff, 0xffff, 0xffff, 0xffff, 0xffff, 0xffff, 0xffff, 0xffff,
    0xffff, 0xffff, 0xffff, 0xffdf, 0xffbe, 0xffff, 0xb596, 0x0000, 0x0000, 0xb596, 0xffff, 0xf7be,
    0xffff, 0xffff, 0xffff, 0xffdf, 0xffff, 0xffff, 0xffff, 0xffff, 0xffff, 0xffff, 0xffff, 0xffff,
    0xffff, 0xffdf, 0xffdf, 0xffdf, 0xffff, 0xffff, 0xffff, 0xffff, 0xffff, 0xffff, 0xffff, 0xffff,
    0xffff, 0xffff, 0xffff, 0xffff, 0xffff, 0xffff, 0xffff, 0xffff, 0xffff, 0xffff, 0xffff, 0xffff,
    0xffff, 0xffff, 0xffff, 0xffff, 0xffff, 0xffff, 0xffff, 0xffff, 0xffff, 0xffff, 0xffff, 0xffff,
    0xffff, 0xffff, 0xffff, 0xffff, 0xffff, 0xffff, 0xffff, 0xffff, 0xffff, 0xffff, 0xffff, 0xffff,
    0xffff, 0xffff, 0x52aa, 0xd6ba, 0xffdf, 0xffff, 0xdedb, 0x5acb, 0xffff, 0xffff, 0xffff, 0xffff,
    0xffff, 0xffff, 0xffff, 0xffff, 0xffff, 0xffff, 0xffff, 0xffff, 0xffff, 0xffff, 0xffff, 0xffff,
    0xffff, 0xffff, 0xffff, 0xffff, 0xffff, 0xffff, 0xffff, 0xffff, 0xffff, 0xffff, 0xffff, 0xffff,
    0xffff, 0xffff, 0xffff, 0xffff, 0xffff, 0xffff, 0xffff, 0xffff, 0xffff, 0xffff, 0xffff, 0xffff,
    0xffff, 0xffff, 0xffff, 0xffff, 0xffff, 0xffff, 0xffff, 0xffff, 0xffff, 0xffff, 0xffff, 0xffdf,
    0xffdf, 0xf79e, 0xffff, 0x94b2, 0x0000, 0x630c, 0xffff, 0xffff, 0xffff, 0xffff, 0xffff, 0xffff,
    0xf7be, 0xe71c, 0xce59, 0xbdf7, 0xbdf7, 0xc638, 0xdedb, 0xe75c, 0xffff, 0xffff, 0xffff, 0xffff,
    0xffff, 0xffdf, 0xffdf, 0xffff, 0xffff, 0xffff, 0xffff, 0xffff, 0xffff, 0xffff, 0xffff, 0xffff,
    0xffff, 0xffff, 0xffff, 0xffff, 0xffff, 0xffff, 0xffff, 0xffff, 0xffff, 0xffff, 0xffff, 0xffff,
    0xffff, 0xffff, 0xffff, 0xffff, 0xffff, 0xffff, 0xffff, 0xffff, 0xffff, 0xffff, 0xffff, 0xffff,
    0xffff, 0xffff, 0xffff, 0xffff, 0xffff, 0xffff, 0xffff, 0xffff, 0xffff, 0xffff, 0x5aab, 0xd6ba,
    0xffdf, 0xffff, 0xdedb, 0x52aa, 0xffff, 0xffff, 0xffff, 0xffff, 0xffff, 0xffff, 0xffff, 0xffff,
    0xffff, 0xffff, 0xffff, 0xffff, 0xffff, 0xffff, 0xffff, 0xffff, 0xffff, 0xffff, 0xffff, 0xffff,
    0xffff, 0xffff, 0xffff, 0xffff, 0xffff, 0xffff, 0xffff, 0xffff, 0xffff, 0xffff, 0xffff, 0xffff,
    0xffff, 0xffff, 0xffff, 0xffff, 0xffff, 0xffff, 0xffff, 0xffff, 0xffff, 0xffff, 0xffff, 0xffff,
    0xffff, 0xffff, 0xffff, 0xffff, 0xffff, 0xffdf, 0xffff, 0xffff, 0xffff, 0xffff, 0xef7d, 0xe71c,
    0x6b8d, 0x0861, 0xad75, 0x5aeb, 0x4208, 0x39c7, 0x39e7, 0x4228, 0x18e3, 0x0000, 0x0000, 0x0000,
    0x0000, 0x0000, 0x1082, 0x18e3, 0x31a6, 0x630c, 0x9492, 0xc638, 0xf7be, 0xffff, 0xffff, 0xffff,
    0xffdf, 0xffdf, 0xffff, 0xffff, 0xffff, 0xffff, 0xffff, 0xffff, 0xffff, 0xffff, 0xffff, 0xffff,
    0xffff, 0xffff, 0xffff, 0xffff, 0xffff, 0xffff, 0xffff, 0xffff, 0xffff, 0xffff, 0xffff, 0xffff,
    0xffff, 0xffff, 0xffff, 0xffff, 0xffff, 0xffff, 0xffff, 0xffff, 0xffff, 0xffff, 0xffff, 0xffff,
    0xffff, 0xffff, 0xffff, 0xffff, 0xffff, 0xffff, 0x5acb, 0xd6ba, 0xffdf, 0xffff, 0xdedb, 0x52aa,
    0xffff, 0xffff, 0xffff, 0xffff, 0xffff, 0xffff, 0xffff, 0xffff, 0xffff, 0xffff, 0xffff, 0xffff,
    0xffff, 0xffff, 0xffff, 0xffff, 0xffff, 0xffff, 0xffff, 0xffff, 0xffff, 0xffff, 0xffff, 0xffff,
    0xffff, 0xffff, 0xffff, 0xffff, 0xffff, 0xffff, 0xffff, 0xffff, 0xffff, 0xffff, 0xffff, 0xffff,
    0xffff, 0xffff, 0xffff, 0xffff, 0xffff, 0xffff, 0xffff, 0xffff, 0xffff, 0xffff, 0xffff, 0xffdf,
    0xffff, 0xffff, 0xf7df, 0xbdf7, 0x8410, 0x52aa, 0x4a69, 0x4a48, 0x5acb, 0x6b4c, 0x6b4d, 0x4228,
    0x0000, 0x0000, 0x0020, 0x2945, 0x4228, 0x4a69, 0x4a69, 0x31a6, 0x1082, 0x0000, 0x0000, 0x0000,
    0x0000, 0x0000, 0x0000, 0x0000, 0x2124, 0x630c, 0xad55, 0xef5d, 0xffff, 0xffff, 0xffdf, 0xffff,
    0xffff, 0xffff, 0xffff, 0xffff, 0xffff, 0xffff, 0xffff, 0xffff, 0xffff, 0xffff, 0xffff, 0xffff,
    0xffff, 0xffff, 0xffff, 0xffff, 0xffff, 0xffff, 0xffff, 0xffff, 0xffff, 0xffff, 0xffff, 0xffff,
    0xffff, 0xffff, 0xffff, 0xffff, 0xffff, 0xffff, 0xffff, 0xffff, 0xffff, 0xffff, 0xffff, 0xffff,
    0xffff, 0xffff, 0x5acb, 0xd6ba, 0xffdf, 0xffff, 0xdedb, 0x52aa, 0xffff, 0xffff, 0xffff, 0xffff,
    0xffff, 0xffff, 0xffff, 0xffff, 0xffff, 0xffff, 0xffff, 0xffff, 0xffff, 0xffff, 0xffff, 0xffff,
    0xffff, 0xffff, 0xffff, 0xffff, 0xffff, 0xffff, 0xffff, 0xffff, 0xffff, 0xffff, 0xffff, 0xffff,
    0xffff, 0xffff, 0xffff, 0xffff, 0xffff, 0xffff, 0xffff, 0xffff, 0xffff, 0xffff, 0xffff, 0xffff,
    0xffff, 0xffff, 0xffff, 0xffff, 0xffff, 0xffdf, 0xffff, 0xffff, 0xe73c, 0x8430, 0x2965, 0x0000,
    0x0000, 0x0000, 0x2965, 0x4a69, 0x5aeb, 0x8c71, 0xa534, 0x8410, 0x18c3, 0x39c7, 0x6b4c, 0x5aeb,
    0x52aa, 0x52aa, 0x630c, 0x7bcf, 0x9cd3, 0x8c71, 0x4a69, 0x0000, 0x0000, 0x0000, 0x0020, 0x0000,
    0x0000, 0x0000, 0x0000, 0x18e3, 0x6b4d, 0xce79, 0xffff, 0xffff, 0xffdf, 0xffff, 0xffff, 0xffff,
    0xffff, 0xffff, 0xffff, 0xffff, 0xffff, 0xffff, 0xffff, 0xffff, 0xffff, 0xffff, 0xffff, 0xffff,
    0xffff, 0xffff, 0xffff, 0xffff, 0xffff, 0xffff, 0xffff, 0xffff, 0xffff, 0xffff, 0xffff, 0xffff,
    0xffff, 0xffff, 0xffff, 0xffff, 0xffff, 0xffff, 0xffff, 0xffff, 0xffff, 0xffff, 0x5acb, 0xd6ba,
    0xffdf, 0xffff, 0xdedb, 0x52aa, 0xffff, 0xffff, 0xffff, 0xffff, 0xffff, 0xffff, 0xffff, 0xffff,
    0xffff, 0xffff, 0xffff, 0xffff, 0xffff, 0xffff, 0xffff, 0xffff, 0xffff, 0xffff, 0xffff, 0xffff,
    0xffff, 0xffff, 0xffff, 0xffff, 0xffff, 0xffff, 0xffff, 0xffff, 0xffff, 0xffff, 0xffff, 0xffff,
    0xffff, 0xffff, 0xffff, 0xffff, 0xffff, 0xffff, 0xffff, 0xffff, 0xffff, 0xffff, 0xffff, 0xffff,
    0xffdf, 0xffff, 0xef5d, 0x73ae, 0x18c3, 0x0000, 0x0000, 0x0000, 0x0020, 0x0000, 0x0000, 0x0000,
    0x0000, 0x0000, 0x0020, 0x1082, 0x0020, 0x1082, 0x0000, 0x0000, 0x0000, 0x0000, 0x0000, 0x0000,
    0x0020, 0x39e7, 0x94b2, 0xbdd7, 0x630c, 0x0020, 0x0000, 0x0000, 0x0020, 0x0000, 0x0020, 0x0000,
    0x0000, 0x0841, 0x5aeb, 0xce59, 0xffff, 0xffff, 0xffdf, 0xffff, 0xffff, 0xffff, 0xffff, 0xffff,
    0xffff, 0xffff, 0xffff, 0xffff, 0xffff, 0xffff, 0xffff, 0xffff, 0xffff, 0xffff, 0xffff, 0xffff,
    0xffff, 0xffff, 0xffff, 0xffff, 0xffff, 0xffff, 0xffff, 0xffff, 0xffff, 0xffff, 0xffff, 0xffff,
    0xffff, 0xffff, 0xffff, 0xffff, 0xffff, 0xffff, 0x5acb, 0xd69a, 0xffdf, 0xffff, 0xdedb, 0x52aa,
    0xffff, 0xffff, 0xffff, 0xffff, 0xffff, 0xffff, 0xffff, 0xffff, 0xffff, 0xffff, 0xffff, 0xffff,
    0xffff, 0xffff, 0xffff, 0xffff, 0xffff, 0xffff, 0xffff, 0xffff, 0xffff, 0xffff, 0xffff, 0xffff,
    0xffff, 0xffff, 0xffff, 0xffff, 0xffff, 0xffff, 0xffff, 0xffff, 0xffff, 0xffff, 0xffff, 0xffff,
    0xffff, 0xffff, 0xffff, 0xffff, 0xffff, 0xffff, 0xffdf, 0xffff, 0xffff, 0x9492, 0x18e3, 0x2945,
    0x4208, 0x18e3, 0x0020, 0x0020, 0x0000, 0x0000, 0x0000, 0x0000, 0x0000, 0x0000, 0x0000, 0x0000,
    0x0000, 0x0000, 0x0000, 0x0020, 0x0020, 0x0000, 0x0000, 0x0000, 0x0000, 0x0000, 0x0000, 0x39e7,
    0xce79, 0xdedb, 0x52aa, 0x0000, 0x0000, 0x0840, 0x0020, 0x0020, 0x0820, 0x0000, 0x0000, 0x0841,
    0x5aeb, 0xd69a, 0xffff, 0xffff, 0xffdf, 0xffff, 0xffff, 0xffff, 0xffff, 0xffff, 0xffff, 0xffff,
    0xffff, 0xffff, 0xffff, 0xffff, 0xffff, 0xffff, 0xffff, 0xffff, 0xffff, 0xffff, 0xffff, 0xffff,
    0xffff, 0xffff, 0xffff, 0xffff, 0xffff, 0xffff, 0xffff, 0xffff, 0xffff, 0xffff, 0xffff, 0xffff,
    0xffff, 0xffff, 0x5acb, 0xd69a, 0xffdf, 0xffff, 0xdedb, 0x5acb, 0xffff, 0xffff, 0xffff, 0xffff,
    0xffff, 0xffff, 0xffff, 0xffff, 0xffff, 0xffff, 0xffff, 0xffff, 0xffff, 0xffff, 0xffff, 0xffff,
    0xffff, 0xffff, 0xffff, 0xffff, 0xffff, 0xffff, 0xffff, 0xffff, 0xffff, 0xffff, 0xffff, 0xffff,
    0xffff, 0xffff, 0xffff, 0xffff, 0xffff, 0xffff, 0xffff, 0xffff, 0xffff, 0xffff, 0xffff, 0xffff,
    0xffff, 0xffdf, 0xffff, 0xd69a, 0x31a7, 0x2104, 0x7bef, 0x52aa, 0x0841, 0x0000, 0x0020, 0x0000,
    0x0000, 0x0000, 0x0000, 0x0000, 0x0000, 0x0000, 0x0000, 0x0000, 0x0000, 0x0000, 0x0000, 0x0000,
    0x0000, 0x0000, 0x0000, 0x0000, 0x0000, 0x0000, 0x0841, 0x0000, 0x0020, 0x9cf3, 0xffff, 0xad55,
    0x2104, 0x0000, 0x0020, 0x0000, 0x0000, 0x0000, 0x0020, 0x0000, 0x0000, 0x0861, 0x7bcf, 0xf79e,
    0xffff, 0xffdf, 0xffff, 0xffff, 0xffff, 0xffff, 0xffff, 0xffff, 0xffff, 0xffff, 0xffff, 0xffff,
    0xffff, 0xffff, 0xffff, 0xffff, 0xffff, 0xffff, 0xffff, 0xffff, 0xffff, 0xffff, 0xffff, 0xffff,
    0xffff, 0xffff, 0xffff, 0xffff, 0xffff, 0xffff, 0xffff, 0xffff, 0xffff, 0xffff, 0x5aca, 0xd69a,
    0xffdf, 0xffff, 0xdedb, 0x5acb, 0xffff, 0xffff, 0xffff, 0xffff, 0xffff, 0xffff, 0xffff, 0xffff,
    0xffff, 0xffff, 0xffff, 0xffff, 0xffff, 0xffff, 0xffff, 0xffff, 0xffff, 0xffff, 0xffff, 0xffff,
    0xffff, 0xffff, 0xffff, 0xffff, 0xffff, 0xffff, 0xffff, 0xffff, 0xffff, 0xffff, 0xffff, 0xffff,
    0xffff, 0xffff, 0xffff, 0xffff, 0xffff, 0xffff, 0xffff, 0xffdf, 0xffff, 0xffff, 0x8c71, 0x0861,
    0x6b4d, 0xa514, 0x2965, 0x0000, 0x0000, 0x0000, 0x0000, 0x0000, 0x0000, 0x0000, 0x0000, 0x0000,
    0x0000, 0x0000, 0x0000, 0x0000, 0x0000, 0x0000, 0x0000, 0x0000, 0x0000, 0x0000, 0x0000, 0x0000,
    0x0000, 0x0000, 0x0000, 0x0840, 0x0020, 0x0000, 0x7bef, 0xffff, 0xe73c, 0x630c, 0x0000, 0x0000,
    0x0000, 0x0000, 0x0000, 0x0000, 0x0020, 0x0000, 0x0000, 0x2965, 0xc618, 0xffff, 0xffdf, 0xffff,
    0xffff, 0xffff, 0xffff, 0xffff, 0xffff, 0xffff, 0xffff, 0xffff, 0xffff, 0xffff, 0xffff, 0xffff,
    0xffff, 0xffff, 0xffff, 0xffff, 0xffff, 0xffff, 0xffff, 0xffff, 0xffff, 0xffff, 0xffff, 0xffff,
    0xffff, 0xffff, 0xffff, 0xffff, 0xffff, 0xffff, 0x5aaa, 0xd69a, 0xffff, 0xffff, 0xdedb, 0x5acb,
    0xffff, 0xffff, 0xffff, 0xffff, 0xffff, 0xffff, 0xffff, 0xffff, 0xffff, 0xffff, 0xffff, 0xffff,
    0xffff, 0xffff, 0xffff, 0xffff, 0xffff, 0xffff, 0xffff, 0xffff, 0xffff, 0xffff, 0xffff, 0xffff,
    0xffff, 0xffff, 0xffff, 0xffff, 0xffff, 0xffff, 0xffff, 0xffff, 0xffff, 0xffff, 0xffff, 0xffff,
    0xffff, 0xffff, 0xffdf, 0xffff, 0xf7be, 0x52aa, 0x2104, 0xce59, 0x9cf3, 0x0020, 0x0000, 0x0020,
    0x0000, 0x0000, 0x0000, 0x0000, 0x0000, 0x0000, 0x0000, 0x0000, 0x0000, 0x0000, 0x0000, 0x0000,
    0x0000, 0x0000, 0x0000, 0x0000, 0x0000, 0x0000, 0x0000, 0x0000, 0x0000, 0x0000, 0x0000, 0x0000,
    0x0000, 0x0020, 0x0000, 0x8410, 0xffff, 0xffff, 0xa514, 0x0882, 0x0000, 0x0020, 0x0000, 0x0000,
    0x0000, 0x0020, 0x0841, 0x0000, 0x0020, 0x8410, 0xffff, 0xffff, 0xffdf, 0xffff, 0xffff, 0xffff,
    0xffff, 0xffff, 0xffff, 0xffff, 0xffff, 0xffff, 0xffff, 0xffff, 0xffff, 0xffff, 0xffff, 0xffff,
    0xffff, 0xffff, 0xffff, 0xffff, 0xffff, 0xffff, 0xffff, 0xffff, 0xffff, 0xffff, 0xffff, 0xffff,
    0xffff, 0xffff, 0x52aa, 0xd69a, 0xffff, 0xffff, 0xdedb, 0x5acb, 0xffff, 0xffff, 0xffff, 0xffff,
    0xffff, 0xffff, 0xffff, 0xffff, 0xffff, 0xffff, 0xffff, 0xffff, 0xffff, 0xffff, 0xffff, 0xffff,
    0xffff, 0xffff, 0xffff, 0xffff, 0xffff, 0xffff, 0xffff, 0xffff, 0xffff, 0xffff, 0xffff, 0xffff,
    0xffff, 0xffff, 0xffff, 0xffff, 0xffff, 0xffff, 0xffff, 0xffff, 0xffff, 0xf7be, 0xffff, 0xdedb,
    0x2945, 0x4a49, 0xffff, 0x94b2, 0x0000, 0x0000, 0x0020, 0x0000, 0x0000, 0x0000, 0x0000, 0x0000,
    0x0000, 0x0000, 0x0000, 0x0000, 0x0000, 0x0000, 0x0000, 0x0000, 0x0000, 0x0000, 0x0000, 0x0000,
    0x0000, 0x0000, 0x0000, 0x0000, 0x0000, 0x0000, 0x0000, 0x0000, 0x0000, 0x0020, 0x0020, 0x0000,
    0xb596, 0xffff, 0xffff, 0xce79, 0x2104, 0x0000, 0x0841, 0x0020, 0x0020, 0x0020, 0x0020, 0x0820,
    0x0020, 0x0000, 0x4a49, 0xef5d, 0xffff, 0xf7be, 0xffff, 0xffff, 0xffff, 0xffff, 0xffff, 0xffff,
    0xffff, 0xffff, 0xffff, 0xffff, 0xffff, 0xffff, 0xffff, 0xffff, 0xffff, 0xffff, 0xffff, 0xffff,
    0xffff, 0xffff, 0xffff, 0xffff, 0xffff, 0xffff, 0xffff, 0xffff, 0xffff, 0xffff, 0x52aa, 0xd69a,
    0xffff, 0xffff, 0xdedb, 0x5acb, 0xffff, 0xffff, 0xffff, 0xffff, 0xffff, 0xffff, 0xffff, 0xffff,
    0xffff, 0xffff, 0xffff, 0xffff, 0xffff, 0xffff, 0xffff, 0xffff, 0xffff, 0xffff, 0xffff, 0xffff,
    0xffff, 0xffff, 0xffff, 0xffff, 0xffff, 0xffff, 0xffff, 0xffff, 0xffff, 0xffff, 0xffff, 0xffff,
    0xffff, 0xffff, 0xffff, 0xffff, 0xf7be, 0xffff, 0xbe18, 0x0862, 0x738e, 0xffff, 0x8c71, 0x0000,
    0x0841, 0x0000, 0x0000, 0x0000, 0x0000, 0x0000, 0x0000, 0x0000, 0x0000, 0x0000, 0x0000, 0x0000,
    0x0000, 0x0000, 0x0000, 0x0000, 0x0000, 0x0000, 0x0000, 0x0000, 0x0000, 0x0000, 0x0000, 0x0000,
    0x0000, 0x0000, 0x0000, 0x0000, 0x0000, 0x0000, 0x0000, 0x0000, 0x2104, 0xef5d, 0xf79e, 0xffff,
    0xdefb, 0x2104, 0x0000, 0x0841, 0x0020, 0x0000, 0x0000, 0x0000, 0x0000, 0x0841, 0x0000, 0x2945,
    0xd69a, 0xffff, 0xf7be, 0xffff, 0xffff, 0xffff, 0xffff, 0xffff, 0xffff, 0xffff, 0xffff, 0xffff,
    0xffff, 0xffff, 0xffff, 0xffff, 0xffff, 0xffff, 0xffff, 0xffff, 0xffff, 0xffff, 0xffff, 0xffff,
    0xffff, 0xffff, 0xffff, 0xffff, 0xffff, 0xffff, 0x52aa, 0xd69a, 0xffff, 0xffff, 0xdedb, 0x5acb,
    0xffff, 0xffff, 0xffff, 0xffff, 0xffff, 0xffff, 0xffff, 0xffff, 0xffff, 0xffff, 0xffff, 0xffff,
    0xffff, 0xffff, 0xffff, 0xffff, 0xffff, 0xffff, 0xffff, 0xffff, 0xffff, 0xffff, 0xffff, 0xffff,
    0xffff, 0xffff, 0xffff, 0xffff, 0xffff, 0xffff, 0xffff, 0xffff, 0xffff, 0xffff, 0xffff, 0xffbe,
    0xffff, 0xad55, 0x0020, 0x9cd3, 0xffff, 0xad55, 0x0000, 0x0020, 0x0000, 0x0000, 0x0000, 0x0000,
    0x0000, 0x0000, 0x0000, 0x0000, 0x0000, 0x0000, 0x0000, 0x0000, 0x0000, 0x0000, 0x0000, 0x0000,
    0x0000, 0x0000, 0x0000, 0x0000, 0x0000, 0x0000, 0x0000, 0x0000, 0x0000, 0x0000, 0x0000, 0x0000,
    0x0000, 0x0000, 0x0000, 0x0841, 0x0000, 0x6b6d, 0xffff, 0xf79e, 0xffff, 0xd6ba, 0x18c3, 0x0000,
    0x0020, 0x0000, 0x0000, 0x0000, 0x0000, 0x0000, 0x0841, 0x0000, 0x10a2, 0xc618, 0xffff, 0xffdf,
    0xffff, 0xffff, 0xffff, 0xffff, 0xffff, 0xffff, 0xffff, 0xffff, 0xffff, 0xffff, 0xffff, 0xffff,
    0xffff, 0xffff, 0xffff, 0xffff, 0xffff, 0xffff, 0xffff, 0xffff, 0xffff, 0xffff, 0xffff, 0xffff,
    0xffff, 0xffff, 0x5acb, 0xd6ba, 0xffff, 0xffff, 0xdedb, 0x5acb, 0xffff, 0xffff, 0xffff, 0xffff,
    0xffff, 0xffff, 0xffff, 0xffff, 0xffff, 0xffff, 0xffff, 0xffff, 0xffff, 0xffff, 0xffff, 0xffff,
    0xffff, 0xffff, 0xffff, 0xffff, 0xffff, 0xffff, 0xffff, 0xffff, 0xffff, 0xffff, 0xffff, 0xffff,
    0xffff, 0xffff, 0xffff, 0xffff, 0xffff, 0xffff, 0xf7be, 0xffff, 0xa534, 0x0861, 0xb5b6, 0xffff,
    0xd6ba, 0x1082, 0x0020, 0x0840, 0x0020, 0x0000, 0x0000, 0x0000, 0x0000, 0x0000, 0x0000, 0x0000,
    0x0000, 0x0000, 0x0000, 0x0000, 0x0000, 0x0000, 0x0000, 0x1082, 0x0020, 0x0000, 0x0000, 0x0000,
    0x0000, 0x0000, 0x0000, 0x0000, 0x0000, 0x0000, 0x0000, 0x0000, 0x0000, 0x0020, 0x0020, 0x0020,
    0x0020, 0x0861, 0xdedb, 0xffff, 0xf79e, 0xffff, 0xce59, 0x0861, 0x0000, 0x0020, 0x0000, 0x0000,
    0x0000, 0x0000, 0x0000, 0x0020, 0x0000, 0x1082, 0xc618, 0xffff, 0xf7be, 0xffff, 0xffff, 0xffff,
    0xffff, 0xffff, 0xffff, 0xffff, 0xffff, 0xffff, 0xffff, 0xffff, 0xffff, 0xffff, 0xffff, 0xffff,
    0xffff, 0xffff, 0xffff, 0xffff, 0xffff, 0xffff, 0xffff, 0xffff, 0xffff, 0xffff, 0x5acb, 0xd6ba,
    0xffff, 0xffff, 0xdedb, 0x5acb, 0xffff, 0xffff, 0xffff, 0xffff, 0xffff, 0xffff, 0xffff, 0xffff,
    0xffff, 0xffff, 0xffff, 0xffff, 0xffff, 0xffff, 0xffff, 0xffff, 0xffff, 0xffff, 0xffff, 0xffff,
    0xffff, 0xffff, 0xffff, 0xffff, 0xffff, 0xffff, 0xffff, 0xffff, 0xffff, 0xffff, 0xffff, 0xffff,
    0xffff, 0xf7be, 0xffff, 0xb596, 0x0861, 0xbdf7, 0xffff, 0xf7bf, 0x4228, 0x0000, 0x0020, 0x0000,
    0x0000, 0x0000, 0x0000, 0x0000, 0x18e3, 0x0000, 0x0000, 0x0000, 0x0000, 0x0000, 0x0000, 0x0000,
    0x0000, 0x0000, 0x0000, 0x4a49, 0x10a2, 0x0000, 0x0000, 0x0000, 0x0000, 0x0000, 0x0000, 0x0000,
    0x0000, 0x0000, 0x0000, 0x0000, 0x0000, 0x0000, 0x0020, 0x0820, 0x0861, 0x0000, 0x7bef, 0xffff,
    0xf79e, 0xf79e, 0xffff, 0xb5b6, 0x0020, 0x0020, 0x0000, 0x0000, 0x0000, 0x0000, 0x0000, 0x0000,
    0x0020, 0x0000, 0x1082, 0xc638, 0xffff, 0xffdf, 0xffff, 0xffff, 0xffff, 0xffff, 0xffff, 0xffff,
    0xffff, 0xffff, 0xffff, 0xffff, 0xffff, 0xffff, 0xffff, 0xffff, 0xffff, 0xffff, 0xffff, 0xffff,
    0xffff, 0xffff, 0xffff, 0xffff, 0xffff, 0xffff, 0x5acb, 0xd6ba, 0xffff, 0xffff, 0xdedb, 0x5acb,
    0xffff, 0xffff, 0xffff, 0xffff, 0xffff, 0xffff, 0xffff, 0xffff, 0xffff, 0xffff, 0xffff, 0xffff,
    0xffff, 0xffff, 0xffff, 0xffff, 0xffff, 0xffff, 0xffff, 0xffff, 0xffff, 0xffff, 0xffff, 0xffff,
    0xffff, 0xffff, 0xffff, 0xffff, 0xffff, 0xffff, 0xffff, 0xffff, 0xffdf, 0xffff, 0xbdf7, 0x0861,
    0xbdd7, 0xffff, 0xffdf, 0x9492, 0x0000, 0x0000, 0x0000, 0x0000, 0x0000, 0x0000, 0x0000, 0x4228,
    0x31a6, 0x0000, 0x0000, 0x0000, 0x0000, 0x0000, 0x0000, 0x0000, 0x0000, 0x0020, 0x0000, 0x8430,
    0x2104, 0x0000, 0x0020, 0x0000, 0x0000, 0x0000, 0x0000, 0x0000, 0x0000, 0x0000, 0x0000, 0x0000,
    0x0000, 0x0000, 0x0000, 0x0000, 0x0000, 0x0000, 0x2965, 0xf79e, 0xf7be, 0xffdf, 0xffdf, 0xffff,
    0x8c71, 0x0000, 0x0841, 0x0020, 0x0000, 0x0000, 0x0000, 0x0000, 0x0000, 0x0020, 0x0000, 0x18a2,
    0xd69a, 0xffff, 0xf7be, 0xffff, 0xffff, 0xffff, 0xffff, 0xffff, 0xffff, 0xffff, 0xffff, 0xffff,
    0xffff, 0xffff, 0xffff, 0xffff, 0xffff, 0xffff, 0xffff, 0xffff, 0xffff, 0xffff, 0xffff, 0xffff,
    0xffff, 0xffff, 0x5acb, 0xd69a, 0xffdf, 0xffff, 0xdedb, 0x52ca, 0xffff, 0xffff, 0xffff, 0xffff,
    0xffff, 0xffff, 0xffff, 0xffff, 0xffff, 0xffff, 0xffff, 0xffff, 0xffff, 0xffff, 0xffff, 0xffff,
    0xffff, 0xffff, 0xffff, 0xffff, 0xffff, 0xffff, 0xffff, 0xffff, 0xffff, 0xffff, 0xffff, 0xffff,
    0xffff, 0xffff, 0xffff, 0xf7be, 0xffff, 0xd6ba, 0x0861, 0xa4f4, 0xffff, 0xffdf, 0xef9d, 0x1082,
    0x0841, 0x4208, 0x0020, 0x0000, 0x0020, 0x0000, 0x2104, 0x8410, 0x0020, 0x0020, 0x0020, 0x0020,
    0x0000, 0x0000, 0x0000, 0x0000, 0x0020, 0x0020, 0x0000, 0xad75, 0x2124, 0x0000, 0x0020, 0x0000,
    0x0000, 0x0000, 0x0000, 0x0000, 0x0000, 0x0020, 0x0020, 0x0020, 0x0020, 0x0000, 0x2104, 0x7bcf,
    0x52aa, 0x0020, 0x0000, 0xce59, 0xffff, 0xf7bf, 0xf7bf, 0xf7be, 0xffff, 0x4a49, 0x0000, 0x0840,
    0x0000, 0x0000, 0x0000, 0x0000, 0x0000, 0x0000, 0x0840, 0x0000, 0x2945, 0xef5d, 0xffff, 0xffdf,
    0xffff, 0xffff, 0xffff, 0xffff, 0xffff, 0xffff, 0xffff, 0xffff, 0xffff, 0xffff, 0xffff, 0xffff,
    0xffff, 0xffff, 0xffff, 0xffff, 0xffff, 0xffff, 0xffff, 0xffff, 0xffff, 0xffff, 0x52aa, 0xd69a,
    0xffdf, 0xffff, 0xdedb, 0x52aa, 0xffff, 0xffff, 0xffff, 0xffff, 0xffff, 0xffff, 0xffff, 0xffff,
    0xffff, 0xffff, 0xffff, 0xffff, 0xffff, 0xffff, 0xffff, 0xffff, 0xffff, 0xffff, 0xffff, 0xffff,
    0xffff, 0xffff, 0xffff, 0xffff, 0xffff, 0xffff, 0xffff, 0xffff, 0xffff, 0xffff, 0xffff, 0xffdf,
    0xf79e, 0x18e3, 0x7bef, 0xffff, 0xef5d, 0xffff, 0x8c91, 0x4a49, 0xdedb, 0x738e, 0x0000, 0x0841,
    0x0841, 0x0000, 0x8c51, 0x39c7, 0x0000, 0x0020, 0x0020, 0x0000, 0x0000, 0x0000, 0x0000, 0x0000,
    0x0020, 0x0000, 0x0861, 0xce59, 0x18e3, 0x0000, 0x0020, 0x0000, 0x0000, 0x0000, 0x0000, 0x0000,
    0x0000, 0x0000, 0x0000, 0x0020, 0x0841, 0x0841, 0xc618, 0xffff, 0xffff, 0xc638, 0x2124, 0x9492,
    0xffff, 0xffdf, 0xffdf, 0xffdf, 0xffff, 0xd6bb, 0x1082, 0x0000, 0x0020, 0x0000, 0x0000, 0x0000,
    0x0000, 0x0000, 0x0000, 0x0841, 0x0000, 0x4a69, 0xffdf, 0xf7be, 0xffff, 0xffff, 0xffff, 0xffff,
    0xffff, 0xffff, 0xffff, 0xffff, 0xffff, 0xffff, 0xffff, 0xffff, 0xffff, 0xffff, 0xffff, 0xffff,
    0xffff, 0xffff, 0xffff, 0xffff, 0xffff, 0xffff, 0x52aa, 0xd69a, 0xffdf, 0xffff, 0xdedb, 0x52aa,
    0xffff, 0xffff, 0xffff, 0xffff, 0xffff, 0xffff, 0xffff, 0xffff, 0xffff, 0xffff, 0xffff, 0xffff,
    0xffff, 0xffff, 0xffff, 0xffff, 0xffff, 0xffff, 0xffff, 0xffff, 0xffff, 0xffff, 0xffff, 0xffff,
    0xffff, 0xffff, 0xffff, 0xffff, 0xffff, 0xffdf, 0xf7be, 0xffff, 0x4a49, 0x528a, 0xffff, 0xf7be,
    0xffff, 0xffdf, 0xc618, 0xffff, 0xbdd7, 0x3186, 0x1082, 0x0020, 0x0000, 0x39e7, 0x9cf3, 0x0000,
    0x630c, 0x4a49, 0x0000, 0x0000, 0x0000, 0x0000, 0x0000, 0x0000, 0x0841, 0x0000, 0x39c7, 0xe73c,
    0x1082, 0x0020, 0x0841, 0x0000, 0x0020, 0x0020, 0x0020, 0x0000, 0x0000, 0x6b6e, 0x8c51, 0x0841,
    0x0020, 0x18c3, 0xe73c, 0xf7be, 0xf79e, 0xffff, 0xe71c, 0xa534, 0xffff, 0xffff, 0xffff, 0xffff,
    0xf7be, 0xffff, 0x9492, 0x0000, 0x0841, 0x0000, 0x0000, 0x0000, 0x0000, 0x0000, 0x0000, 0x0000,
    0x0020, 0x0000, 0x7bef, 0xffff, 0xf7de, 0xffdf, 0xffff, 0xffff, 0xffff, 0xffff, 0xffff, 0xffff,
    0xffff, 0xffff, 0xffff, 0xffff, 0xffff, 0xffff, 0xffff, 0xffff, 0xffff, 0xffff, 0xffff, 0xffff,
    0xffff, 0xffff, 0x52aa, 0xd69a, 0xffdf, 0xffff, 0xdedb, 0x5acb, 0xffff, 0xffff, 0xffff, 0xffff,
    0xffff, 0xffff, 0xffff, 0xffff, 0xffff, 0xffff, 0xffff, 0xffff, 0xffff, 0xffff, 0xffff, 0xffff,
    0xffff, 0xffff, 0xffff, 0xffff, 0xffff, 0xffff, 0xffff, 0xffff, 0xffff, 0xffff, 0xffff, 0xffff,
    0xffff, 0xffdf, 0xffff, 0x8410, 0x2125, 0xf7be, 0xffdf, 0xffff, 0xffff, 0xf7be, 0xffff, 0xd69a,
    0x2124, 0x31c6, 0x0020, 0x0020, 0x0000, 0x9cb3, 0x4208, 0x0841, 0xef5d, 0x39c7, 0x2945, 0x10a2,
    0x0000, 0x0000, 0x0000, 0x0000, 0x0841, 0x0000, 0x6b6d, 0xe73c, 0x0020, 0x0020, 0x0840, 0x0020,
    0x0020, 0x0000, 0x18c3, 0x39e7, 0x0000, 0xce79, 0xffff, 0xbdd7, 0x0861, 0x0841, 0xdedb, 0xffdf,
    0xf7be, 0xffdf, 0xffff, 0xffff, 0xffff, 0xffff, 0xffff, 0xffff, 0xffdf, 0xffdf, 0xffdf, 0x39e7,
    0x0000, 0x0020, 0x0000, 0x0000, 0x0000, 0x0000, 0x0000, 0x0000, 0x0000, 0x0841, 0x0020, 0xbdf7,
    0xffff, 0xf7be, 0xffff, 0xffff, 0xffff, 0xffff, 0xffff, 0xffff, 0xffff, 0xffff, 0xffff, 0xffff,
    0xffff, 0xffff, 0xffff, 0xffff, 0xffff, 0xffff, 0xffff, 0xffff, 0xffff, 0xffff, 0x52aa, 0xd69a,
    0xffdf, 0xffff, 0xdedb, 0x5acb, 0xffff, 0xffff, 0xffff, 0xffff, 0xffff, 0xffff, 0xffff, 0xffff,
    0xffff, 0xffff, 0xffff, 0xffff, 0xffff, 0xffff, 0xffff, 0xffff, 0xffff, 0xffff, 0xffff, 0xffff,
    0xffff, 0xffff, 0xffff, 0xffff, 0xffff, 0xffff, 0xffff, 0xffff, 0xf7be, 0xffff, 0xc618, 0x18e4,
    0xdefb, 0xffdf, 0xffff, 0xd6db, 0xe73c, 0xffdf, 0xef7d, 0x2965, 0x0000, 0x0000, 0x0820, 0x0000,
    0x2945, 0xb596, 0x0000, 0x630c, 0xdf1c, 0x0841, 0x39c7, 0x0841, 0x0000, 0x0000, 0x0000, 0x0000,
    0x0841, 0x0000, 0xb5b6, 0xc638, 0x0000, 0x0821, 0x0020, 0x0000, 0x0020, 0x0020, 0x0020, 0x2124,
    0x0000, 0x528a, 0xffdf, 0xffff, 0x9492, 0x0000, 0xd67a, 0xffff, 0xf7be, 0xffff, 0xffdf, 0xffff,
    0xffff, 0xffdf, 0xffff, 0xffff, 0xffff, 0xffdf, 0xffff, 0xbdd7, 0x0020, 0x0841, 0x0020, 0x0020,
    0x0000, 0x0000, 0x0000, 0x0000, 0x0000, 0x0020, 0x0000, 0x2965, 0xf79e, 0xffff, 0xffdf, 0xffff,
    0xffff, 0xffff, 0xffff, 0xffff, 0xffff, 0xffff, 0xffff, 0xffff, 0xffff, 0xffff, 0xffff, 0xffff,
    0xffff, 0xffff, 0xffff, 0xffff, 0xffff, 0xffff, 0x5acb, 0xd69a, 0xffdf, 0xffff, 0xdedb, 0x5acb,
    0xffff, 0xffff, 0xffff, 0xffff, 0xffff, 0xffff, 0xffff, 0xffff, 0xffff, 0xffff, 0xffff, 0xffff,
    0xffff, 0xffff, 0xffff, 0xffff, 0xffff, 0xffff, 0xffff, 0xffff, 0xffff, 0xffff, 0xffff, 0xffff,
    0xffff, 0xffff, 0xffff, 0xffff, 0xffdf, 0xf79e, 0x2965, 0xb5b6, 0xffff, 0xffdf, 0xd6ba, 0x528a,
    0xef5d, 0xffff, 0x52aa, 0x0000, 0x0841, 0x0000, 0x0841, 0x0000, 0x7c10, 0x7bcf, 0x0000, 0x8c72,
    0x52aa, 0x0000, 0x0000, 0x0000, 0x0000, 0x0000, 0x0020, 0x0020, 0x0020, 0x0020, 0xef5d, 0x9492,
    0x0000, 0x0841, 0x0020, 0x0000, 0x0000, 0x0000, 0x0000, 0x0000, 0x0020, 0x0000, 0x738e, 0xffff,
    0xffff, 0x18e3, 0x6b6d, 0xffff, 0xffdf, 0xffff, 0xffff, 0xffff, 0xffdf, 0xffff, 0xffdf, 0xffdf,
    0xffff, 0xffdf, 0xf7be, 0xffff, 0x528a, 0x0000, 0x0841, 0x0020, 0x0000, 0x0000, 0x0000, 0x0000,
    0x0000, 0x0000, 0x0020, 0x0000, 0x7bef, 0xffff, 0xf7be, 0xffff, 0xffff, 0xffff, 0xffff, 0xffff,
    0xffff, 0xffff, 0xffff, 0xffff, 0xffff, 0xffff, 0xffff, 0xffff, 0xffff, 0xffff, 0xffff, 0xffff,
    0xffff, 0xffff, 0x5acb, 0xd69a, 0xffff, 0xffff, 0xdedb, 0x5acb, 0xffff, 0xffff, 0xffff, 0xffff,
    0xffff, 0xffff, 0xffff, 0xffff, 0xffff, 0xffff, 0xffff, 0xffff, 0xffff, 0xffff, 0xffff, 0xffff,
    0xffff, 0xffff, 0xffff, 0xffff, 0xffff, 0xffff, 0xffff, 0xffff, 0xffff, 0xffff, 0xffdf, 0xf7be,
    0xffff, 0x5acb, 0x7bcf, 0xffff, 0xffdf, 0xef7d, 0x2945, 0x738e, 0xffff, 0x8410, 0x0000, 0x0020,
    0x0000, 0x0000, 0x0000, 0x0000, 0xb596, 0x2945, 0x0000, 0x39e7, 0x0020, 0x0000, 0x0000, 0x0000,
    0x0000, 0x0000, 0x0000, 0x0020, 0x0000, 0x0861, 0xef5d, 0x5aeb, 0x0000, 0x0020, 0x0000, 0x0000,
    0x0000, 0x0000, 0x0000, 0x0000, 0x0000, 0x0020, 0x0000, 0x5acb, 0xe71c, 0x8c51, 0x0000, 0xd6ba,
    0xffff, 0xf7be, 0xffdf, 0xffff, 0xc638, 0xbdf7, 0xffff, 0xffdf, 0xffff, 0xffff, 0xf7be, 0xffff,
    0xbdf7, 0x0000, 0x0000, 0x0000, 0x0000, 0x0000, 0x0000, 0x0000, 0x0000, 0x0000, 0x0040, 0x0020,
    0x0861, 0xd6ba, 0xffff, 0xffdf, 0xffff, 0xffff, 0xffff, 0xffff, 0xffff, 0xffff, 0xffff, 0xffff,
    0xffff, 0xffff, 0xffff, 0xffff, 0xffff, 0xffff, 0xffff, 0xffff, 0xffff, 0xffff, 0x5acb, 0xd69a,
    0xffdf, 0xffff, 0xdedb, 0x5acb, 0xffff, 0xffff, 0xffff, 0xffff, 0xffff, 0xffff, 0xffff, 0xffff,
    0xffff, 0xffff, 0xffff, 0xffff, 0xffff, 0xffff, 0xffff, 0xffff, 0xffff, 0xffff, 0xffff, 0xffff,
    0xffff, 0xffff, 0xffff, 0xffff, 0xffff, 0xffff, 0xf7be, 0xffff, 0x9492, 0x39c7, 0xffff, 0xf7be,
    0xf7be, 0x4a49, 0x0000, 0xc618, 0xc638, 0x0020, 0x0841, 0x0020, 0x0000, 0x0000, 0x0000, 0x2125,
    0x9d14, 0x0000, 0x0000, 0x0000, 0x0000, 0x0000, 0x0000, 0x0000, 0x0000, 0x0000, 0x0000, 0x0020,
    0x0000, 0x2125, 0xe73c, 0x18e3, 0x0000, 0x0000, 0x0000, 0x0000, 0x0000, 0x0000, 0x0000, 0x0000,
    0x0000, 0x0000, 0x0020, 0x0000, 0x0861, 0x6b6d, 0x2104, 0x2965, 0xef7d, 0xffff, 0xef7d, 0xffff,
    0xbdd7, 0x39e7, 0xffdf, 0xffff, 0xc618, 0xe71c, 0xffff, 0xf7be, 0xffff, 0x4208, 0x0000, 0x0841,
    0x0000, 0x0000, 0x0000, 0x0000, 0x0000, 0x0000, 0x0000, 0x0841, 0x0000, 0x5aeb, 0xffff, 0xffdf,
    0xffdf, 0xffff, 0xffff, 0xffff, 0xffff, 0xffff, 0xffff, 0xffff, 0xffff, 0xffff, 0xffff, 0xffff,
    0xffff, 0xffff, 0xffff, 0xffff, 0xffff, 0xffff, 0x52aa, 0xd69a, 0xffdf, 0xffff, 0xdedb, 0x5acb,
    0xffff, 0xffff, 0xffff, 0xffff, 0xffff, 0xffff, 0xffff, 0xffff, 0xffff, 0xffff, 0xffff, 0xffff,
    0xffff, 0xffff, 0xffff, 0xffff, 0xffff, 0xffff, 0xffff, 0xffff, 0xffff, 0xffff, 0xffff, 0xffff,
    0xffff, 0xf7be, 0xffff, 0xd6ba, 0x18c3, 0xd69a, 0xf7be, 0xffff, 0x738e, 0x0000, 0x10a2, 0xbdf7,
    0x2124, 0x0000, 0x0841, 0x0020, 0x0020, 0x0020, 0x0000, 0x528a, 0x7bef, 0x0000, 0x0841, 0x0020,
    0x0020, 0x0000, 0x0000, 0x0000, 0x0000, 0x0000, 0x0000, 0x0020, 0x0000, 0x4229, 0xc618, 0x1082,
    0x0000, 0x0000, 0x0000, 0x0000, 0x0000, 0x0000, 0x0000, 0x0000, 0x0000, 0x0020, 0x0020, 0x0840,
    0x0000, 0x39c7, 0x5aec, 0x0000, 0x31a6, 0xd69a, 0xffff, 0xffff, 0x8c51, 0x0000, 0xad55, 0xffff,
    0xbdf7, 0x39e7, 0xe73c, 0xffdf, 0xffdf, 0xad55, 0x0000, 0x0841, 0x0000, 0x0000, 0x0000, 0x0000,
    0x0000, 0x0000, 0x0000, 0x0000, 0x0020, 0x0841, 0xce59, 0xffff, 0xf7be, 0xffff, 0xffff, 0xffff,
    0xffff, 0xffff, 0xffff, 0xffff, 0xffff, 0xffff, 0xffff, 0xffff, 0xffff, 0xffff, 0xffff, 0xffff,
    0xffff, 0xffff, 0x52aa, 0xd69a, 0xffff, 0xffff, 0xdedb, 0x5acb, 0xffff, 0xffff, 0xffff, 0xffff,
    0xffff, 0xffff, 0xffff, 0xffff, 0xffff, 0xffff, 0xffff, 0xffff, 0xffff, 0xffff, 0xffff, 0xffff,
    0xffff, 0xffff, 0xffff, 0xffff, 0xffff, 0xffff, 0xffff, 0xffff, 0xffff, 0xf7be, 0xffff, 0x39e7,
    0x8410, 0xffff, 0xf7be, 0xb5b6, 0x0020, 0x0020, 0x2104, 0x31c7, 0x0000, 0x0020, 0x0000, 0x0020,
    0x0020, 0x0841, 0x0000, 0x6b4d, 0x4228, 0x0000, 0x0841, 0x0020, 0x0020, 0x0000, 0x0000, 0x0000,
    0x0000, 0x0000, 0x0000, 0x0841, 0x0000, 0x632c, 0xad55, 0x632c, 0x0000, 0x0020, 0x0000, 0x0000,
    0x0000, 0x0000, 0x0000, 0x0000, 0x0000, 0x0000, 0x0020, 0x0020, 0x0020, 0x0861, 0x6b6d, 0x0841,
    0x0000, 0x0861, 0x6b4d, 0x73ae, 0x0841, 0x0000, 0x31a6, 0xf7be, 0xffff, 0x2945, 0x2945, 0xe73c,
    0xffdf, 0xf7be, 0x3186, 0x0000, 0x0020, 0x0000, 0x0000, 0x0000, 0x0000, 0x0000, 0x0000, 0x0000,
    0x0841, 0x0000, 0x5aeb, 0xffff, 0xffdf, 0xffff, 0xffff, 0xffff, 0xffff, 0xffff, 0xffff, 0xffff,
    0xffff, 0xffff, 0xffff, 0xffff, 0xffff, 0xffff, 0xffff, 0xffff, 0xffff, 0xffff, 0x52aa, 0xd69a,
    0xffdf, 0xffff, 0xdedb, 0x5acb, 0xffff, 0xffff, 0xffff, 0xffff, 0xffff, 0xffff, 0xffff, 0xffff,
    0xffff, 0xffff, 0xffff, 0xffff, 0xffff, 0xffff, 0xffff, 0xffff, 0xffff, 0xffff, 0xffff, 0xffff,
    0xffff, 0xffff, 0xffff, 0xffff, 0xffdf, 0xffff, 0x9cd3, 0x39e7, 0xffff, 0xc638, 0xffdf, 0x3186,
    0x0000, 0x0020, 0x0000, 0x0000, 0x0000, 0x0000, 0x0000, 0x0000, 0x0000, 0x0020, 0x0000, 0x6b6d,
    0x2124, 0x0000, 0x0020, 0x0020, 0x0000, 0x0000, 0x0000, 0x0000, 0x0000, 0x0000, 0x0000, 0x0020,
    0x0000, 0x6b6d, 0xad75, 0xc638, 0x0000, 0x0020, 0x0020, 0x0000, 0x0000, 0x0000, 0x0000, 0x0000,
    0x0000, 0x0000, 0x0020, 0x0020, 0x0841, 0x0000, 0x5acb, 0x2945, 0x0000, 0x0000, 0x0000, 0x0000,
    0x0000, 0x0020, 0x0000, 0xa535, 0xffff, 0x73ae, 0x0000, 0x31a6, 0xe73c, 0xffff, 0x8c51, 0x0000,
    0x0020, 0x0000, 0x0000, 0x0000, 0x0000, 0x0000, 0x0000, 0x0000, 0x0020, 0x0000, 0x0841, 0xd6ba,
    0xffff, 0xffdf, 0xffff, 0xffff, 0xffff, 0xffff, 0xffff, 0xffff, 0xffff, 0xffff, 0xffff, 0xffff,
    0xffff, 0xffff, 0xffff, 0xffff, 0xffff, 0xffff, 0x52aa, 0xd69a, 0xffff, 0xffff, 0xdedb, 0x5acb,
    0xffff, 0xffff, 0xffff, 0xffff, 0xffff, 0xffff, 0xffff, 0xffff, 0xffff, 0xffff, 0xffff, 0xffff,
    0xffff, 0xffff, 0xffff, 0xffff, 0xffff, 0xffff, 0xffff, 0xffff, 0xffff, 0xffff, 0xffff, 0xffdf,
    0xffdf, 0xe75c, 0x2124, 0xdefb, 0x8c71, 0xce59, 0x9cf4, 0x0000, 0x0841, 0x0000, 0x0000, 0x0000,
    0x0000, 0x0000, 0x0000, 0x0000, 0x0000, 0x0020, 0x0000, 0x5acb, 0x0861, 0x0000, 0x0000, 0x0000,
    0x0000, 0x0000, 0x0000, 0x0000, 0x0000, 0x0000, 0x0000, 0x0000, 0x0861, 0x6b4d, 0xce59, 0xffff,
    0x2965, 0x0000, 0x0020, 0x0000, 0x0000, 0x0000, 0x0000, 0x0000, 0x0000, 0x0000, 0x0000, 0x0000,
    0x0020, 0x0000, 0x39c7, 0x4a69, 0x0000, 0x0820, 0x0020, 0x0020, 0x0000, 0x0841, 0x0000, 0x39e7,
    0xffff, 0xa534, 0x0000, 0x0000, 0x39e7, 0xf7be, 0xdedb, 0x0861, 0x0000, 0x0020, 0x0000, 0x0000,
    0x0000, 0x0000, 0x0000, 0x0020, 0x0020, 0x0840, 0x0000, 0x7baf, 0xffff, 0xf79e, 0xffdf, 0xffff,
    0xffff, 0xffff, 0xffff, 0xffff, 0xffff, 0xffff, 0xffff, 0xffff, 0xffff, 0xffff, 0xffff, 0xffff,
    0xffff, 0xffff, 0x52aa, 0xd69a, 0xffff, 0xffff, 0xdedb, 0x5acb, 0xffff, 0xffff, 0xffff, 0xffff,
    0xffff, 0xffff, 0xffff, 0xffff, 0xffff, 0xffff, 0xffff, 0xffff, 0xffff, 0xffff, 0xffff, 0xffff,
    0xffff, 0xffff, 0xffff, 0xffff, 0xffff, 0xffff, 0xffff, 0xffdf, 0xffff, 0x6b6d, 0x8410, 0x9cd3,
    0x39a6, 0xf7be, 0x2104, 0x0000, 0x0841, 0x0000, 0x0020, 0x0020, 0x0000, 0x0000, 0x0020, 0x0000,
    0x0020, 0x0000, 0x4a69, 0x3a08, 0x0000, 0x0000, 0x0000, 0x0000, 0x0000, 0x0000, 0x0000, 0x0000,
    0x0000, 0x0000, 0x0000, 0x0000, 0x18e3, 0x738e, 0xffdf, 0xffff, 0x8c51, 0x0000, 0x0841, 0x0020,
    0x0020, 0x0000, 0x0000, 0x0000, 0x0000, 0x0000, 0x0000, 0x0000, 0x0000, 0x0000, 0x1082, 0x630c,
    0x0000, 0x0020, 0x0000, 0x0000, 0x0020, 0x0020, 0x0020, 0x0020, 0xd69a, 0xe73c, 0x0841, 0x0020,
    0x0000, 0x5aeb, 0xffff, 0x4a49, 0x0000, 0x0841, 0x0000, 0x0000, 0x0000, 0x0000, 0x0000, 0x0000,
    0x0000, 0x0820, 0x0000, 0x2124, 0xef7d, 0xffdf, 0xffdf, 0xffff, 0xffff, 0xffff, 0xffff, 0xffff,
    0xffff, 0xffff, 0xffff, 0xffff, 0xffff, 0xffff, 0xffff, 0xffff, 0xffff, 0xffff, 0x52aa, 0xd69a,
    0xffff, 0xffff, 0xdedb, 0x5acb, 0xffff, 0xffff, 0xffff, 0xffff, 0xffff, 0xffff, 0xffff, 0xffff,
    0xffff, 0xffff, 0xffff, 0xffff, 0xffff, 0xffff, 0xffff, 0xffff, 0xffff, 0xffff, 0xffff, 0xffff,
    0xffff, 0xffff, 0xffdf, 0xffff, 0xd69a, 0x4a49, 0xa555, 0x0020, 0x9cf3, 0xa534, 0x0000, 0x0020,
    0x0000, 0x0000, 0x0841, 0x0000, 0x0000, 0x0000, 0x0020, 0x0841, 0x0000, 0x5acb, 0xb596, 0x0861,
    0x0020, 0x0000, 0x0000, 0x0000, 0x0000, 0x0000, 0x0000, 0x0000, 0x0000, 0x0000, 0x0020, 0x0841,
    0x0000, 0x9cf3, 0xffff, 0xffff, 0xe73c, 0x10a2, 0x0000, 0x0020, 0x0000, 0x0000, 0x0000, 0x0000,
    0x0000, 0x0000, 0x0000, 0x0000, 0x0000, 0x0000, 0x0000, 0x5acb, 0x1082, 0x0000, 0x0000, 0x0000,
    0x0000, 0x0000, 0x0020, 0x0000, 0x738e, 0xffff, 0x2965, 0x0000, 0x1082, 0x0000, 0xad55, 0xad55,
    0x0000, 0x0841, 0x0000, 0x0000, 0x0000, 0x0000, 0x0000, 0x0000, 0x0000, 0x0000, 0x0841, 0x0000,
    0xad55, 0xffff, 0xffdf, 0xffff, 0xffff, 0xffff, 0xffff, 0xffff, 0xffff, 0xffff, 0xffff, 0xffff,
    0xffff, 0xffff, 0xffff, 0xffff, 0xffff, 0xffff, 0x52aa, 0xd69a, 0xffdf, 0xffff, 0xdedb, 0x5acb,
    0xffff, 0xffff, 0xffff, 0xffff, 0xffff, 0xffff, 0xffff, 0xffff, 0xffff, 0xffff, 0xffff, 0xffff,
    0xffff, 0xffff, 0xffff, 0xffff, 0xffff, 0xffff, 0xffff, 0xffff, 0xffff, 0xffff, 0xf7be, 0xffff,
    0x738e, 0x6b6d, 0x6b6d, 0x52aa, 0xd69a, 0x39c7, 0x0000, 0x0020, 0x0000, 0x0841, 0x10a2, 0x0000,
    0x0000, 0x0000, 0x0000, 0x0020, 0x0861, 0xe73c, 0xad75, 0x0000, 0x0841, 0x0020, 0x0000, 0x0000,
    0x0000, 0x0000, 0x0000, 0x0000, 0x0020, 0x0020, 0x0840, 0x0020, 0x10a2, 0xe73c, 0xffdf, 0xf79e,
    0xffff, 0x630c, 0x0000, 0x0861, 0x0000, 0x0000, 0x0000, 0x0000, 0x0000, 0x0000, 0x0000, 0x0000,
    0x0000, 0x0000, 0x0000, 0x39e7, 0x2945, 0x0000, 0x0000, 0x0000, 0x0000, 0x0000, 0x0020, 0x0000,
    0x2104, 0xffdf, 0x6b4d, 0x0000, 0x0861, 0x0020, 0x18a3, 0xb5b6, 0x10a2, 0x0000, 0x0020, 0x0000,
    0x0000, 0x0000, 0x0000, 0x0000, 0x0000, 0x0000, 0x0020, 0x0000, 0x5aab, 0xffff, 0xffdf, 0xffdf,
    0xffff, 0xffff, 0xffff, 0xffff, 0xffff, 0xffff, 0xffff, 0xffff, 0xffff, 0xffff, 0xffff, 0xffff,
    0xffff, 0xffff, 0x5aab, 0xd69a, 0xffdf, 0xffff, 0xdedb, 0x5acb, 0xffff, 0xffff, 0xffff, 0xffff,
    0xffff, 0xffff, 0xffff, 0xffff, 0xffff, 0xffff, 0xffff, 0xffff, 0xffff, 0xffff, 0xffff, 0xffff,
    0xffff, 0xffff, 0xffff, 0xffff, 0xffff, 0xffdf, 0xffff, 0xd69a, 0x4a49, 0x6b6d, 0xa514, 0x736d,
    0xc618, 0x0020, 0x0841, 0x0020, 0x0000, 0x18e3, 0x10a2, 0x0000, 0x0000, 0x0020, 0x0020, 0x0000,
    0x8410, 0xffff, 0xad55, 0x0000, 0x0841, 0x0020, 0x0000, 0x0000, 0x0000, 0x0000, 0x0000, 0x0000,
    0x0000, 0x0000, 0x0020, 0x0000, 0x62ec, 0xffff, 0xf79e, 0xf79e, 0xffff, 0xd699, 0x0841, 0x0020,
    0x0000, 0x0000, 0x0000, 0x0000, 0x0000, 0x0000, 0x0000, 0x0000, 0x0000, 0x0020, 0x0000, 0x2124,
    0x39c7, 0x0000, 0x0000, 0x0000, 0x0000, 0x0000, 0x0000, 0x0841, 0x0000, 0xc638, 0xb596, 0x0000,
    0x0841, 0x0841, 0x0000, 0x52aa, 0x4249, 0x0000, 0x0020, 0x0000, 0x0000, 0x0000, 0x0000, 0x0000,
    0x0000, 0x0000, 0x0000, 0x0000, 0x18e3, 0xef5d, 0xffff, 0xf7be, 0xffff, 0xffff, 0xffff, 0xffff,
    0xffff, 0xffff, 0xffff, 0xffff, 0xffff, 0xffff, 0xffff, 0xffff, 0xffff, 0xffff, 0x5acb, 0xd69a,
    0xffff, 0xffff, 0xdedb, 0x5aeb, 0xffff, 0xffff, 0xffff, 0xffff, 0xffff, 0xffff, 0xffff, 0xffff,
    0xffff, 0xffff, 0xffff, 0xffff, 0xffff, 0xffff, 0xffff, 0xffff, 0xffff, 0xffff, 0xffff, 0xffff,
    0xffff, 0xffdf, 0xffff, 0x73ae, 0x10a2, 0xd6ba, 0x8451, 0x9492, 0x6b6d, 0x0000, 0x0841, 0x0020,
    0x0000, 0x39e8, 0x1082, 0x0000, 0x0020, 0x0841, 0x0000, 0x31a6, 0xf7be, 0xffdf, 0xbdd7, 0x0020,
    0x0841, 0x0020, 0x0000, 0x0000, 0x0000, 0x0000, 0x0000, 0x0000, 0x0000, 0x0000, 0x0000, 0x0000,
    0xc618, 0xffff, 0xffff, 0xffdf, 0xdefb, 0xdefb, 0x4a49, 0x0000, 0x0020, 0x0000, 0x0841, 0x10a2,
    0x0000, 0x0000, 0x0000, 0x0000, 0x0020, 0x0020, 0x0000, 0x0861, 0x39c7, 0x0000, 0x0000, 0x0000,
    0x0000, 0x0000, 0x0020, 0x0841, 0x0000, 0x6b6d, 0xef5d, 0x0861, 0x0000, 0x0000, 0x0000, 0x0841,
    0x2945, 0x0000, 0x0000, 0x0000, 0x0000, 0x0000, 0x0000, 0x0000, 0x0000, 0x0000, 0x0000, 0x0841,
    0x0000, 0xb5b6, 0xffff, 0xf7be, 0xffff, 0xffff, 0xffff, 0xffff, 0xffff, 0xffff, 0xffff, 0xffff,
    0xffff, 0xffff, 0xffff, 0xffff, 0xffff, 0xffff, 0x5acb, 0xd69a, 0xffff, 0xffff, 0xdedb, 0x5aeb,
    0xffff, 0xffff, 0xffff, 0xffff, 0xffff, 0xffff, 0xffff, 0xffff, 0xffff, 0xffff, 0xffff, 0xffff,
    0xffff, 0xffff, 0xffff, 0xffff, 0xffff, 0xffff, 0xffff, 0xffff, 0xf7de, 0xffff, 0xef5d, 0x0861,
    0x7bef, 0xffff, 0x4a69, 0xad55, 0x18c3, 0x0000, 0x0000, 0x0000, 0x0861, 0x52aa, 0x0020, 0x0020,
    0x0020, 0x0020, 0x1082, 0xc618, 0xef7d, 0xf79e, 0xe73c, 0x1082, 0x0840, 0x0020, 0x0000, 0x0000,
    0x0000, 0x0000, 0x0000, 0x0000, 0x0000, 0x0841, 0x0000, 0x39c7, 0xffdf, 0xef5d, 0x8c51, 0x2966,
    0x0841, 0x0020, 0x0000, 0x0000, 0x0000, 0x0000, 0x0020, 0x62ec, 0x0861, 0x0000, 0x0000, 0x0000,
    0x0020, 0x0020, 0x0020, 0x0000, 0x2945, 0x0041, 0x0000, 0x0000, 0x0000, 0x0000, 0x0000, 0x0020,
    0x0000, 0x1904, 0xf79e, 0x4208, 0x0000, 0x0000, 0x0000, 0x0000, 0x0000, 0x0000, 0x0000, 0x0000,
    0x0000, 0x0000, 0x0000, 0x0000, 0x0000, 0x0000, 0x0000, 0x0861, 0x0000, 0x7baf, 0xffff, 0xf7be,
    0xffff, 0xffff, 0xffff, 0xffff, 0xffff, 0xffff, 0xffff, 0xffff, 0xffff, 0xffff, 0xffff, 0xffff,
    0xffff, 0xffff, 0x5aab, 0xd69a, 0xffff, 0xffff, 0xdedb, 0x5aeb, 0xffff, 0xffff, 0xffff, 0xffff,
    0xffff, 0xffff, 0xffff, 0xffff, 0xffff, 0xffff, 0xffff, 0xffff, 0xffff, 0xffff, 0xffff, 0xffff,
    0xffff, 0xffff, 0xffff, 0xffff, 0xf7be, 0xffff, 0x8c51, 0x2104, 0xffdf, 0xd6ba, 0x5aeb, 0x9492,
    0x0000, 0x0000, 0x0000, 0x0000, 0x2104, 0x4a69, 0x0000, 0x0020, 0x0020, 0x0000, 0x10a2, 0x31a6,
    0x0841, 0x10a2, 0x8430, 0x2124, 0x0000, 0x0000, 0x0000, 0x0000, 0x0000, 0x0000, 0x0000, 0x0000,
    0x0000, 0x0841, 0x0000, 0xa514, 0xffdf, 0x7bce, 0x6b6d, 0x9492, 0xa514, 0xa514, 0x94b2, 0x632c,
    0x0000, 0x0020, 0x0000, 0x39c7, 0x18c3, 0x0000, 0x0820, 0x0020, 0x0000, 0x0000, 0x0000, 0x0000,
    0x0861, 0x0020, 0x0000, 0x0000, 0x0000, 0x0000, 0x0000, 0x0000, 0x0000, 0x0000, 0xce59, 0x8c71,
    0x0000, 0x0020, 0x0020, 0x0000, 0x0000, 0x0000, 0x0000, 0x0000, 0x0000, 0x0000, 0x0000, 0x0000,
    0x0000, 0x0841, 0x18e3, 0x0020, 0x0000, 0x4208, 0xffff, 0xffdf, 0xffff, 0xffff, 0xffff, 0xffff,
    0xffff, 0xffff, 0xffff, 0xffff, 0xffff, 0xffff, 0xffff, 0xffff, 0xffff, 0xffff, 0x52aa, 0xd69a,
    0xffdf, 0xffff, 0xdedb, 0x5acb, 0xffff, 0xffff, 0xffff, 0xffff, 0xffff, 0xffff, 0xffff, 0xffff,
    0xffff, 0xffff, 0xffff, 0xffff, 0xffff, 0xffff, 0xffff, 0xffff, 0xffff, 0xffff, 0xffff, 0xffff,
    0xffff, 0xffdf, 0x2965, 0xa514, 0xffff, 0xa514, 0x7baf, 0x52aa, 0x0000, 0x0841, 0x0000, 0x0000,
    0x39e8, 0x4228, 0x0000, 0x0020, 0x0000, 0x0020, 0x528a, 0x738e, 0x7bef, 0x630c, 0x39e7, 0x2104,
    0x0000, 0x0000, 0x0000, 0x0000, 0x0000, 0x0000, 0x0000, 0x0000, 0x0020, 0x0000, 0x2945, 0xf7be,
    0xffdf, 0xf7be, 0xffff, 0xffff, 0xffff, 0xffff, 0xffff, 0xffff, 0x4a69, 0x0000, 0x0841, 0x10a2,
    0x6b4d, 0x0000, 0x0020, 0x0020, 0x0000, 0x0000, 0x0000, 0x0000, 0x0000, 0x0000, 0x0000, 0x0000,
    0x0000, 0x0000, 0x0000, 0x0020, 0x0841, 0x0000, 0x8430, 0xd69a, 0x0000, 0x0020, 0x0020, 0x0000,
    0x0000, 0x0000, 0x0000, 0x0000, 0x0000, 0x0000, 0x0000, 0x0000, 0x0000, 0x0000, 0x31a6, 0x0861,
    0x0000, 0x18c3, 0xef5d, 0xffff, 0xffff, 0xffff, 0xffff, 0xffff, 0xffff, 0xffff, 0xffff, 0xffff,
    0xffff, 0xffff, 0xffff, 0xffff, 0xffff, 0xffff, 0x52aa, 0xd69a, 0xffdf, 0xffff, 0xdedb, 0x5acb,
    0xffff, 0xffff, 0xffff, 0xffff, 0xffff, 0xffff, 0xffff, 0xffff, 0xffff, 0xffff, 0xffff, 0xffff,
    0xffff, 0xffff, 0xffff, 0xffff, 0xffff, 0xffff, 0xffff, 0xffdf, 0xffff, 0xbdd7, 0x31a6, 0xf7be,
    0xffff, 0x7bef, 0x8430, 0x1904, 0x0000, 0x0020, 0x0020, 0x0000, 0x52aa, 0x31a6, 0x0000, 0x0841,
    0x0000, 0x5acb, 0xffff, 0xffff, 0xffff, 0xffff, 0xffff, 0x738e, 0x0000, 0x0020, 0x0020, 0x0000,
    0x0000, 0x0020, 0x0020, 0x0020, 0x0841, 0x0000, 0x9cf3, 0xffff, 0xffdf, 0xffff, 0xffdf, 0xffdf,
    0xffdf, 0xffdf, 0xf79e, 0xffdf, 0xef7d, 0x3186, 0x0000, 0x0841, 0xc638, 0x6b4d, 0x0000, 0x0841,
    0x0000, 0x0000, 0x0000, 0x0000, 0x0000, 0x0000, 0x0000, 0x0000, 0x0000, 0x0020, 0x0020, 0x0020,
    0x0841, 0x0000, 0x31a6, 0xf7be, 0x2945, 0x0000, 0x0020, 0x0000, 0x0000, 0x0000, 0x0000, 0x0000,
    0x0000, 0x0000, 0x0000, 0x0000, 0x0000, 0x0000, 0x2104, 0x3186, 0x0000, 0x0000, 0xc638, 0xffff,
    0xffdf, 0xffff, 0xffff, 0xffff, 0xffff, 0xffff, 0xffff, 0xffff, 0xffff, 0xffff, 0xffff, 0xffff,
    0xffff, 0xffff, 0x52aa, 0xd69a, 0xffdf, 0xffff, 0xdedb, 0x5acb, 0xffff, 0xffff, 0xffff, 0xffff,
    0xffff, 0xffff, 0xffff, 0xffff, 0xffff, 0xffff, 0xffff, 0xffff, 0xffff, 0xffff, 0xffff, 0xffff,
    0xffff, 0xffff, 0xffdf, 0xf7be, 0xffff, 0x6b6d, 0x8c71, 0xffff, 0xffdf, 0x6b6d, 0x7c10, 0x0000,
    0x0020, 0x0020, 0x0020, 0x0000, 0x6b4d, 0x2945, 0x0000, 0x0841, 0x0841, 0xce79, 0xffff, 0xf7bf,
    0xffdf, 0xf7be, 0xffff, 0xb5b6, 0x0000, 0x10a2, 0x18e3, 0x0000, 0x0000, 0x0000, 0x0000, 0x0821,
    0x0000, 0x2104, 0xef7d, 0xf7de, 0xffdf, 0xffff, 0xffff, 0xffff, 0xffff, 0xffff, 0xffff, 0xffdf,
    0xffff, 0xd6ba, 0x18e3, 0x0000, 0x528a, 0xef7d, 0x10a2, 0x0000, 0x0000, 0x0000, 0x0000, 0x0000,
    0x0000, 0x0000, 0x0000, 0x0000, 0x0000, 0x0000, 0x0000, 0x0000, 0x0020, 0x0020, 0x0841, 0xe71c,
    0x8410, 0x0000, 0x0840, 0x0000, 0x0000, 0x0000, 0x0000, 0x0000, 0x0000, 0x0000, 0x0000, 0x0000,
    0x0000, 0x0000, 0x0020, 0x4a69, 0x0820, 0x0000, 0x9cf3, 0xffff, 0xf7be, 0xffdf, 0xffff, 0xffff,
    0xffff, 0xffff, 0xffff, 0xffff, 0xffff, 0xffff, 0xffff, 0xffff, 0xffff, 0xffff, 0x52aa, 0xd69a,
    0xffdf, 0xffff, 0xdedb, 0x5acb, 0xffff, 0xffff, 0xffff, 0xffff, 0xffff, 0xffff, 0xffff, 0xffff,
    0xffff, 0xffff, 0xffff, 0xffff, 0xffff, 0xffff, 0xffff, 0xffff, 0xffff, 0xffff, 0xffdf, 0xffdf,
    0xf7be, 0x4a69, 0xdefb, 0xffff, 0xef5d, 0x6b4d, 0x5aeb, 0x0000, 0x0841, 0x0020, 0x0020, 0x0000,
    0x7bcf, 0x2124, 0x0020, 0x0000, 0x52aa, 0xffff, 0xf79e, 0xffdf, 0xffdf, 0xffbf, 0xffdf, 0xef9d,
    0x18e3, 0x0861, 0x738e, 0x0000, 0x0000, 0x0000, 0x0000, 0x0020, 0x0000, 0x73ae, 0xffff, 0xf79e,
    0xffdf, 0xffff, 0xffff, 0xffff, 0xffff, 0xffff, 0xffff, 0xffff, 0xf7be, 0xffff, 0xce79, 0x18e3,
    0x0000, 0xd69a, 0xbdd7, 0x0000, 0x0841, 0x0020, 0x0000, 0x0000, 0x0000, 0x0000, 0x0000, 0x0000,
    0x0000, 0x0000, 0x0000, 0x0000, 0x0000, 0x0021, 0x0000, 0xa534, 0xe73d, 0x0861, 0x0000, 0x0020,
    0x0000, 0x0000, 0x0000, 0x0000, 0x0000, 0x0000, 0x0000, 0x0000, 0x0000, 0x0020, 0x0000, 0x39e7,
    0x2945, 0x0000, 0x73ae, 0xffff, 0xf7be, 0xffdf, 0xffff, 0xffff, 0xffff, 0xffff, 0xffff, 0xffff,
    0xffff, 0xffff, 0xffff, 0xffff, 0xffff, 0xffff, 0x52aa, 0xd69a, 0xffff, 0xffff, 0xdedb, 0x5acb,
    0xffff, 0xffff, 0xffff, 0xffff, 0xffff, 0xffff, 0xffff, 0xffff, 0xffff, 0xffff, 0xffff, 0xffff,
    0xffff, 0xffff, 0xffff, 0xffff, 0xffff, 0xffff, 0xffdf, 0xffff, 0xce59, 0x5acb, 0xffff, 0xffff,
    0xce79, 0x5acb, 0x2965, 0x0000, 0x0000, 0x0000, 0x0020, 0x0000, 0x7bef, 0x2104, 0x0000, 0x0000,
    0xad76, 0xffff, 0xf79e, 0xf7be, 0xffdf, 0xffdf, 0xf79e, 0xffff, 0x8450, 0x0000, 0xad75, 0x4a49,
    0x0000, 0x0841, 0x0000, 0x0020, 0x0000, 0x8c51, 0xffff, 0xf7be, 0xffff, 0xffff, 0xffff, 0xffff,
    0xffff, 0xffff, 0xffff, 0xffff, 0xffff, 0xf7be, 0xffff, 0xd6ba, 0x18e3, 0x31a6, 0xffff, 0x8c51,
    0x0000, 0x0020, 0x0000, 0x0000, 0x0000, 0x0000, 0x0000, 0x0000, 0x0000, 0x0000, 0x0000, 0x0000,
    0x0020, 0x0820, 0x0000, 0x52aa, 0xffff, 0x5aec, 0x0000, 0x0841, 0x0000, 0x0000, 0x0000, 0x0000,
    0x0000, 0x0000, 0x0000, 0x0000, 0x0000, 0x0000, 0x0000, 0x18e3, 0x52aa, 0x0000, 0x5acb, 0xffff,
    0xf7be, 0xffdf, 0xffff, 0xffff, 0xffff, 0xffff, 0xffff, 0xffff, 0xffff, 0xffff, 0xffff, 0xffff,
    0xffff, 0xffff, 0x52aa, 0xd69a, 0xffff, 0xffff, 0xdedb, 0x5acb, 0xffff, 0xffff, 0xffff, 0xffff,
    0xffff, 0xffff, 0xffff, 0xffff, 0xffff, 0xffff, 0xffff, 0xffff, 0xffff, 0xffff, 0xffff, 0xffff,
    0xffff, 0xffff, 0xffdf, 0xffff, 0xa514, 0x7bef, 0xffff, 0xffff, 0xbdf7, 0x4228, 0x10a2, 0x0000,
    0x0000, 0x0000, 0x0020, 0x0000, 0x7bcf, 0x2124, 0x0000, 0x2925, 0xf79e, 0xffff, 0xffff, 0xffff,
    0xffdf, 0xf79e, 0xffff, 0xffff, 0xf79e, 0x18c3, 0x632c, 0xef5d, 0x10a2, 0x0000, 0x0840, 0x0020,
    0x0000, 0x738e, 0xffff, 0xf79e, 0xffdf, 0xffff, 0xffff, 0xffff, 0xf7be, 0xb5b6, 0xa534, 0xbdf7,
    0xdedb, 0xf7be, 0xf7be, 0xffff, 0xdedb, 0x2945, 0x8410, 0xffff, 0x738e, 0x0000, 0x0861, 0x0020,
    0x0000, 0x0000, 0x0000, 0x0000, 0x0000, 0x0000, 0x0000, 0x0000, 0x0020, 0x0020, 0x0020, 0x1082,
    0xe73c, 0xce59, 0x0020, 0x0841, 0x0000, 0x0000, 0x0000, 0x0000, 0x0000, 0x0000, 0x0000, 0x0000,
    0x0000, 0x0000, 0x0000, 0x0000, 0x632c, 0x0841, 0x39c7, 0xffdf, 0xf7be, 0xffdf, 0xffff, 0xffff,
    0xffff, 0xffff, 0xffff, 0xffff, 0xffff, 0xffff, 0xffff, 0xffff, 0xffff, 0xffff, 0x52aa, 0xd69a,
    0xffff, 0xffff, 0xdedb, 0x5acb, 0xffff, 0xffff, 0xffff, 0xffff, 0xffff, 0xffff, 0xffff, 0xffff,
    0xffff, 0xffff, 0xffff, 0xffff, 0xffff, 0xffff, 0xffff, 0xffff, 0xffff, 0xffff, 0xffdf, 0xffff,
    0x8410, 0x9cf3, 0xffff, 0xffff, 0x9d13, 0x2104, 0x0020, 0x0000, 0x0000, 0x0020, 0x0020, 0x0000,
    0x7bef, 0x3165, 0x0000, 0x738e, 0xffff, 0xf79e, 0xef5d, 0xf7be, 0xffdf, 0xce79, 0xad75, 0xef7d,
    0xffff, 0xb5b6, 0x18c3, 0xf79e, 0xce59, 0x1082, 0x0000, 0x1082, 0x0000, 0x4a49, 0xffff, 0xf79e,
    0xffdf, 0xffdf, 0xffff, 0xc618, 0x738e, 0xa514, 0xce79, 0xc618, 0xbdf7, 0xce79, 0xef7d, 0xffff,
    0xffff, 0xffff, 0x6b6d, 0xad55, 0xffff, 0x5acb, 0x0000, 0x0841, 0x0000, 0x0000, 0x0000, 0x0000,
    0x0000, 0x0000, 0x0000, 0x0000, 0x0000, 0x0020, 0x0861, 0x0000, 0x9492, 0xffff, 0x39e7, 0x0000,
    0x0000, 0x0000, 0x0000, 0x0000, 0x0000, 0x0000, 0x0000, 0x0000, 0x0000, 0x0000, 0x0020, 0x0000,
    0x4a49, 0x31a6, 0x18e3, 0xf79e, 0xf7be, 0xffdf, 0xffff, 0xffff, 0xffff, 0xffff, 0xffff, 0xffff,
    0xffff, 0xffff, 0xffff, 0xffff, 0xffff, 0xffff, 0x52aa, 0xd69a, 0xffdf, 0xffff, 0xdedb, 0x5acb,
    0xffff, 0xffff, 0xffff, 0xffff, 0xffff, 0xffff, 0xffff, 0xffff, 0xffff, 0xffff, 0xffff, 0xffff,
    0xffff, 0xffff, 0xffff, 0xffff, 0xffff, 0xffff, 0xffdf, 0xffff, 0x6b6d, 0xbdd7, 0xffff, 0xffff,
    0x8410, 0x0020, 0x0020, 0x0000, 0x0000, 0x0000, 0x0020, 0x0000, 0x738e, 0x31a6, 0x0000, 0xbdd7,
    0xffff, 0xd69a, 0x39c7, 0x3186, 0x3a08, 0x8c91, 0xc618, 0x9472, 0xe71c, 0xffff, 0x9cd3, 0x7bcf,
    0xffff, 0xce79, 0x3186, 0x0000, 0x0000, 0x10a2, 0xe73d, 0xffff, 0xffdf, 0xffff, 0xef7d, 0xb596,
    0xef7e, 0xb5d7, 0x52aa, 0x2124, 0x1082, 0x10a2, 0x2945, 0x5acb, 0x8430, 0x9492, 0xffff, 0xbdd7,
    0xe71c, 0xffdf, 0x528a, 0x0000, 0x0020, 0x0000, 0x0000, 0x0000, 0x0000, 0x0000, 0x0000, 0x0000,
    0x0000, 0x0020, 0x0020, 0x0000, 0x2966, 0xffdf, 0xb596, 0x0000, 0x0020, 0x0020, 0x0000, 0x0000,
    0x0000, 0x0000, 0x0000, 0x0000, 0x0000, 0x0000, 0x0000, 0x0000, 0x18c3, 0x52aa, 0x1082, 0xef7d,
    0xffdf, 0xffdf, 0xffff, 0xffff, 0xffff, 0xffff, 0xffff, 0xffff, 0xffff, 0xffff, 0xffff, 0xffff,
    0xffff, 0xffff, 0x52aa, 0xd69a, 0xffdf, 0xffff, 0xdedb, 0x5acb, 0xffff, 0xffff, 0xffff, 0xffff,
    0xffff, 0xffff, 0xffff, 0xffff, 0xffff, 0xffff, 0xffff, 0xffff, 0xffff, 0xffff, 0xffff, 0xffff,
    0xffff, 0xffff, 0xffdf, 0xffff, 0x632c, 0xbdf7, 0xffdf, 0xffff, 0x6b6d, 0x0000, 0x0020, 0x0000,
    0x0000, 0x0000, 0x0020, 0x0000, 0x5acb, 0x4228, 0x0821, 0xd6ba, 0x9492, 0x18e3, 0x0020, 0x0000,
    0x0000, 0x0000, 0x4228, 0xc638, 0xdeba, 0xffdf, 0xffff, 0xd6db, 0xf79e, 0xffff, 0xf79e, 0x8c71,
    0x2965, 0x0000, 0x6b4d, 0xffdf, 0xffdf, 0xffdf, 0xffdf, 0xdefb, 0x52aa, 0x0000, 0x0000, 0x0000,
    0x0000, 0x0000, 0x0000, 0x0000, 0x0000, 0x1082, 0x9cf3, 0xffff, 0xffff, 0xffdf, 0xf7be, 0x5acb,
    0x0000, 0x0020, 0x0000, 0x0000, 0x0000, 0x0000, 0x0000, 0x0000, 0x0000, 0x0000, 0x0000, 0x0000,
    0x0000, 0xb596, 0xffff, 0x4208, 0x0000, 0x0841, 0x0020, 0x0000, 0x0000, 0x0000, 0x0000, 0x0000,
    0x0000, 0x0000, 0x0000, 0x0000, 0x0000, 0x630c, 0x2965, 0xdefb, 0xffff, 0xffdf, 0xffff, 0xffff,
    0xffff, 0xffff, 0xffff, 0xffff, 0xffff, 0xffff, 0xffff, 0xffff, 0xffff, 0xffff, 0x52aa, 0xd69a,
    0xffdf, 0xffff, 0xdedb, 0x5acb, 0xffff, 0xffff, 0xffff, 0xffff, 0xffff, 0xffff, 0xffff, 0xffff,
    0xffff, 0xffff, 0xffff, 0xffff, 0xffff, 0xffff, 0xffff, 0xffff, 0xffff, 0xffff, 0xffdf, 0xffff,
    0x632c, 0xbdf7, 0xffdf, 0xffdf, 0x52aa, 0x0000, 0x0841, 0x0000, 0x0000, 0x0000, 0x0020, 0x0000,
    0x4208, 0x4a49, 0x3166, 0xe73c, 0x39e8, 0x0000, 0x0000, 0x528a, 0x4a69, 0x0020, 0x0000, 0x39c7,
    0xf7be, 0xffff, 0xf7be, 0xffff, 0xffff, 0xffff, 0xffff, 0xffff, 0xf79e, 0xb5d6, 0x8c71, 0xe75d,
    0xffff, 0xf7be, 0xffdf, 0x9cf3, 0x0000, 0x2104, 0x10a2, 0x0000, 0x0020, 0x0000, 0x0861, 0x39c7,
    0x0000, 0x0000, 0x0000, 0x4a8a, 0xd6db, 0xef5d, 0xf7be, 0xffff, 0x840f, 0x0020, 0x0020, 0x0000,
    0x0000, 0x0000, 0x0000, 0x0000, 0x0000, 0x0000, 0x0000, 0x0020, 0x0000, 0x4208, 0xffff, 0xce59,
    0x0841, 0x0020, 0x0020, 0x0020, 0x0000, 0x0000, 0x0000, 0x0000, 0x0000, 0x0000, 0x0000, 0x0020,
    0x0000, 0x4208, 0x52aa, 0xce79, 0xffff, 0xffdf, 0xffff, 0xffff, 0xffff, 0xffff, 0xffff, 0xffff,
    0xffff, 0xffff, 0xffff, 0xffff, 0xffff, 0xffff, 0x5aab, 0xd69a, 0xffdf, 0xffff, 0xdedb, 0x5acb,
    0xffff, 0xffff, 0xffff, 0xffff, 0xffff, 0xffff, 0xffff, 0xffff, 0xffff, 0xffff, 0xffff, 0xffff,
    0xffff, 0xffff, 0xffff, 0xffff, 0xffff, 0xffff, 0xffdf, 0xffff, 0x6b6d, 0xad55, 0xffff, 0xf7be,
    0x4208, 0x0000, 0x0841, 0x0000, 0x0000, 0x0000, 0x0000, 0x0000, 0x2124, 0x4a49, 0x8451, 0xad75,
    0x0000, 0x0000, 0x8c72, 0xf79e, 0x2104, 0x0000, 0x1082, 0x0000, 0x7bef, 0xffff, 0xf79e, 0xffff,
    0xffff, 0xffff, 0xffff, 0xffdf, 0xffff, 0xffff, 0xffff, 0xffdf, 0xffdf, 0xffdf, 0xffdf, 0x31a6,
    0x528a, 0x8c71, 0x2945, 0x0000, 0x0000, 0x0020, 0x0000, 0x8c71, 0xbdd7, 0x3186, 0x0000, 0x0000,
    0x10a2, 0x9492, 0xe71c, 0xf79e, 0xffff, 0x73ae, 0x0000, 0x0841, 0x0000, 0x0000, 0x0000, 0x0000,
    0x0000, 0x0000, 0x0000, 0x0000, 0x0841, 0x0020, 0xb5b7, 0xffff, 0x73ae, 0x0000, 0x0841, 0x0000,
    0x0000, 0x0000, 0x0000, 0x0000, 0x0000, 0x0000, 0x0000, 0x0020, 0x0000, 0x1082, 0x39e7, 0xce79,
    0xffff, 0xffdf, 0xffff, 0xffff, 0xffff, 0xffff, 0xffff, 0xffff, 0xffff, 0xffff, 0xffff, 0xffff,
    0xffff, 0xffff, 0x5aab, 0xd69a, 0xffdf, 0xffff, 0xdedb, 0x5acb, 0xffff, 0xffff, 0xffff, 0xffff,
    0xffff, 0xffff, 0xffff, 0xffff, 0xffff, 0xffff, 0xffff, 0xffff, 0xffff, 0xffff, 0xffff, 0xffff,
    0xffff, 0xffff, 0xffdf, 0xffff, 0x8c71, 0x8410, 0xffff, 0xf7be, 0x39c7, 0x0000, 0x0841, 0x0000,
    0x0020, 0x0020, 0x0020, 0x0020, 0x0841, 0x4228, 0x52aa, 0x39e7, 0x0000, 0x4a69, 0xffff, 0x8c71,
    0x8430, 0x1903, 0x0020, 0x0041, 0x4208, 0xffdf, 0xffdf, 0xffff, 0xffff, 0xffff, 0xffff, 0xffff,
    0xffdf, 0xffdf, 0xffbf, 0xffdf, 0xffdf, 0xffff, 0xc5f8, 0x9cb3, 0xef3d, 0x738e, 0xe73c, 0x0861,
    0x0000, 0x0861, 0x0000, 0x3166, 0xffff, 0xf7be, 0x738e, 0x0000, 0x0020, 0x4a49, 0xf79e, 0xef7d,
    0xffff, 0x8c71, 0x0000, 0x0840, 0x0000, 0x0000, 0x0000, 0x0000, 0x0000, 0x0000, 0x0000, 0x0000,
    0x0020, 0x0000, 0x4208, 0xffdf, 0xef7d, 0x2965, 0x0000, 0x0020, 0x0000, 0x0000, 0x0000, 0x0000,
    0x0000, 0x0000, 0x0000, 0x0000, 0x0020, 0x0020, 0x0841, 0xce79, 0xffff, 0xffdf, 0xffff, 0xffff,
    0xffff, 0xffff, 0xffff, 0xffff, 0xffff, 0xffff, 0xffff, 0xffff, 0xffff, 0xffff, 0x5aab, 0xd69a,
    0xffdf, 0xffff, 0xdedb, 0x5acb, 0xffff, 0xffff, 0xffff, 0xffff, 0xffff, 0xffff, 0xffff, 0xffff,
    0xffff, 0xffff, 0xffff, 0xffff, 0xffff, 0xffff, 0xffff, 0xffff, 0xffff, 0xffff, 0xffdf, 0xffff,
    0xc618, 0x52aa, 0xffff, 0xffdf, 0x39c7, 0x0000, 0x0841, 0x0000, 0x0020, 0x0020, 0x0000, 0x0020,
    0x0020, 0x0861, 0x4208, 0x4a69, 0x0000, 0xad75, 0xffff, 0x4a69, 0x8c51, 0x18c3, 0x0000, 0x0861,
    0x630c, 0xe71c, 0xffff, 0xffdf, 0xffdf, 0xffdf, 0xffff, 0xffff, 0xffff, 0xffff, 0xffff, 0xffff,
    0xffff, 0xffff, 0xef7d, 0xffff, 0xa534, 0x2965, 0x6b6d, 0x0000, 0x0020, 0x0841, 0x0020, 0x10a2,
    0xdedb, 0xf7be, 0xffff, 0x8410, 0x0000, 0x0000, 0x528a, 0xffff, 0xffff, 0x73ae, 0x0000, 0x0841,
    0x0000, 0x0000, 0x0000, 0x0000, 0x0000, 0x0000, 0x0000, 0x0000, 0x0020, 0x0841, 0x0000, 0x9cd3,
    0xffff, 0xbdf7, 0x0020, 0x0000, 0x0020, 0x0000, 0x0000, 0x0000, 0x0000, 0x0000, 0x0000, 0x0000,
    0x0020, 0x0841, 0x0020, 0xc618, 0xffff, 0xffdf, 0xffff, 0xffff, 0xffff, 0xffff, 0xffff, 0xffff,
    0xffff, 0xffff, 0xffff, 0xffff, 0xffff, 0xffff, 0x52ab, 0xd69a, 0xffff, 0xffff, 0xdedb, 0x5acb,
    0xffff, 0xffff, 0xffff, 0xffff, 0xffff, 0xffff, 0xffff, 0xffff, 0xffff, 0xffff, 0xffff, 0xffff,
    0xffff, 0xffff, 0xffff, 0xffff, 0xffff, 0xffff, 0xffdf, 0xffdf, 0xf7be, 0x528a, 0xdefb, 0xffff,
    0x39e7, 0x0000, 0x10a2, 0x0861, 0x0000, 0x0000, 0x0000, 0x0000, 0x0000, 0x0000, 0x31a7, 0xc618,
    0x0821, 0xd6ba, 0xffff, 0x3186, 0x0000, 0x0020, 0x0861, 0x0000, 0x8c31, 0xffff, 0xf79e, 0xffdf,
    0xffdf, 0xffff, 0xffff, 0xffff, 0xffff, 0xffff, 0xffff, 0xffff, 0xffff, 0xffff, 0xf7be, 0xffff,
    0x7bcf, 0x0000, 0x0000, 0x0820, 0x0020, 0x0840, 0x0841, 0x0841, 0xd6ba, 0xffff, 0xf79e, 0xffff,
    0x528a, 0x0000, 0x0000, 0x4208, 0xe73c, 0x738e, 0x0000, 0x0841, 0x0000, 0x0000, 0x0000, 0x0000,
    0x0000, 0x0000, 0x0000, 0x0000, 0x0000, 0x0020, 0x0000, 0x1082, 0xdebb, 0xffff, 0x8430, 0x0000,
    0x0841, 0x0000, 0x0000, 0x0000, 0x0000, 0x0000, 0x0000, 0x0000, 0x0020, 0x0841, 0x0000, 0xb5b6,
    0xffff, 0xffdf, 0xffff, 0xffff, 0xffff, 0xffff, 0xffff, 0xffff, 0xffff, 0xffff, 0xffff, 0xffff,
    0xffff, 0xffff, 0x5aca, 0xd69a, 0xffff, 0xffff, 0xdedb, 0x5acb, 0xffff, 0xffff, 0xffff, 0xffff,
    0xffff, 0xffff, 0xffff, 0xffff, 0xffff, 0xffff, 0xffff, 0xffff, 0xffff, 0xffff, 0xffff, 0xffff,
    0xffff, 0xffff, 0xffff, 0xf7de, 0xffff, 0xad55, 0x738e, 0xffff, 0x4a49, 0x0000, 0x4208, 0x2945,
    0x0000, 0x0000, 0x0000, 0x0000, 0x0020, 0x0020, 0x0841, 0xdefb, 0x5acb, 0xc618, 0xffdf, 0x2124,
    0x0000, 0x0020, 0x0861, 0x0000, 0x8410, 0xffff, 0xf79e, 0xffff, 0xffff, 0xffff, 0xffff, 0xffff,
    0xffff, 0xffff, 0xffff, 0xffff, 0xffff, 0xffdf, 0xf79e, 0xffff, 0x5acb, 0x0000, 0x0841, 0x0000,
    0x0000, 0x0020, 0x0020, 0x0841, 0xd6ba, 0xffff, 0xf77d, 0xffff, 0xc618, 0x0000, 0x18e3, 0x8c51,
    0xe73c, 0x632c, 0x0000, 0x0841, 0x0000, 0x0000, 0x0000, 0x0000, 0x0000, 0x0000, 0x0000, 0x0000,
    0x0000, 0x0000, 0x0020, 0x0000, 0x4208, 0xf7be, 0xffff, 0x5aeb, 0x0000, 0x0841, 0x0020, 0x0020,
    0x0020, 0x0000, 0x0000, 0x0000, 0x0020, 0x0841, 0x0000, 0xad55, 0xffff, 0xffdf, 0xffff, 0xffff,
    0xffff, 0xffff, 0xffff, 0xffff, 0xffff, 0xffff, 0xffff, 0xffff, 0xffff, 0xffff, 0x52aa, 0xd69a,
    0xffdf, 0xffff, 0xdedb, 0x5acb, 0xffff, 0xffff, 0xffff, 0xffff, 0xffff, 0xffff, 0xffff, 0xffff,
    0xffff, 0xffff, 0xffff, 0xffff, 0xffff, 0xffff, 0xffff, 0xffff, 0xffff, 0xffff, 0xffff, 0xffff,
    0xffdf, 0xffff, 0x6b6d, 0xbdf8, 0x7bcf, 0x0000, 0x6b4d, 0x4a69, 0x0000, 0x0020, 0x0000, 0x0000,
    0x0020, 0x0841, 0x0000, 0xce59, 0xce59, 0xbdf7, 0xffff, 0x2965, 0x0000, 0x0020, 0x0861, 0x0000,
    0x8410, 0xffff, 0xf79e, 0xffff, 0xffff, 0xffff, 0xffff, 0xffff, 0xffff, 0xffff, 0xffff, 0xffff,
    0xffff, 0xffdf, 0xf79e, 0xffff, 0x528a, 0x0000, 0x0841, 0x0000, 0x0000, 0x1082, 0x0000, 0x18e3,
    0xef5d, 0xf7de, 0xf79e, 0xffff, 0xb596, 0x0000, 0xc618, 0xffff, 0xffff, 0x528a, 0x0000, 0x0841,
    0x0020, 0x0000, 0x0000, 0x0000, 0x0000, 0x0000, 0x0000, 0x0000, 0x0000, 0x0000, 0x0000, 0x0841,
    0x0000, 0x738e, 0xffff, 0xf79e, 0x4a49, 0x0000, 0x0841, 0x0000, 0x0000, 0x0000, 0x0000, 0x0000,
    0x0020, 0x0841, 0x0000, 0x9cd3, 0xffff, 0xffdf, 0xffff, 0xffff, 0xffff, 0xffff, 0xffff, 0xffff,
    0xffff, 0xffff, 0xffff, 0xffff, 0xffff, 0xffff, 0x5aab, 0xd69a, 0xffdf, 0xffff, 0xdefb, 0x5aeb,
    0xffff, 0xffff, 0xffff, 0xffff, 0xffff, 0xffff, 0xffff, 0xffff, 0xffff, 0xff16, 0xfda8, 0xff79,
    0xffff, 0xffff, 0xffff, 0xffff, 0xffff, 0xffff, 0xffdf, 0xffdf, 0xffdf, 0xffdf, 0xef7d, 0x8430,
    0x6b6d, 0x0000, 0x7bef, 0x8c51, 0x0000, 0x0840, 0x0020, 0x0020, 0x0020, 0x0841, 0x0000, 0x94b2,
    0xffff, 0xef7d, 0xffff, 0x4a69, 0x0000, 0x10a2, 0x0841, 0x0861, 0x94b2, 0xffff, 0xf79e, 0xffff,
    0xffff, 0xffff, 0xffff, 0xffff, 0xffff, 0xffff, 0xffff, 0xffff, 0xffff, 0xffff, 0xf79e, 0xffff,
    0x632c, 0x0000, 0x18e3, 0x0000, 0x0861, 0x2124, 0x0000, 0x630c, 0xffff, 0xf79e, 0xf7be, 0xffff,
    0x632c, 0x9cf3, 0xffff, 0xef7d, 0xf79e, 0x39c7, 0x0000, 0x0841, 0x0000, 0x0000, 0x0000, 0x0000,
    0x0000, 0x0000, 0x0000, 0x0000, 0x0000, 0x0000, 0x0000, 0x0020, 0x0841, 0x0000, 0x94b2, 0xffff,
    0xef5d, 0x39c7, 0x0000, 0x0841, 0x0000, 0x0000, 0x0000, 0x0000, 0x0000, 0x0841, 0x0000, 0x8410,
    0xffff, 0xffdf, 0xffff, 0xffff, 0xffff, 0xffff, 0xffff, 0xffff, 0xffff, 0xffff, 0xffff, 0xffff,
    0xffff, 0xffff, 0x5acb, 0xd69a, 0xffff, 0xffff, 0xdefb, 0x5aeb, 0xffff, 0xffff, 0xffff, 0xffff,
    0xffff, 0xffff, 0xfffe, 0xffff, 0xff9b, 0xfd22, 0xfcc0, 0xfda8, 0xffff, 0xfffe, 0xffff, 0xffff,
    0xffff, 0xffff, 0xffff, 0xffff, 0xffff, 0xffdf, 0xffff, 0xffdf, 0x9cf3, 0x0000, 0x7bcf, 0xdedb,
    0x0020, 0x0020, 0x0000, 0x0000, 0x0000, 0x0841, 0x0000, 0x6b4d, 0xffff, 0xf79e, 0xffff, 0x8c71,
    0x0000, 0x634d, 0x6b6e, 0x18a3, 0xd6ba, 0xffff, 0xf7be, 0xffff, 0xffff, 0xffff, 0xffff, 0xffff,
    0xffff, 0xffff, 0xffff, 0xffff, 0xffff, 0xffdf, 0xf7be, 0xffff, 0x9d13, 0x0000, 0x2965, 0x7bef,
    0x6b4d, 0x18e3, 0x0000, 0xce79, 0xffff, 0xf7be, 0xffff, 0xe73c, 0xbdd7, 0xffff, 0xffdf, 0xffff,
    0xe73c, 0x18c3, 0x0000, 0x0020, 0x0000, 0x0000, 0x0000, 0x0000, 0x0000, 0x0000, 0x0000, 0x0000,
    0x0000, 0x0000, 0x0000, 0x0000, 0x0020, 0x0000, 0x0000, 0x9cb3, 0xffff, 0xef5d, 0x39e7, 0x0000,
    0x0020, 0x0000, 0x0000, 0x0000, 0x0000, 0x0841, 0x0000, 0x5aeb, 0xffff, 0xffdf, 0xffff, 0xffff,
    0xffff, 0xffff, 0xffff, 0xffff, 0xffff, 0xffff, 0xffff, 0xffff, 0xffff, 0xffff, 0x5acb, 0xd69a,
    0xffff, 0xffff, 0xdedb, 0x5acb, 0xffff, 0xffdf, 0xffdf, 0xffdf, 0xffdf, 0xffdf, 0xffde, 0xffff,
    0xfdea, 0xfce0, 0xfd01, 0xfe70, 0xffff, 0xffde, 0xffff, 0xffff, 0xffff, 0xffff, 0xffff, 0xffff,
    0xffff, 0xffff, 0xffdf, 0xffff, 0xffdf, 0x1082, 0x5acb, 0xffff, 0x31a6, 0x0000, 0x0020, 0x0000,
    0x0000, 0x0841, 0x0000, 0x5acb, 0xffff, 0xf79e, 0xffdf, 0xdefb, 0x1082, 0x9cf3, 0xbdf7, 0x5aeb,
    0xffff, 0xffff, 0xffdf, 0xffff, 0xffff, 0xffff, 0xffff, 0xffff, 0xffff, 0xffff, 0xffff, 0xffff,
    0xffff, 0xffdf, 0xffdf, 0xffdf, 0xef7d, 0x10a2, 0x526a, 0xffff, 0xd69a, 0x0000, 0x73af, 0xffff,
    0xf7be, 0xffdf, 0xffdf, 0xffdf, 0xffff, 0xffdf, 0xffdf, 0xffff, 0xce59, 0x0020, 0x0020, 0x0020,
    0x0000, 0x0000, 0x0000, 0x0000, 0x0000, 0x0000, 0x0000, 0x0000, 0x0000, 0x0000, 0x0000, 0x0000,
    0x0000, 0x0000, 0x0020, 0x0000, 0x8430, 0xffff, 0xf7be, 0x528a, 0x0000, 0x0020, 0x0000, 0x0000,
    0x0000, 0x0020, 0x0000, 0x4a49, 0xffff, 0xffdf, 0xffff, 0xffff, 0xffff, 0xffff, 0xffff, 0xffff,
    0xffff, 0xffff, 0xffff, 0xffff, 0xffff, 0xffff, 0x5acb, 0xd69a, 0xffff, 0xffff, 0xdedb, 0x5acb,
    0xffff, 0xffdf, 0xffdf, 0xffdf, 0xffdf, 0xffde, 0xffff, 0xfef5, 0xfce0, 0xfd01, 0xfda7, 0xffff,
    0xffff, 0xffff, 0xffff, 0xffff, 0xffff, 0xffff, 0xffff, 0xffff, 0xffff, 0xffff, 0xffff, 0xffdf,
    0xffff, 0x528a, 0x31a6, 0xffff, 0x94b2, 0x0000, 0x0861, 0x0000, 0x0000, 0x0020, 0x0000, 0x4228,
    0xffff, 0xffdf, 0xf7be, 0xffff, 0x73ce, 0x18e3, 0x630c, 0xd69a, 0xffff, 0xffdf, 0xffff, 0xffff,
    0xffff, 0xffff, 0xffff, 0xffff, 0xffff, 0xffff, 0xffff, 0xffff, 0xffff, 0xffff, 0xffdf, 0xf7be,
    0xffff, 0x8450, 0x18e3, 0x6b8d, 0x3186, 0x630c, 0xffff, 0xffdf, 0xffdf, 0xffff, 0xffff, 0xffdf,
    0xffdf, 0xffff, 0xffdf, 0xffff, 0xa534, 0x0000, 0x0020, 0x0020, 0x0000, 0x0000, 0x0000, 0x0000,
    0x0000, 0x0000, 0x0000, 0x0000, 0x1082, 0x0000, 0x0000, 0x0000, 0x0020, 0x0020, 0x0020, 0x0020,
    0x0000, 0x5acb, 0xef5d, 0xffff, 0x738e, 0x0000, 0x0000, 0x0020, 0x0000, 0x0000, 0x0861, 0x4a49,
    0xf79e, 0xffff, 0xffdf, 0xffff, 0xffff, 0xffff, 0xffff, 0xffff, 0xffff, 0xffff, 0xffff, 0xffff,
    0xffff, 0xffff, 0x52cb, 0xd69a, 0xffff, 0xffff, 0xdedb, 0x5acb, 0xffff, 0xffdf, 0xffff, 0xffff,
    0xffff, 0xfffe, 0xffde, 0xfd67, 0xf4c1, 0xfce0, 0xff16, 0xffff, 0xffff, 0xffff, 0xffff, 0xffff,
    0xffff, 0xffff, 0xffff, 0xffff, 0xffff, 0xffdf, 0xffdf, 0xf7be, 0xffff, 0xb5b6, 0x10a2, 0xef5d,
    0xf79e, 0x31a6, 0x0000, 0x0020, 0x0000, 0x0020, 0x0000, 0x31a6, 0xffff, 0xffff, 0xffdf, 0xffff,
    0xd6ba, 0xb5b6, 0xe73c, 0xffff, 0xffdf, 0xffdf, 0xffff, 0xffff, 0xffff, 0xffff, 0xffff, 0xffff,
    0xffff, 0xffff, 0xffff, 0xffff, 0xffff, 0xffff, 0xffff, 0xffff, 0xffff, 0xffdf, 0xdefb, 0xad55,
    0x9cd3, 0xc638, 0xffff, 0xffff, 0xffff, 0xffff, 0xffff, 0xffff, 0xffff, 0xffdf, 0xffdf, 0xffff,
    0x738e, 0x0000, 0x0020, 0x0000, 0x0000, 0x0000, 0x0000, 0x0000, 0x0000, 0x0020, 0x0020, 0x6b6d,
    0xe71c, 0x6b6d, 0x0000, 0x0841, 0x0020, 0x0000, 0x0000, 0x0000, 0x0020, 0x0000, 0x2104, 0xad55,
    0xffff, 0xad55, 0x1082, 0x0000, 0x0020, 0x0000, 0x2104, 0x630c, 0xd6ba, 0xffff, 0xffdf, 0xffff,
    0xffff, 0xffff, 0xffff, 0xffff, 0xffff, 0xffff, 0xffff, 0xffff, 0xffff, 0xffff, 0x52aa, 0xd69a,
    0xffff, 0xffff, 0xdedb, 0x5acb, 0xffff, 0xffff, 0xffff, 0xffff, 0xffff, 0xffff, 0xff16, 0xfd01,
    0xfd01, 0xfdc9, 0xffff, 0xffde, 0xffde, 0xffdf, 0xffde, 0xfe70, 0xff37, 0xffff, 0xffdf, 0xffff,
    0xffff, 0xffdf, 0xffdf, 0xffdf, 0xffdf, 0xffdf, 0x31a6, 0x9cf3, 0xffff, 0x632c, 0x18e3, 0x0000,
    0x0020, 0x0020, 0x0000, 0x2965, 0xf7be, 0xffff, 0xffdf, 0xffff, 0xffff, 0xffff, 0xffff, 0xa534,
    0xc5f8, 0xffff, 0xf7be, 0xffdf, 0xffff, 0xffff, 0xffff, 0xffff, 0xffff, 0xffff, 0xffff, 0xffff,
    0xffff, 0xffff, 0xffff, 0xffff, 0xffff, 0xffff, 0xffff, 0xffff, 0xffff, 0xffff, 0xffff, 0xffff,
    0xffff, 0xffff, 0xffff, 0xffff, 0xffff, 0xffdf, 0xf7be, 0xffff, 0x39e7, 0x0000, 0x0000, 0x0000,
    0x0000, 0x0000, 0x0000, 0x0020, 0x0841, 0x0000, 0x2965, 0xffff, 0xffff, 0xce59, 0x6b2c, 0x0000,
    0x0000, 0x0000, 0x0000, 0x0000, 0x0000, 0x0020, 0x0000, 0x0000, 0x52aa, 0xdefb, 0xe73c, 0x5aeb,
    0x0000, 0x0000, 0x2104, 0x7bcf, 0xb576, 0xffff, 0xf7be, 0xffff, 0xffff, 0xffff, 0xffff, 0xffff,
    0xffff, 0xffff, 0xffff, 0xffff, 0xffdf, 0xffff, 0x52aa, 0xd67a, 0xffff, 0xffff, 0xdefb, 0x5aeb,
    0xffff, 0xffff, 0xffff, 0xffff, 0xffff, 0xffff, 0xfe0b, 0xfd00, 0xfd01, 0xff16, 0xffff, 0xffff,
    0xffde, 0xffff, 0xfe91, 0xfc80, 0xfce1, 0xff59, 0xffff, 0xffff, 0xffff, 0xffff, 0xffff, 0xffff,
    0xffdf, 0xffff, 0xb5b6, 0x4208, 0xffdf, 0x31a6, 0x632c, 0x31a6, 0x0000, 0x0841, 0x0000, 0x3165,
    0xffbe, 0xffff, 0xffdf, 0xffff, 0xffff, 0xf7be, 0xffff, 0x9cf3, 0xce79, 0xffff, 0xffdf, 0xffdf,
    0xffff, 0xffff, 0xffff, 0xffff, 0xffff, 0xffff, 0xffff, 0xffff, 0xffff, 0xffff, 0xffff, 0xffff,
    0xffff, 0xffff, 0xffff, 0xffdf, 0xffdf, 0xffff, 0xffff, 0xffff, 0xffff, 0xffff, 0xffff, 0xffdf,
    0xffdf, 0xf7be, 0xffdf, 0xdefb, 0x1082, 0x0000, 0x0000, 0x0000, 0x0000, 0x0000, 0x0020, 0x0020,
    0x0841, 0x0000, 0x6b6e, 0xbdf7, 0x52ab, 0x4a49, 0x73af, 0xad55, 0x10a2, 0x0000, 0x0000, 0x0000,
    0x0000, 0x0000, 0x0020, 0x0020, 0x0000, 0x0861, 0x73ae, 0xdf1c, 0xbdf7, 0x4208, 0x0020, 0x8c51,
    0x9492, 0xffff, 0xf79e, 0xffdf, 0xffdf, 0xffff, 0xffff, 0xffff, 0xffff, 0xffff, 0xffff, 0xffff,
    0xffdf, 0xffff, 0x52aa, 0xd69a, 0xffff, 0xffff, 0xdefb, 0x5aeb, 0xffff, 0xffff, 0xffff, 0xfffe,
    0xffff, 0xffbc, 0xfd23, 0xfce0, 0xfd64, 0xffdd, 0xffdf, 0xffde, 0xffff, 0xff9b, 0xfd02, 0xfcc0,
    0xfd44, 0xff9b, 0xffff, 0xffff, 0xffff, 0xffff, 0xffff, 0xffff, 0xffdf, 0xf7be, 0xffff, 0x8c51,
    0x9492, 0x18e3, 0x1082, 0x8c71, 0x2945, 0x0000, 0x0000, 0x3186, 0xf7be, 0xffff, 0xffdf, 0xffff,
    0xffff, 0xffff, 0xffff, 0xffff, 0xffff, 0xffff, 0xffff, 0xffff, 0xffff, 0xffff, 0xffff, 0xffff,
    0xffff, 0xffff, 0xffff, 0xffff, 0xffff, 0xffff, 0xffff, 0xffff, 0xffff, 0xffff, 0xffff, 0xffff,
    0xffff, 0xffff, 0xffff, 0xffff, 0xffff, 0xffff, 0xffff, 0xffff, 0xffff, 0xf79e, 0xffff, 0xa534,
    0x0000, 0x0841, 0x0000, 0x0000, 0x0000, 0x0000, 0x0000, 0x0020, 0x0000, 0x0020, 0x39c7, 0x18c3,
    0xc618, 0xffff, 0x632d, 0xef5d, 0xd69a, 0x1082, 0x0020, 0x0840, 0x0020, 0x0020, 0x0020, 0x0020,
    0x0840, 0x0000, 0x0000, 0x0841, 0x5aeb, 0xa554, 0x8430, 0x738e, 0x632c, 0xffff, 0xffff, 0xffff,
    0xffff, 0xffff, 0xffff, 0xffff, 0xffff, 0xffff, 0xffff, 0xffff, 0xffff, 0xffff, 0x5acb, 0xd69a,
    0xffdf, 0xffff, 0xdedb, 0x5acb, 0xffff, 0xffff, 0xffff, 0xffde, 0xffff, 0xff16, 0xfce1, 0xfcc0,
    0xfe2c, 0xffff, 0xffde, 0xffde, 0xffff, 0xfe6f, 0xfca0, 0xfcc0, 0xfef5, 0xffff, 0xffde, 0xffff,
    0xffff, 0xffff, 0xffdf, 0xffdf, 0xffdf, 0xffdf, 0xffdf, 0xffff, 0xbdd7, 0x1082, 0x0020, 0x18c3,
    0x73ae, 0x39c7, 0x0000, 0x39c7, 0xffff, 0xffdf, 0xffdf, 0xffff, 0xffff, 0xffff, 0xffff, 0xffff,
    0xffff, 0xffff, 0xffff, 0xffff, 0xffff, 0xffff, 0xffff, 0xffff, 0xffff, 0xffff, 0xffff, 0xffff,
    0xffff, 0xffff, 0xffff, 0xffff, 0xffff, 0xffff, 0xffff, 0xffff, 0xffff, 0xffff, 0xffff, 0xffff,
    0xffff, 0xffff, 0xffff, 0xffff, 0xffff, 0xffdf, 0xffff, 0x5aeb, 0x0000, 0x0841, 0x0000, 0x0000,
    0x0000, 0x0000, 0x0000, 0x0000, 0x0841, 0x0000, 0x39e7, 0xd6bb, 0xf79e, 0xffff, 0x9cf3, 0xc618,
    0xffff, 0x2124, 0x0000, 0x0020, 0x0000, 0x0000, 0x0000, 0x0000, 0x0000, 0x0000, 0x0000, 0x0000,
    0x0000, 0x0000, 0x2945, 0x4a69, 0x3186, 0x39c7, 0x8c51, 0xce79, 0xdefb, 0xef5d, 0xffdf, 0xffdf,
    0xffdf, 0xffff, 0xffff, 0xffff, 0xffff, 0xffff, 0x5aeb, 0xd6ba, 0xffdf, 0xffff, 0xdedb, 0x5acb,
    0xffff, 0xffff, 0xffff, 0xffde, 0xffff, 0xfe4f, 0xfcc0, 0xfce1, 0xfef5, 0xffff, 0xffde, 0xfffe,
    0xffde, 0xfd66, 0xfca0, 0xfd46, 0xfffe, 0xffff, 0xffff, 0xffff, 0xffff, 0xffff, 0xffdf, 0xffff,
    0xffff, 0xffff, 0xf7be, 0xffff, 0xb5b6, 0x0000, 0x0861, 0x0000, 0x0000, 0x4208, 0x2104, 0x10a2,
    0xce79, 0xffdf, 0xffdf, 0xffdf, 0xffff, 0xffff, 0xffff, 0xffff, 0xffff, 0xffff, 0xffff, 0xffff,
    0xffff, 0xffff, 0xffff, 0xffff, 0xffff, 0xffff, 0xffff, 0xffff, 0xffff, 0xffff, 0xffff, 0xffff,
    0xffff, 0xffff, 0xffff, 0xffff, 0xffff, 0xffff, 0xffff, 0xffff, 0xffff, 0xffff, 0xffff, 0xffff,
    0xffdf, 0xffff, 0xef5d, 0x18c3, 0x0000, 0x0020, 0x0000, 0x0000, 0x0000, 0x0000, 0x0000, 0x0000,
    0x0020, 0x10a2, 0x4a49, 0xef7d, 0xf7be, 0xffff, 0xb5b6, 0xd69a, 0xf7be, 0x2144, 0x0000, 0x0020,
    0x0000, 0x0000, 0x0000, 0x0000, 0x0000, 0x0000, 0x0000, 0x0000, 0x0000, 0x0000, 0x0000, 0x0000,
    0x0020, 0x0000, 0x0020, 0x3186, 0x738e, 0xbdf7, 0xffdf, 0xffff, 0xffff, 0xffff, 0xffff, 0xffff,
    0xffff, 0xffff, 0x5aeb, 0xd6ba, 0xffdf, 0xffff, 0xdedb, 0x5aca, 0xffff, 0xffdf, 0xffff, 0xffde,
    0xffff, 0xfdc9, 0xfcc0, 0xfd22, 0xff9a, 0xffff, 0xffde, 0xffff, 0xff58, 0xfd02, 0xfca0, 0xfe4e,
    0xffff, 0xffde, 0xffff, 0xffff, 0xffff, 0xffff, 0xffff, 0xffff, 0xffff, 0xffff, 0xffdf, 0xffff,
    0x7bef, 0x0000, 0x0841, 0x0020, 0x0000, 0x0000, 0x0020, 0x18e3, 0x7bcf, 0xd6bb, 0xffff, 0xffdf,
    0xffdf, 0xffff, 0xffff, 0xffff, 0xffff, 0xffff, 0xffff, 0xffdf, 0xffdf, 0xffff, 0xffff, 0xffff,
    0xffff, 0xffff, 0xffff, 0xffff, 0xffff, 0xffff, 0xffff, 0xffff, 0xffff, 0xffff, 0xffff, 0xffff,
    0xffff, 0xffff, 0xffff, 0xffff, 0xffff, 0xffff, 0xffff, 0xffff, 0xf79e, 0xffff, 0x8c71, 0x0000,
    0x0841, 0x0020, 0x0000, 0x0000, 0x0000, 0x0000, 0x0000, 0x0841, 0x0000, 0x738e, 0x8c71, 0x8c71,
    0xffff, 0xffdf, 0xef5d, 0xf79e, 0xef7d, 0x2124, 0x0000, 0x0020, 0x0000, 0x0000, 0x0000, 0x0000,
    0x0000, 0x0000, 0x0000, 0x0000, 0x0000, 0x0841, 0x0000, 0x8410, 0x632c, 0xa534, 0xf79e, 0xf7be,
    0xffff, 0xffff, 0xffff, 0xffff, 0xffff, 0xffff, 0xffff, 0xffff, 0xffff, 0xffff, 0x5aeb, 0xd6ba,
    0xffdf, 0xffff, 0xdedb, 0x5aca, 0xffff, 0xffdf, 0xffff, 0xffff, 0xfffe, 0xfd87, 0xfcc0, 0xfd64,
    0xffdd, 0xffff, 0xffde, 0xffff, 0xfef4, 0xfcc0, 0xfce0, 0xff15, 0xffff, 0xffdf, 0xffdf, 0xffff,
    0xffff, 0xffff, 0xffff, 0xffff, 0xffff, 0xffff, 0xffff, 0xffff, 0x4228, 0x3186, 0x0020, 0x0000,
    0x0000, 0x0841, 0x0000, 0x52aa, 0xffff, 0xffdf, 0xffff, 0xffff, 0xffff, 0xffff, 0xffff, 0xffff,
    0xffff, 0xffff, 0xffff, 0xffff, 0xffff, 0xffff, 0xffff, 0xffff, 0xffdf, 0xffff, 0xffff, 0xffff,
    0xffff, 0xffff, 0xffff, 0xffff, 0xffff, 0xffff, 0xffff, 0xffff, 0xffff, 0xffff, 0xffff, 0xffff,
    0xffff, 0xffff, 0xffff, 0xffdf, 0xffdf, 0xef7d, 0x2104, 0x0020, 0x0821, 0x0000, 0x0000, 0x0000,
    0x0000, 0x0000, 0x0000, 0x0841, 0x0000, 0xbdf8, 0xce79, 0x8410, 0xffff, 0xffdf, 0xffdf, 0xffff,
    0xdefb, 0x10a2, 0x0020, 0x0020, 0x0000, 0x0000, 0x0000, 0x0000, 0x0000, 0x0000, 0x0000, 0x0000,
    0x0000, 0x0020, 0x0000, 0x630c, 0x94b3, 0xad76, 0xffff, 0xffdf, 0xffdf, 0xffdf, 0xffff, 0xffff,
    0xffff, 0xffff, 0xffff, 0xffff, 0xffff, 0xffff, 0x5acb, 0xd69a, 0xffff, 0xffff, 0xdedb, 0x5acb,
    0xffff, 0xffdf, 0xffff, 0xffff, 0xffde, 0xfd65, 0xfce0, 0xfd85, 0xfffe, 0xffff, 0xffde, 0xffff,
    0xfe90, 0xfcc0, 0xfd02, 0xff79, 0xffff, 0xffdf, 0xffff, 0xffff, 0xffff, 0xffff, 0xffff, 0xffff,
    0xffff, 0xffdf, 0xffff, 0xdefb, 0x31a6, 0x73ae, 0x0000, 0x0020, 0x0020, 0x0841, 0x0000, 0x5aeb,
    0xffff, 0xffff, 0xffff, 0xffff, 0xffff, 0xffff, 0xffdf, 0xffdf, 0xffdf, 0xffff, 0xe71c, 0xbdf7,
    0xbdd7, 0xbdf7, 0xd6ba, 0xffff, 0xffff, 0xffff, 0xffdf, 0xffff, 0xffff, 0xffff, 0xffff, 0xffff,
    0xffff, 0xffff, 0xffff, 0xffff, 0xffff, 0xffff, 0xffff, 0xffff, 0xffff, 0xffff, 0xffff, 0xffdf,
    0xffff, 0x73ce, 0x0000, 0x0020, 0x0000, 0x0020, 0x0000, 0x0000, 0x0000, 0x0000, 0x0020, 0x0000,
    0x2124, 0xf7be, 0xc638, 0xc618, 0xffff, 0xf7be, 0xf7be, 0xffff, 0x9cd3, 0x0000, 0x0841, 0x0020,
    0x0000, 0x0000, 0x0000, 0x0000, 0x0000, 0x0000, 0x0000, 0x0000, 0x0000, 0x0020, 0x0000, 0x18e3,
    0xa514, 0x94b2, 0xffff, 0xf7be, 0xffdf, 0xffff, 0xffff, 0xffff, 0xffff, 0xffff, 0xffff, 0xffff,
    0xffff, 0xffff, 0x52aa, 0xd69a, 0xffdf, 0xffff, 0xdedb, 0x5aeb, 0xffff, 0xffff, 0xffff, 0xffff,
    0xffdd, 0xfd65, 0xfce0, 0xfda6, 0xffff, 0xffff, 0xffde, 0xffff, 0xfe4e, 0xfca0, 0xfd02, 0xff79,
    0xffff, 0xffff, 0xffff, 0xffff, 0xffff, 0xffff, 0xffff, 0xffff, 0xffff, 0xf7be, 0xffff, 0x9cd3,
    0x5acb, 0x7bef, 0x0000, 0x0020, 0x0000, 0x0841, 0x0000, 0x528a, 0xffff, 0xffff, 0xffff, 0xffff,
    0xffff, 0xffff, 0xffdf, 0xffdf, 0xffff, 0x8410, 0x2104, 0x8c51, 0x94b2, 0x9492, 0x738e, 0x39e7,
    0x7bcf, 0xdefb, 0xffff, 0xffdf, 0xffff, 0xffff, 0xffff, 0xffff, 0xffff, 0xffff, 0xffff, 0xffff,
    0xffff, 0xffff, 0xffff, 0xffdf, 0xffdf, 0xffdf, 0xf79e, 0xffff, 0xbdf7, 0x0841, 0x0000, 0x18c3,
    0x18e3, 0x0000, 0x0840, 0x0020, 0x0020, 0x0020, 0x0841, 0x0000, 0x6b6d, 0xffff, 0xf7be, 0xe6fb,
    0xbdf7, 0xef7d, 0xffff, 0xef5d, 0x2124, 0x0000, 0x0020, 0x0000, 0x0000, 0x0000, 0x0000, 0x0000,
    0x0000, 0x0000, 0x0000, 0x0000, 0x0000, 0x0020, 0x0840, 0x0000, 0x8c71, 0xa514, 0xffff, 0xffdf,
    0xffdf, 0xffff, 0xffff, 0xffff, 0xffff, 0xffff, 0xffff, 0xffff, 0xffdf, 0xffff, 0x52aa, 0xd69a,
    0xffdf, 0xffff, 0xdedb, 0x5aeb, 0xffff, 0xffff, 0xffff, 0xffff, 0xffde, 0xfd86, 0xfce0, 0xfd84,
    0xffdd, 0xffff, 0xffde, 0xffff, 0xfe70, 0xfca0, 0xfce0, 0xff58, 0xffff, 0xffff, 0xffff, 0xffff,
    0xffff, 0xffff, 0xffff, 0xffff, 0xffff, 0xf7be, 0xffff, 0x4228, 0xa514, 0x630c, 0x0000, 0x0841,
    0x0000, 0x0020, 0x0000, 0x3165, 0xf7be, 0xffdf, 0xffdf, 0xffff, 0xffff, 0xffff, 0xffdf, 0xffff,
    0xf7be, 0x18e3, 0x0000, 0x1082, 0x18c3, 0x1082, 0x18c3, 0x2945, 0x4228, 0x52aa, 0xb5b6, 0xffff,
    0xffdf, 0xffff, 0xffff, 0xffff, 0xffff, 0xffff, 0xffff, 0xffff, 0xffff, 0xffff, 0xffff, 0xffff,
    0xffdf, 0xffdf, 0xffff, 0xce79, 0x1082, 0x0000, 0x39c7, 0xbdd7, 0x18e3, 0x0000, 0x0020, 0x0020,
    0x0020, 0x0020, 0x0841, 0x0000, 0x7bef, 0xc618, 0x9492, 0x9cf3, 0xe71c, 0xffff, 0xf7be, 0x4a49,
    0x0000, 0x0020, 0x0000, 0x0000, 0x0000, 0x0000, 0x0000, 0x0000, 0x0000, 0x0000, 0x0000, 0x0000,
    0x0000, 0x0000, 0x0841, 0x0000, 0x4228, 0xb575, 0xef5d, 0xffff, 0xffdf, 0xffff, 0xffff, 0xffff,
    0xffff, 0xffff, 0xffff, 0xffff, 0xffff, 0xffff, 0x52aa, 0xd69a, 0xffff, 0xffff, 0xdedb, 0x5aeb,
    0xffff, 0xffff, 0xffff, 0xffde, 0xffff, 0xfda8, 0xfce0, 0xfd42, 0xff9a, 0xffff, 0xffde, 0xffff,
    0xfed4, 0xfca0, 0xfcc0, 0xfed3, 0xffff, 0xffde, 0xffdf, 0xffff, 0xffff, 0xffff, 0xffff, 0xffff,
    0xffdf, 0xffff, 0xd6ba, 0x2945, 0xdefb, 0x2965, 0x0841, 0x1082, 0x0000, 0x0000, 0x0000, 0x0861,
    0xdedb, 0xffff, 0xffdf, 0xffff, 0xffff, 0xffff, 0xffdf, 0xffff, 0xffdf, 0x2965, 0x0000, 0x0041,
    0x0000, 0x31a7, 0xbdf7, 0xf7be, 0xffff, 0xf7be, 0x632c, 0xd6ba, 0xffff, 0xffdf, 0xffff, 0xffff,
    0xffff, 0xffff, 0xffff, 0xffff, 0xffff, 0xffff, 0xffff, 0xffff, 0xffff, 0xf79e, 0x94b2, 0x0020,
    0x10a2, 0x8410, 0xffdf, 0xb5b6, 0x0000, 0x0841, 0x0000, 0x0000, 0x0000, 0x0841, 0x0000, 0x31a6,
    0xdedb, 0xd69a, 0xdedb, 0xffff, 0xffff, 0xe71c, 0x4228, 0x0000, 0x0840, 0x0020, 0x0000, 0x0000,
    0x0000, 0x0000, 0x0000, 0x0000, 0x0000, 0x0000, 0x0000, 0x0000, 0x0000, 0x0000, 0x0000, 0x0000,
    0x0000, 0x9cf3, 0xffdf, 0xffdf, 0xffdf, 0xffff, 0xffff, 0xffff, 0xffff, 0xffff, 0xffff, 0xffff,
    0xffff, 0xffff, 0x5acb, 0xd6ba, 0xffff, 0xffff, 0xdedb, 0x5acb, 0xffff, 0xffff, 0xffff, 0xffde,
    0xffff, 0xfe0c, 0xf4c0, 0xf4e1, 0xff37, 0xffff, 0xffde, 0xffff, 0xff7a, 0xfd02, 0xfcc0, 0xfe0c,
    0xffff, 0xffde, 0xffff, 0xffff, 0xffff, 0xffff, 0xffff, 0xffff, 0xffdf, 0xffff, 0x73ae, 0x632c,
    0xe71c, 0x0000, 0x2104, 0x18e3, 0x0000, 0x0020, 0x0841, 0x0000, 0x94b2, 0xffff, 0xf79e, 0xffff,
    0xffff, 0xffff, 0xffff, 0xffdf, 0xffff, 0x5b0c, 0x0000, 0x0000, 0x4a69, 0xffdf, 0xffff, 0xffdf,
    0xf7be, 0xffff, 0xbdd7, 0x8430, 0xffff, 0xf7be, 0xffff, 0xffff, 0xffff, 0xffff, 0xffff, 0xffff,
    0xffff, 0xffff, 0xffff, 0xffff, 0xce79, 0x7bef, 0x52aa, 0x9cd3, 0xef3d, 0xffff, 0xffff, 0x6b6d,
    0x0000, 0x0861, 0x0000, 0x0000, 0x0000, 0x0841, 0x0000, 0x8c71, 0xffff, 0xffde, 0xffff, 0xffff,
    0x9cf3, 0x18c3, 0x0000, 0x0020, 0x0000, 0x0000, 0x0000, 0x0000, 0x0000, 0x0020, 0x0020, 0x0020,
    0x0861, 0x0841, 0x0000, 0x0000, 0x0000, 0x0000, 0x0000, 0x0020, 0x0000, 0x31a6, 0xf7be, 0xf7be,
    0xffdf, 0xffff, 0xffff, 0xffff, 0xffff, 0xffff, 0xffff, 0xffff, 0xffff, 0xffff, 0x5acb, 0xd6ba,
    0xffff, 0xffff, 0xdedb, 0x5acb, 0xffff, 0xffdf, 0xffff, 0xffde, 0xffff, 0xfe91, 0xf4a0, 0xf4c0,
    0xfe90, 0xffff, 0xffde, 0xffde, 0xffff, 0xfdca, 0xfce0, 0xfd64, 0xffbd, 0xffff, 0xffde, 0xffff,
    0xffff, 0xffff, 0xffff, 0xffdf, 0xffdf, 0xf79e, 0x2945, 0xdedb, 0x7bef, 0x0000, 0x2965, 0x2124,
    0x0000, 0x0000, 0x0841, 0x0000, 0x2945, 0xf79e, 0xffdf, 0xffff, 0xffff, 0xffff, 0xffff, 0xffdf,
    0xffff, 0xbdf7, 0x0000, 0x18c3, 0xef5d, 0xffff, 0xffdf, 0xffff, 0xffdf, 0xffff, 0xd6ba, 0x7bef,
    0xffff, 0xffdf, 0xffff, 0xffff, 0xffff, 0xffff, 0xffff, 0xffff, 0xffff, 0xffff, 0xffff, 0xffff,
    0xf7be, 0xf7be, 0xffff, 0xffff, 0xffff, 0xffdf, 0xffdf, 0x3186, 0x0000, 0x0020, 0x0000, 0x0000,
    0x0000, 0x0000, 0x18e3, 0xf79e, 0xffff, 0xffdf, 0xbdf7, 0x4228, 0x0000, 0x0000, 0x0020, 0x0000,
    0x0000, 0x0000, 0x0000, 0x0000, 0x0020, 0x0020, 0x0820, 0x0000, 0x4208, 0x4a49, 0x0000, 0x0020,
    0x0000, 0x0000, 0x0000, 0x0000, 0x0841, 0x0000, 0xad75, 0xffff, 0xf7be, 0xffff, 0xffff, 0xffff,
    0xffff, 0xffff, 0xffff, 0xffff, 0xffff, 0xffff, 0x5acb, 0xd69a, 0xffff, 0xffff, 0xdeda, 0x5aca,
    0xffff, 0xffdf, 0xffff, 0xffde, 0xffff, 0xff58, 0xf4c1, 0xf4a0, 0xfda8, 0xffff, 0xffde, 0xffde,
    0xffff, 0xff16, 0xfd01, 0xfd01, 0xfe6f, 0xffff, 0xfffe, 0xffff, 0xffff, 0xffff, 0xffff, 0xf7be,
    0xffff, 0x8c51, 0x5aeb, 0xd69a, 0x0000, 0x0000, 0x2965, 0x39c7, 0x0000, 0x0000, 0x0000, 0x0020,
    0x0000, 0x8410, 0xffff, 0xf7be, 0xffdf, 0xffdf, 0xffff, 0xffdf, 0xf7be, 0xffff, 0x31a6, 0x4a69,
    0xffff, 0xf79e, 0xffff, 0xffff, 0xffdf, 0xffff, 0xc618, 0x83f0, 0xffff, 0xf7be, 0xffdf, 0xffdf,
    0xffff, 0xffff, 0xffff, 0xffff, 0xffff, 0xffff, 0xffff, 0xffff, 0xffff, 0xffff, 0xffff, 0xffdf,
    0xffdf, 0xffff, 0xd6ba, 0x0841, 0x0000, 0x0000, 0x0000, 0x0000, 0x0000, 0x0000, 0x2965, 0x94b2,
    0x8430, 0x4228, 0x0000, 0x0000, 0x0020, 0x0000, 0x0000, 0x0000, 0x0000, 0x0000, 0x0000, 0x0000,
    0x0000, 0x0000, 0x0020, 0x0000, 0x39c7, 0x6b4d, 0x630c, 0x0000, 0x0000, 0x0000, 0x0000, 0x0000,
    0x0041, 0x0000, 0x4228, 0xffff, 0xffff, 0xffff, 0xffff, 0xffff, 0xffff, 0xffff, 0xffff, 0xffff,
    0xffff, 0xffff, 0x5acb, 0xd69a, 0xffff, 0xffff, 0xdeda, 0x5aca, 0xffff, 0xffdf, 0xffff, 0xffff,
    0xffff, 0xffde, 0xfd45, 0xfcc0, 0xfd01, 0xff7a, 0xffff, 0xffff, 0xffff, 0xffff, 0xfdea, 0xfd01,
    0xfd42, 0xff59, 0xffff, 0xffff, 0xffdf, 0xffdf, 0xffdf, 0xffdf, 0xef7d, 0x2965, 0xb596, 0x4a49,
    0x3186, 0x0000, 0x2945, 0x528a, 0x0000, 0x0020, 0x0000, 0x0020, 0x0840, 0x0861, 0xce59, 0xffff,
    0xf7be, 0xffff, 0xffff, 0xffff, 0xffdf, 0xffff, 0xbdd7, 0x632c, 0xffff, 0xf7be, 0xffff, 0xffff,
    0xf7df, 0xffff, 0x7bcf, 0xc618, 0xffff, 0xf7be, 0xffdf, 0xffdf, 0xffff, 0xffff, 0xffff, 0xffff,
    0xffff, 0xffff, 0xffff, 0xffff, 0xffff, 0xffff, 0xffff, 0xffff, 0xf79e, 0xffff, 0x9cd3, 0x0000,
    0x0841, 0x0020, 0x0000, 0x0000, 0x0000, 0x0000, 0x0000, 0x0000, 0x0000, 0x0000, 0x0000, 0x0020,
    0x0000, 0x0000, 0x0000, 0x0000, 0x0000, 0x0000, 0x0000, 0x0000, 0x0000, 0x0000, 0x0020, 0x0000,
    0x3186, 0x5acb, 0xc618, 0x5aeb, 0x0000, 0x0841, 0x0020, 0x0020, 0x0820, 0x0820, 0x0000, 0xbdf7,
    0xffff, 0xf7be, 0xffdf, 0xffff, 0xffff, 0xffff, 0xffff, 0xffff, 0xffff, 0xffff, 0x52aa, 0xd69a,
    0xffff, 0xffff, 0xdeda, 0x5acb, 0xffff, 0xffdf, 0xffff, 0xffff, 0xffff, 0xffff, 0xfe91, 0xfce0,
    0xfd00, 0xfe6f, 0xffff, 0xffde, 0xffde, 0xffff, 0xff9b, 0xfd63, 0xfda6, 0xffbc, 0xffff, 0xffdf,
    0xffdf, 0xffdf, 0xf7be, 0xffff, 0x7bcf, 0x630c, 0x5acb, 0x8430, 0x4228, 0x0000, 0x18e3, 0x5aeb,
    0x0000, 0x0020, 0x0000, 0x0000, 0x0020, 0x0000, 0x2124, 0xef5d, 0xffff, 0xffdf, 0xffff, 0xffff,
    0xffff, 0xffdf, 0xffff, 0x9cf3, 0xce79, 0xffff, 0xffdf, 0xffff, 0xffff, 0x9cf3, 0x8c51, 0xffff,
    0xffdf, 0xffdf, 0xffdf, 0xffdf, 0xffff, 0xffff, 0xffff, 0xffff, 0xffff, 0xffff, 0xffff, 0xffff,
    0xffff, 0xffff, 0xffff, 0xf7be, 0xffff, 0xd6ba, 0x2124, 0x0000, 0x0020, 0x0000, 0x0000, 0x0000,
    0x0000, 0x0000, 0x0000, 0x0020, 0x0020, 0x0000, 0x0000, 0x0000, 0x0000, 0x0000, 0x0000, 0x0000,
    0x0000, 0x0000, 0x0000, 0x0000, 0x0000, 0x0000, 0x0020, 0x0000, 0x2945, 0x630c, 0xad75, 0xef7d,
    0x18c3, 0x0020, 0x0840, 0x0820, 0x0020, 0x0841, 0x0000, 0x39c7, 0xffdf, 0xf7be, 0xffdf, 0xffff,
    0xffff, 0xffff, 0xffff, 0xffff, 0xffff, 0xffff, 0x5aaa, 0xd69a, 0xffff, 0xffff, 0xdedb, 0x5aeb,
    0xffff, 0xffff, 0xffff, 0xffff, 0xffff, 0xffff, 0xffbc, 0xfd44, 0xfd21, 0xfd44, 0xffbc, 0xffff,
    0xffde, 0xffff, 0xffff, 0xff7a, 0xffbc, 0xffff, 0xffdf, 0xffdf, 0xffff, 0xffdf, 0xffdf, 0xdedb,
    0x4208, 0x5aeb, 0x6b4d, 0xe73c, 0x0841, 0x0000, 0x0861, 0x6b6d, 0x0020, 0x0000, 0x0000, 0x0000,
    0x0000, 0x0020, 0x0000, 0x4208, 0xf7be, 0xffdf, 0xffdf, 0xffff, 0xffff, 0xffdf, 0xffff, 0xffdf,
    0xc638, 0xf7be, 0xffdf, 0xdefb, 0x9cf3, 0xa534, 0xffff, 0xffdf, 0xffdf, 0xffff, 0xffff, 0xffff,
    0xffff, 0xffff, 0xffff, 0xffff, 0xffff, 0xffff, 0xffff, 0xffff, 0xffff, 0xffff, 0xf7be, 0xffff,
    0xc618, 0x18c3, 0x0000, 0x0000, 0x0000, 0x0000, 0x0000, 0x0000, 0x0000, 0x0000, 0x0000, 0x0000,
    0x0000, 0x0000, 0x0000, 0x0000, 0x0000, 0x0000, 0x0000, 0x0000, 0x0000, 0x0000, 0x0000, 0x0000,
    0x0000, 0x0000, 0x0020, 0x0000, 0x18e3, 0x738e, 0x8c71, 0xffff, 0xa534, 0x0000, 0x0020, 0x0020,
    0x0000, 0x0000, 0x0020, 0x0000, 0x9cd3, 0xffff, 0xffbf, 0xffdf, 0xffff, 0xffff, 0xffff, 0xffff,
    0xffdf, 0xffff, 0x5aaa, 0xd69a, 0xffff, 0xffff, 0xdedb, 0x5aeb, 0xffff, 0xffff, 0xffff, 0xffff,
    0xffff, 0xfffe, 0xffff, 0xfe6f, 0xfd00, 0xfce0, 0xfe2d, 0xffff, 0xffdf, 0xffdf, 0xffdf, 0xffff,
    0xffff, 0xffdf, 0xffdf, 0xffdf, 0xffdf, 0xf7be, 0xffff, 0x5acb, 0x2144, 0x4a69, 0xffdf, 0xa534,
    0x0000, 0x0820, 0x0000, 0x6b4d, 0x18c3, 0x0000, 0x0020, 0x0000, 0x0000, 0x0000, 0x0020, 0x0000,
    0x528a, 0xffdf, 0xffff, 0xf7be, 0xffdf, 0xffdf, 0xffdf, 0xffdf, 0xffff, 0xffff, 0xffff, 0xef5d,
    0xf79e, 0xffff, 0xffff, 0xffff, 0xffff, 0xffff, 0xffff, 0xffff, 0xffff, 0xffff, 0xffff, 0xffff,
    0xffff, 0xffff, 0xffdf, 0xffff, 0xffdf, 0xffff, 0xffff, 0x9cf3, 0x0841, 0x0000, 0x0020, 0x0000,
    0x0000, 0x0000, 0x0000, 0x0000, 0x0861, 0x1082, 0x0000, 0x0000, 0x0000, 0x0000, 0x0000, 0x0000,
    0x0000, 0x0000, 0x0000, 0x0000, 0x0000, 0x0000, 0x0000, 0x0000, 0x0000, 0x0000, 0x0020, 0x0000,
    0x0841, 0x6b6d, 0x8410, 0xffff, 0xffff, 0x62ec, 0x0000, 0x0841, 0x0020, 0x0000, 0x0020, 0x0020,
    0x18e3, 0xef5d, 0xffdf, 0xf7be, 0xffdf, 0xffdf, 0xffff, 0xffff, 0xffff, 0xffff, 0x5acb, 0xd69a,
    0xffff, 0xffff, 0xdefb, 0x5b0c, 0xffff, 0xffff, 0xffff, 0xffff, 0xffff, 0xffff, 0xffff, 0xffbc,
    0xfd23, 0xfce0, 0xfce1, 0xff37, 0xffff, 0xffde, 0xffff, 0xffdf, 0xffff, 0xffff, 0xffff, 0xffff,
    0xf7be, 0xffff, 0xa514, 0x0000, 0x3186, 0xe71c, 0xffff, 0x632c, 0x0000, 0x0861, 0x0000, 0x5aeb,
    0x4228, 0x0000, 0x0820, 0x0020, 0x0000, 0x0000, 0x0000, 0x0841, 0x0000, 0x4a49, 0xf79e, 0xffdf,
    0xf7be, 0xffdf, 0xffdf, 0xffdf, 0xffff, 0xffff, 0xffff, 0xffff, 0xffff, 0xffff, 0xffff, 0xffff,
    0xffff, 0xffff, 0xffff, 0xffff, 0xffff, 0xffff, 0xffff, 0xffff, 0xffff, 0xffff, 0xffdf, 0xffdf,
    0xffff, 0xdedb, 0x52aa, 0x0841, 0x0841, 0x0020, 0x0000, 0x0000, 0x0000, 0x0000, 0x0020, 0x0000,
    0x39c7, 0x10a2, 0x0000, 0x0000, 0x0000, 0x0000, 0x0000, 0x0000, 0x0000, 0x0000, 0x0000, 0x0000,
    0x0000, 0x0000, 0x0000, 0x0000, 0x0000, 0x0000, 0x0000, 0x0020, 0x0000, 0x738e, 0x8410, 0xffff,
    0xffff, 0xef5d, 0x1903, 0x0020, 0x0020, 0x0000, 0x0000, 0x0841, 0x0000, 0x738e, 0xffff, 0xf7be,
    0xffdf, 0xffff, 0xffff, 0xffff, 0xffff, 0xffff, 0x5acb, 0xd6ba, 0xffff, 0xffff, 0xdefb, 0x5aec,
    0xffff, 0xffff, 0xffff, 0xffff, 0xffff, 0xffdf, 0xffde, 0xffff, 0xfed3, 0xf4a0, 0xf4e1, 0xfd44,
    0xff9c, 0xffff, 0xffdf, 0xffff, 0xffff, 0xffff, 0xffff, 0xffdf, 0xffff, 0xdefb, 0x1082, 0x20e4,
    0xdedb, 0xffff, 0xf79e, 0x31a6, 0x0000, 0x0841, 0x0000, 0x3186, 0x6b6d, 0x0000, 0x0000, 0x0000,
    0x0000, 0x0000, 0x0000, 0x0000, 0x0020, 0x0000, 0x4228, 0xf79e, 0xffdf, 0xffdf, 0xffff, 0xffff,
    0xffff, 0xffff, 0xffff, 0xffff, 0xffff, 0xffff, 0xffff, 0xffff, 0xffff, 0xffff, 0xffff, 0xffff,
    0xffff, 0xffff, 0xffff, 0xffdf, 0xffff, 0xffff, 0xffdf, 0xffff, 0xbdf7, 0x6b4d, 0x8430, 0xc618,
    0x10a2, 0x0000, 0x0020, 0x0000, 0x0000, 0x0000, 0x0000, 0x10a2, 0x5aeb, 0x0000, 0x0000, 0x0000,
    0x0000, 0x0000, 0x0000, 0x0000, 0x0000, 0x0000, 0x0000, 0x0000, 0x0000, 0x0000, 0x0000, 0x0000,
    0x0000, 0x0000, 0x0000, 0x0041, 0x0000, 0x736e, 0x8410, 0xef7d, 0xffff, 0xffff, 0x9492, 0x0000,
    0x0841, 0x0000, 0x0000, 0x0000, 0x10a2, 0x18c3, 0xd6ba, 0xffff, 0xffdf, 0xffff, 0xffff, 0xffff,
    0xffff, 0xffff, 0x5acb, 0xd6ba, 0xffff, 0xffff, 0xdedb, 0x5aeb, 0xffff, 0xffff, 0xffff, 0xffff,
    0xffff, 0xffff, 0xffff, 0xffff, 0xffff, 0xfdeb, 0xfca0, 0xfd44, 0xff9c, 0xffff, 0xffff, 0xffff,
    0xffff, 0xffff, 0xffdf, 0xf7be, 0xf7de, 0x39c7, 0x0861, 0xce79, 0xffff, 0xffdf, 0xd69a, 0x0841,
    0x0020, 0x0841, 0x0000, 0x0020, 0x7bcf, 0x0841, 0x0000, 0x0000, 0x0000, 0x0000, 0x0000, 0x0000,
    0x0020, 0x0841, 0x0000, 0x4208, 0xef7d, 0xffff, 0xf7be, 0xffff, 0xffff, 0xffff, 0xffff, 0xffff,
    0xffff, 0xffff, 0xffff, 0xffff, 0xffff, 0xffff, 0xffff, 0xffff, 0xffff, 0xffff, 0xffff, 0xffff,
    0xffff, 0xffff, 0xffff, 0xffff, 0xe73c, 0xffff, 0xffff, 0xe71b, 0x0841, 0x0000, 0x0020, 0x0000,
    0x0000, 0x0020, 0x0000, 0x528a, 0x31c7, 0x0000, 0x0020, 0x0000, 0x0000, 0x0000, 0x0000, 0x0000,
    0x0000, 0x0000, 0x0000, 0x0000, 0x0000, 0x0000, 0x0000, 0x0000, 0x0000, 0x0000, 0x0000, 0x0020,
    0x0000, 0x528a, 0x94b2, 0xdeda, 0xffff, 0xf7be, 0xef7d, 0x2124, 0x0000, 0x0020, 0x0000, 0x0000,
    0x2124, 0x5acb, 0x62ec, 0xffff, 0xf7be, 0xffdf, 0xffff, 0xffff, 0xffff, 0xffff, 0x5acb, 0xd69a,
    0xffdf, 0xffff, 0xd6da, 0x5aca, 0xffff, 0xffdf, 0xffdf, 0xffff, 0xffff, 0xffff, 0xffff, 0xffff,
    0xffff, 0xffde, 0xfe4f, 0xff7a, 0xffff, 0xffff, 0xffff, 0xffff, 0xffff, 0xffff, 0xffdf, 0xffff,
    0x6b6d, 0x0000, 0xbdd7, 0xffff, 0xef7d, 0xffff, 0x9cd3, 0x0000, 0x0020, 0x0020, 0x0020, 0x0000,
    0x632c, 0x4208, 0x0000, 0x0020, 0x0020, 0x0020, 0x0020, 0x0000, 0x0020, 0x0020, 0x0841, 0x0000,
    0x31a6, 0xe73c, 0xffff, 0xf7be, 0xffff, 0xffff, 0xffff, 0xffff, 0xffff, 0xffff, 0xffff, 0xffff,
    0xffff, 0xffdf, 0xffdf, 0xffdf, 0xffff, 0xffff, 0xffff, 0xce59, 0xdefb, 0xffff, 0xffdf, 0xffff,
    0xffff, 0xffdf, 0xffdf, 0xd6ba, 0x0841, 0x0000, 0x0020, 0x0020, 0x0020, 0x0000, 0x0861, 0x7bcf,
    0x0020, 0x0000, 0x0000, 0x0000, 0x0000, 0x0000, 0x0000, 0x0000, 0x0000, 0x0000, 0x0000, 0x0000,
    0x0000, 0x0000, 0x0000, 0x0000, 0x0000, 0x0000, 0x0000, 0x0000, 0x0000, 0x31a6, 0xa534, 0xc618,
    0xffff, 0xef7d, 0xffff, 0x632c, 0x0000, 0x0840, 0x0020, 0x0020, 0x0020, 0xa534, 0x2945, 0xce79,
    0xffff, 0xffdf, 0xffff, 0xffff, 0xffff, 0xffff, 0x5aaa, 0xd69a, 0xffdf, 0xffff, 0xd6ba, 0x52ca,
    0xffff, 0xffdf, 0xffff, 0xffff, 0xffff, 0xffff, 0xffff, 0xffff, 0xffff, 0xffff, 0xffff, 0xffff,
    0xffff, 0xffff, 0xffff, 0xffff, 0xffff, 0xf7be, 0xffff, 0xad55, 0x0000, 0xa514, 0xffff, 0xf79e,
    0xf7be, 0xffff, 0x52aa, 0x0000, 0x0020, 0x0000, 0x0020, 0x0000, 0x2124, 0x7bef, 0x0000, 0x0020,
    0x0020, 0x0020, 0x0000, 0x0000, 0x0000, 0x0000, 0x0000, 0x0020, 0x0000, 0x2965, 0xe71c, 0xffff,
    0xf7be, 0xffff, 0xffff, 0xffff, 0xffdf, 0xffdf, 0xffff, 0xffff, 0xffff, 0xffff, 0xffff, 0xffff,
    0xdedb, 0x8c51, 0x4228, 0x8c31, 0xef7d, 0xffff, 0xffff, 0xffff, 0xffdf, 0xffdf, 0xffff, 0xd6ba,
    0x0841, 0x0000, 0x0020, 0x0020, 0x0841, 0x0000, 0x5aeb, 0x5acb, 0x0000, 0x0020, 0x0000, 0x0000,
    0x0000, 0x0000, 0x0000, 0x0000, 0x0000, 0x0000, 0x0000, 0x0000, 0x0000, 0x0000, 0x0000, 0x0000,
    0x0000, 0x0000, 0x0000, 0x0020, 0x0000, 0x10a2, 0xb596, 0xc638, 0xffff, 0xef7d, 0xffff, 0x6b4d,
    0x0000, 0x0020, 0x0020, 0x0861, 0x0000, 0xbdf7, 0x6b4d, 0x5aeb, 0xffff, 0xffdf, 0xffdf, 0xffdf,
    0xffff, 0xffff, 0x52aa, 0xd69a, 0xffdf, 0xffff, 0xdedb, 0x5acb, 0xffff, 0xffdf, 0xffff, 0xffff,
    0xffff, 0xffff, 0xffff, 0xffff, 0xffff, 0xffff, 0xffff, 0xffff, 0xffff, 0xffff, 0xffff, 0xffff,
    0xffdf, 0xffff, 0xd6db, 0x0020, 0x8c72, 0xffff, 0xf7be, 0xf7be, 0xffdf, 0xef7d, 0x2104, 0x0000,
    0x0000, 0x0000, 0x0000, 0x0020, 0x0000, 0x73ae, 0x31a6, 0x0000, 0x0020, 0x0000, 0x0000, 0x0000,
    0x0000, 0x0000, 0x0000, 0x0000, 0x0020, 0x0000, 0x3186, 0xef7d, 0xffff, 0xffff, 0xffff, 0xffff,
    0xffff, 0xffff, 0xffff, 0xffff, 0xe71c, 0xbdd7, 0x7bef, 0x39e7, 0x0000, 0x2945, 0xbdd7, 0xffff,
    0xffff, 0xffff, 0xffff, 0xffdf, 0xffdf, 0xf7be, 0xffff, 0xd69a, 0x0020, 0x0000, 0x0020, 0x0020,
    0x0020, 0x1082, 0x9cf3, 0x1082, 0x0020, 0x0000, 0x0000, 0x0000, 0x0000, 0x0000, 0x0000, 0x0000,
    0x0000, 0x0000, 0x0000, 0x0000, 0x0000, 0x0000, 0x0000, 0x0000, 0x0000, 0x0000, 0x0000, 0x0020,
    0x0841, 0x0000, 0xad55, 0xef7d, 0xffdf, 0xf79e, 0xffff, 0x4a69, 0x0000, 0x0020, 0x0000, 0x0861,
    0x0000, 0xb596, 0xd6ba, 0x2104, 0xf79e, 0xffdf, 0xf7be, 0xffdf, 0xffdf, 0xffdf, 0x52aa, 0xd69a,
    0xffff, 0xffff, 0xdedb, 0x5acb, 0xffff, 0xffff, 0xffff, 0xffff, 0xffff, 0xffff, 0xffff, 0xffff,
    0xffff, 0xffff, 0xffff, 0xffff, 0xffff, 0xffff, 0xffff, 0xffbf, 0xf7be, 0xf7be, 0x2124, 0x632c,
    0xffff, 0xf7be, 0xffff, 0xf7be, 0xffff, 0xb5b6, 0x0000, 0x0841, 0x0000, 0x0000, 0x0000, 0x0020,
    0x0000, 0x2124, 0x8c71, 0x0000, 0x0020, 0x0000, 0x0000, 0x0000, 0x0000, 0x0000, 0x0000, 0x0000,
    0x0000, 0x0841, 0x0000, 0x31a6, 0xc618, 0xe73c, 0xe73c, 0xd69a, 0xb5b6, 0x9492, 0x630c, 0x39c7,
    0x10a2, 0x0000, 0x0000, 0x0000, 0x738e, 0xffdf, 0xffff, 0xffdf, 0xffff, 0xffff, 0xffff, 0xffff,
    0xffdf, 0xffdf, 0xffff, 0xd69a, 0x0020, 0x0000, 0x0020, 0x0841, 0x0000, 0x6b6e, 0x6b4d, 0x0000,
    0x0841, 0x0000, 0x0000, 0x0000, 0x0000, 0x0000, 0x0000, 0x0000, 0x0000, 0x0000, 0x0000, 0x0000,
    0x0000, 0x0000, 0x0000, 0x0000, 0x0000, 0x0000, 0x0000, 0x0020, 0x0861, 0x0000, 0x7bef, 0xffff,
    0xf79e, 0xf7be, 0xef7d, 0x2124, 0x0000, 0x0020, 0x0000, 0x0861, 0x0000, 0xad75, 0xffff, 0x3186,
    0xbdd7, 0xffff, 0xf7be, 0xffdf, 0xffdf, 0xffff, 0x52aa, 0xd69a, 0xffdf, 0xffff, 0xdedb, 0x5acb,
    0xffff, 0xffff, 0xffff, 0xffff, 0xffff, 0xffff, 0xffff, 0xffff, 0xffff, 0xffff, 0xffff, 0xffff,
    0xffff, 0xffff, 0xffff, 0xffdf, 0xffff, 0x632c, 0x2945, 0xffff, 0xffdf, 0xffde, 0xffdf, 0xf7be,
    0xffff, 0x738e, 0x0000, 0x0841, 0x0000, 0x0000, 0x0000, 0x0000, 0x0020, 0x0000, 0x738e, 0x5aeb,
    0x0000, 0x0020, 0x0000, 0x0000, 0x0000, 0x0000, 0x0000, 0x0000, 0x0020, 0x0020, 0x0840, 0x0000,
    0x0000, 0x18c3, 0x10a2, 0x0841, 0x0000, 0x0000, 0x0000, 0x0000, 0x0000, 0x0000, 0x2124, 0xbdd7,
    0xffff, 0xffdf, 0xf7be, 0xffdf, 0xffdf, 0xffff, 0xffff, 0xffff, 0xffdf, 0xf7be, 0xffff, 0xd6ba,
    0x0000, 0x0020, 0x0020, 0x0000, 0x18e3, 0xad96, 0x0861, 0x0000, 0x0000, 0x0000, 0x0000, 0x0000,
    0x0000, 0x0000, 0x0000, 0x0000, 0x0000, 0x0000, 0x0000, 0x0000, 0x0000, 0x0000, 0x0000, 0x0000,
    0x0000, 0x0000, 0x0000, 0x0000, 0x0841, 0x0000, 0x5aeb, 0xffff, 0xf79e, 0xffff, 0xce59, 0x0821,
    0x0841, 0x0820, 0x0820, 0x0841, 0x0020, 0xc618, 0xffff, 0x630c, 0x8410, 0xffff, 0xf7be, 0xffff,
    0xffff, 0xffff, 0x5acb, 0xd6ba, 0xffff, 0xffff, 0xdedb, 0x5aeb, 0xffff, 0xffff, 0xffff, 0xffff,
    0xffff, 0xffff, 0xffff, 0xffff, 0xffff, 0xffff, 0xffff, 0xffff, 0xffff, 0xffff, 0xf7be, 0xffff,
    0xb5b7, 0x0841, 0xd6ba, 0xffff, 0xf7be, 0xffdf, 0xffdf, 0xffdf, 0xffdf, 0x3186, 0x0000, 0x0020,
    0x0000, 0x0000, 0x0000, 0x0020, 0x0020, 0x0020, 0x0020, 0x8c71, 0x2965, 0x0000, 0x0020, 0x0000,
    0x0000, 0x0000, 0x0000, 0x0000, 0x0000, 0x0000, 0x0000, 0x0000, 0x0000, 0x0000, 0x0000, 0x0000,
    0x0000, 0x0020, 0x0020, 0x0861, 0x0861, 0x632c, 0xef5d, 0xffff, 0xf7be, 0xffff, 0xffff, 0xffff,
    0xffff, 0xffff, 0xffff, 0xffff, 0xffff, 0xffff, 0xf7be, 0x94b2, 0x0000, 0x0020, 0x0020, 0x0000,
    0x9492, 0x630c, 0x0000, 0x0020, 0x0000, 0x0000, 0x0000, 0x0000, 0x0000, 0x0000, 0x0000, 0x0000,
    0x0000, 0x0000, 0x0000, 0x0000, 0x0000, 0x0000, 0x0000, 0x0000, 0x0000, 0x0000, 0x0000, 0x0000,
    0x0841, 0x0000, 0x4208, 0xffff, 0xffdf, 0xffff, 0x7bcf, 0x0000, 0x0841, 0x0020, 0x0020, 0x0000,
    0x18e3, 0xef5d, 0xffff, 0x8430, 0x5aeb, 0xffff, 0xf7be, 0xffff, 0xffff, 0xffff, 0x5acb, 0xd6ba,
    0xffdf, 0xffff, 0xdedb, 0x5acb, 0xffff, 0xffff, 0xffff, 0xffff, 0xffff, 0xffff, 0xffff, 0xffff,
    0xffff, 0xffff, 0xffff, 0xffff, 0xffff, 0xffff, 0xffdf, 0xf7be, 0x2104, 0x8c51, 0xffff, 0xf7be,
    0xffdf, 0xffdf, 0xffdf, 0xffff, 0xce59, 0x0020, 0x0020, 0x0020, 0x0000, 0x0000, 0x0000, 0x0000,
    0x0000, 0x1082, 0x0841, 0x10a2, 0x8c51, 0x2104, 0x0000, 0x0000, 0x0000, 0x0000, 0x0000, 0x0000,
    0x0000, 0x0000, 0x0000, 0x0000, 0x0000, 0x0000, 0x0000, 0x0000, 0x0000, 0x0841, 0x0000, 0x3186,
    0xd6ba, 0xffff, 0xffff, 0xffdf, 0xffff, 0xffff, 0xffff, 0xffdf, 0xffdf, 0xffff, 0xffff, 0xf79e,
    0xb5b6, 0x6b4d, 0x2124, 0x0000, 0x0000, 0x0841, 0x0000, 0x3186, 0xd69a, 0x0020, 0x0000, 0x0020,
    0x0000, 0x0000, 0x0000, 0x0000, 0x0000, 0x0000, 0x0000, 0x0000, 0x0000, 0x0000, 0x0000, 0x0000,
    0x0000, 0x0000, 0x0000, 0x0000, 0x0000, 0x0000, 0x0000, 0x0000, 0x0020, 0x0000, 0x2945, 0xf7be,
    0xffff, 0xe73c, 0x18c3, 0x0000, 0x0000, 0x0000, 0x0020, 0x0000, 0x52aa, 0xffff, 0xffff, 0xa534,
    0x528a, 0xffff, 0xffdf, 0xffff, 0xffff, 0xffff, 0x5acb, 0xd6ba, 0xffdf, 0xffff, 0xdedb, 0x5acb,
    0xffff, 0xffff, 0xffff, 0xffff, 0xffff, 0xffff, 0xffff, 0xffff, 0xffff, 0xffff, 0xffff, 0xffff,
    0xffff, 0xffdf, 0xffff, 0x8430, 0x2945, 0xffff, 0xffdf, 0xffdf, 0xffff, 0xffdf, 0xf79e, 0xffff,
    0x7bef, 0x0000, 0x0841, 0x0000, 0x0000, 0x0000, 0x0000, 0x0000, 0x0000, 0x2124, 0x0841, 0x0000,
    0x18e3, 0x7bcf, 0x3186, 0x0000, 0x0020, 0x0000, 0x0000, 0x0000, 0x0000, 0x0000, 0x0000, 0x0000,
    0x0000, 0x0000, 0x0000, 0x0020, 0x0020, 0x0020, 0x0841, 0x2104, 0xffdf, 0xffff, 0xffdf, 0xffdf,
    0xffdf, 0xffdf, 0xffdf, 0xffff, 0xffff, 0xce79, 0x73ae, 0x2945, 0x0000, 0x0000, 0x0000, 0x0000,
    0x0000, 0x0020, 0x0000, 0xa535, 0xb5b6, 0x0020, 0x0020, 0x0020, 0x0000, 0x0000, 0x0000, 0x0000,
    0x0000, 0x0000, 0x0000, 0x0000, 0x0000, 0x0000, 0x0000, 0x0000, 0x0000, 0x0000, 0x0000, 0x0000,
    0x0000, 0x0000, 0x0000, 0x0000, 0x0020, 0x0000, 0x18e3, 0xef5d, 0xffff, 0x738e, 0x0000, 0x0841,
    0x0000, 0x0000, 0x0020, 0x0000, 0xb596, 0xffff, 0xffff, 0xb5b6, 0x5acb, 0xffff, 0xffdf, 0xffff,
    0xffff, 0xffff, 0x5acb, 0xd6ba, 0xffdf, 0xffff, 0xdeda, 0x5acb, 0xffff, 0xffff, 0xffff, 0xffff,
    0xffff, 0xffff, 0xffff, 0xffff, 0xffff, 0xffff, 0xffff, 0xffff, 0xffdf, 0xffdf, 0xef5d, 0x10a2,
    0xad75, 0xffff, 0xf7be, 0xffff, 0xffff, 0xffdf, 0xf7be, 0xf7be, 0x3186, 0x0000, 0x0841, 0x0000,
    0x0000, 0x0000, 0x0000, 0x0000, 0x1082, 0x4228, 0x0000, 0x0020, 0x0000, 0x0861, 0x528a, 0x3185,
    0x0000, 0x0020, 0x0000, 0x0000, 0x0000, 0x0000, 0x0000, 0x0000, 0x0000, 0x0000, 0x0000, 0x0000,
    0x0020, 0x39e7, 0x2104, 0x1082, 0xe71c, 0xffff, 0xffdf, 0xffdf, 0xffbf, 0xffff, 0xffff, 0xbdd6,
    0x528a, 0x0821, 0x0000, 0x0000, 0x0000, 0x0000, 0x0000, 0x0020, 0x0841, 0x0000, 0x632d, 0x8c71,
    0x73ae, 0x1082, 0x0000, 0x0020, 0x0000, 0x0000, 0x0000, 0x0000, 0x0000, 0x0000, 0x0000, 0x0000,
    0x0000, 0x0000, 0x0000, 0x0000, 0x0000, 0x0000, 0x0000, 0x0000, 0x0000, 0x0000, 0x0000, 0x0000,
    0x0020, 0x0000, 0x18c3, 0xffdf, 0xc638, 0x0841, 0x0020, 0x0020, 0x0000, 0x0841, 0x0000, 0x4208,
    0xffdf, 0xf79e, 0xffff, 0xad55, 0x6b4d, 0xffff, 0xffde, 0xffff, 0xffff, 0xffff, 0x5acb, 0xd69a,
    0xffff, 0xffff, 0xdeda, 0x5acb, 0xffff, 0xffff, 0xffff, 0xffff, 0xffff, 0xffff, 0xffff, 0xffff,
    0xffff, 0xffff, 0xffff, 0xffff, 0xffbe, 0xffff, 0x8430, 0x2124, 0xffdf, 0xffdf, 0xffdf, 0xffff,
    0xffff, 0xffdf, 0xffff, 0xc638, 0x0020, 0x0020, 0x0020, 0x0000, 0x0000, 0x0000, 0x0020, 0x0000,
    0x4208, 0x4208, 0x0000, 0x0020, 0x0820, 0x0020, 0x0000, 0x0861, 0x0020, 0x0000, 0x0000, 0x0000,
    0x0000, 0x0000, 0x0000, 0x0000, 0x0000, 0x0000, 0x0020, 0x0000, 0x2965, 0x6b4d, 0x0000, 0x0841,
    0xd69a, 0xffff, 0xffdf, 0xffdf, 0xffff, 0xbdd7, 0x4208, 0x0000, 0x0000, 0x0000, 0x0020, 0x0020,
    0x0020, 0x0020, 0x0020, 0x0020, 0x0000, 0x2124, 0xbdd7, 0x1082, 0x8c71, 0x10a2, 0x0000, 0x0020,
    0x0000, 0x0000, 0x0000, 0x0000, 0x0000, 0x0000, 0x0000, 0x0000, 0x0000, 0x0000, 0x0000, 0x0000,
    0x0000, 0x0000, 0x0000, 0x0000, 0x0000, 0x0000, 0x0000, 0x0000, 0x0020, 0x0000, 0x2965, 0xdedb,
    0x2124, 0x0000, 0x0020, 0x0000, 0x0020, 0x0020, 0x0841, 0xce79, 0xffff, 0xef7d, 0xffff, 0x8450,
    0x8430, 0xffff, 0xf7be, 0xffdf, 0xffdf, 0xffff, 0x52aa, 0xd67a, 0xffff, 0xffff, 0xdedb, 0x5acb,
    0xffff, 0xffdf, 0xffff, 0xffff, 0xffff, 0xffff, 0xffff, 0xffff, 0xffff, 0xffff, 0xffff, 0xffff,
    0xffff, 0xffff, 0x2124, 0x7bef, 0xffff, 0xffdf, 0xffff, 0xffff, 0xffff, 0xffdf, 0xffff, 0x7bef,
    0x0000, 0x0020, 0x0000, 0x0000, 0x0000, 0x0000, 0x0020, 0x0000, 0x7bcf, 0x18e3, 0x0000, 0x0020,
    0x0000, 0x0000, 0x0000, 0x0000, 0x0000, 0x0000, 0x0000, 0x0000, 0x0000, 0x0000, 0x0000, 0x0000,
    0x0000, 0x0000, 0x0000, 0x0000, 0x0861, 0x9cd3, 0x10a2, 0x0000, 0xce59, 0xffff, 0xf7be, 0xf7be,
    0x6b6d, 0x0000, 0x0000, 0x0020, 0x0020, 0x0020, 0x0020, 0x0020, 0x0020, 0x0020, 0x0020, 0x1082,
    0x0000, 0xa514, 0x4a49, 0x0000, 0x94b2, 0x18c3, 0x0000, 0x0020, 0x0000, 0x0000, 0x0000, 0x0000,
    0x0000, 0x0000, 0x0000, 0x0000, 0x0000, 0x0000, 0x0000, 0x0000, 0x0000, 0x0000, 0x0000, 0x0000,
    0x0000, 0x0000, 0x0000, 0x0000, 0x0020, 0x0000, 0x2965, 0x31a6, 0x0000, 0x0020, 0x0000, 0x0000,
    0x0841, 0x0000, 0x9492, 0xffff, 0xf7be, 0xf7be, 0xffff, 0x632c, 0xbdf7, 0xffff, 0xf7be, 0xffdf,
    0xffdf, 0xffff, 0x528a, 0xd67a, 0xffff, 0xffff, 0xdedb, 0x5acb, 0xffff, 0xffff, 0xffff, 0xffff,
    0xffff, 0xffff, 0xffff, 0xffff, 0xffff, 0xffff, 0xffff, 0xf7be, 0xffff, 0xce59, 0x0020, 0xce59,
    0xffff, 0xffff, 0xffff, 0xffff, 0xffdf, 0xffdf, 0xffdf, 0x31a6, 0x0000, 0x0000, 0x0000, 0x0000,
    0x0000, 0x0000, 0x0000, 0x2104, 0x8410, 0x0000, 0x0000, 0x0000, 0x0000, 0x0000, 0x0000, 0x0000,
    0x0000, 0x0000, 0x0000, 0x0000, 0x0000, 0x0000, 0x0000, 0x0000, 0x0000, 0x0000, 0x0000, 0x0020,
    0x0000, 0x630c, 0x738e, 0x0000, 0xc618, 0xffff, 0xffdf, 0x528a, 0x0000, 0x0020, 0x0020, 0x0000,
    0x0000, 0x0000, 0x0000, 0x0000, 0x0000, 0x0000, 0x10a2, 0x31a6, 0x6b6d, 0x7bcf, 0x0000, 0x0000,
    0x8430, 0x2945, 0x0000, 0x0020, 0x0000, 0x0000, 0x0000, 0x0000, 0x0000, 0x0000, 0x0000, 0x0000,
    0x0000, 0x0000, 0x0000, 0x0000, 0x0000, 0x0000, 0x0000, 0x0000, 0x0000, 0x0000, 0x0000, 0x0000,
    0x0000, 0x0000, 0x0000, 0x0000, 0x0000, 0x0000, 0x0000, 0x0000, 0x0000, 0x73ae, 0xffff, 0xffdf,
    0xf7be, 0xffdf, 0xe75c, 0x630c, 0xf7be, 0xffdf, 0xffdf, 0xffdf, 0xffff, 0xffff, 0x5aab, 0xd69a,
    0xffff, 0xffff, 0xdedb, 0x5aeb, 0xffff, 0xffff, 0xffff, 0xffff, 0xffff, 0xffff, 0xffff, 0xffff,
    0xffff, 0xffff, 0xffff, 0xf79e, 0xffff, 0x7bef, 0x10a2, 0xf7be, 0xffdf, 0xffdf, 0xffff, 0xffff,
    0xf7be, 0xffff, 0xc638, 0x0020, 0x0020, 0x0000, 0x0000, 0x0000, 0x0000, 0x0000, 0x0000, 0x6b4d,
    0x5aeb, 0x0000, 0x0000, 0x0000, 0x0000, 0x0000, 0x0000, 0x0000, 0x0000, 0x0000, 0x0000, 0x0000,
    0x0000, 0x0000, 0x0000, 0x0000, 0x0000, 0x0000, 0x0000, 0x0020, 0x0000, 0x0861, 0xad55, 0x0841,
    0xb575, 0xffff, 0x7bef, 0x0000, 0x0861, 0x0000, 0x0000, 0x0000, 0x0000, 0x0000, 0x0000, 0x0000,
    0x0020, 0x0000, 0x3186, 0x9492, 0x8410, 0x0000, 0x0841, 0x0000, 0x6b6d, 0x4249, 0x0000, 0x0841,
    0x0000, 0x0000, 0x0000, 0x0000, 0x0000, 0x0000, 0x0000, 0x0000, 0x0000, 0x0000, 0x0000, 0x0000,
    0x0000, 0x0000, 0x0000, 0x0000, 0x0000, 0x0000, 0x0000, 0x0000, 0x0000, 0x0000, 0x0000, 0x0020,
    0x0020, 0x0000, 0x0861, 0x0841, 0x632d, 0xffff, 0xf7be, 0xffff, 0xffdf, 0xffff, 0x94b2, 0xad75,
    0xffff, 0xffdf, 0xffff, 0xffff, 0xffff, 0xffff, 0x5acb, 0xd69a, 0xffff, 0xffff, 0xdedb, 0x5aeb,
    0xffff, 0xffff, 0xffff, 0xffff, 0xffff, 0xffff, 0xffff, 0xffff, 0xffff, 0xffff, 0xffdf, 0xf79e,
    0xffff, 0x4a49, 0x31a6, 0xffff, 0xf79e, 0xffdf, 0xffff, 0xffdf, 0xf79e, 0xffff, 0x8430, 0x0000,
    0x0861, 0x0000, 0x0000, 0x0000, 0x0000, 0x0000, 0x0020, 0xad55, 0x3186, 0x0000, 0x0020, 0x0000,
    0x0000, 0x0000, 0x0000, 0x0000, 0x0000, 0x0000, 0x0000, 0x0000, 0x0000, 0x0000, 0x0000, 0x0000,
    0x0000, 0x0000, 0x0000, 0x0000, 0x0841, 0x0000, 0x8c51, 0x528a, 0xbdf7, 0xef5d, 0x0861, 0x0000,
    0x0020, 0x0000, 0x0000, 0x0000, 0x0000, 0x0000, 0x0000, 0x0020, 0x0000, 0x0021, 0xb596, 0x8430,
    0x0000, 0x0020, 0x0020, 0x0000, 0x3186, 0x8c51, 0x0000, 0x0000, 0x0000, 0x0000, 0x0000, 0x0000,
    0x0000, 0x0000, 0x0000, 0x0000, 0x0000, 0x0000, 0x0000, 0x0000, 0x0000, 0x0000, 0x0000, 0x0000,
    0x0000, 0x0000, 0x0000, 0x0000, 0x0000, 0x0000, 0x0020, 0x0000, 0x0000, 0x3186, 0x4249, 0x0841,
    0xd6ba, 0xffff, 0xf7be, 0xf7be, 0xffff, 0xd6ba, 0x7bcf, 0xffdf, 0xffdf, 0xffdf, 0xffff, 0xffff,
    0xffff, 0xffff, 0x5acb, 0xd69a, 0xffdf, 0xffff, 0xdefb, 0x5aeb, 0xffff, 0xffff, 0xffff, 0xffff,
    0xffff, 0xffff, 0xffff, 0xffff, 0xffff, 0xffff, 0xffdf, 0xf7be, 0xffdf, 0x2124, 0x52aa, 0xffff,
    0xf79e, 0xffdf, 0xffff, 0xffff, 0xffbe, 0xffff, 0x4208, 0x0000, 0x0841, 0x0020, 0x0020, 0x0020,
    0x0840, 0x0000, 0x31a6, 0xc618, 0x0841, 0x0020, 0x0020, 0x0000, 0x0000, 0x0000, 0x0000, 0x0000,
    0x0000, 0x0000, 0x0000, 0x0000, 0x0000, 0x0000, 0x0000, 0x0000, 0x0000, 0x0000, 0x0000, 0x0020,
    0x0841, 0x0000, 0x5acb, 0x9492, 0xd69a, 0x8c51, 0x0000, 0x0020, 0x0000, 0x0000, 0x0000, 0x0000,
    0x0020, 0x0020, 0x0020, 0x0841, 0x31a6, 0x9cf3, 0x6b4d, 0x0000, 0x0020, 0x0020, 0x0000, 0x0020,
    0x0000, 0x4a49, 0x738e, 0x1082, 0x0020, 0x0020, 0x0000, 0x0000, 0x0000, 0x0000, 0x0000, 0x0000,
    0x0000, 0x0000, 0x0000, 0x0000, 0x0000, 0x0000, 0x0000, 0x0000, 0x0000, 0x0000, 0x0000, 0x0000,
    0x0020, 0x0000, 0x0000, 0x18e3, 0x7bef, 0x738e, 0x1082, 0x0841, 0xb576, 0xffff, 0xf79e, 0xffdf,
    0xf79e, 0xa514, 0xef5d, 0xffff, 0xffdf, 0xffff, 0xffff, 0xffff, 0xffff, 0xffff, 0x5acb, 0xd69a,
    0xffff, 0xffff, 0xdefb, 0x5aeb, 0xffff, 0xffff, 0xffff, 0xffff, 0xffff, 0xffff, 0xffff, 0xffff,
    0xffff, 0xffff, 0xffdf, 0xffdf, 0xf79e, 0x18c2, 0x52aa, 0xffff, 0xf79e, 0xffff, 0xffff, 0xf7be,
    0xffff, 0x9cd3, 0x0020, 0x0020, 0x0000, 0x0000, 0x0000, 0x0000, 0x0841, 0x0000, 0x7bcf, 0xb5b6,
    0x0841, 0x0020, 0x0000, 0x0000, 0x0000, 0x0000, 0x0000, 0x0000, 0x0000, 0x0000, 0x0000, 0x0000,
    0x0000, 0x0000, 0x0000, 0x0000, 0x0000, 0x0000, 0x0020, 0x0000, 0x0841, 0x0000, 0x31a6, 0xad55,
    0xce59, 0x39c7, 0x0000, 0x0020, 0x0000, 0x0000, 0x0000, 0x0000, 0x0000, 0x0000, 0x0000, 0x31a6,
    0x6b6d, 0x2945, 0x0000, 0x0020, 0x0000, 0x0000, 0x0000, 0x0000, 0x0020, 0x0000, 0x2124, 0x10a2,
    0x0000, 0x0020, 0x0020, 0x0020, 0x0000, 0x0000, 0x0000, 0x0000, 0x0000, 0x0000, 0x0000, 0x0000,
    0x0000, 0x0000, 0x0000, 0x0000, 0x0000, 0x0000, 0x0020, 0x0000, 0x0000, 0x10a2, 0x7bf0, 0xc618,
    0x5aeb, 0x0000, 0x1082, 0x31a6, 0x9cd3, 0xffff, 0xf79e, 0xffff, 0xef7d, 0xf7be, 0xffff, 0xffff,
    0xffff, 0xffff, 0xffff, 0xffff, 0xffff, 0xffff, 0x5acb, 0xd69a, 0xffdf, 0xffff, 0xdedb, 0x5aeb,
    0xffff, 0xffff, 0xffff, 0xffff, 0xffff, 0xffff, 0xffff, 0xffff, 0xffff, 0xffff, 0xffff, 0xffdf,
    0xef7d, 0x10a2, 0x4208, 0xffff, 0xf79e, 0xffdf, 0xffdf, 0xffff, 0xce59, 0x0841, 0x0020, 0x0020,
    0x0000, 0x0000, 0x0000, 0x0000, 0x0020, 0x0020, 0xbdb7, 0x94b2, 0x1082, 0x0000, 0x0020, 0x0000,
    0x0000, 0x0000, 0x0000, 0x0000, 0x0000, 0x0000, 0x0000, 0x0000, 0x0000, 0x0000, 0x0000, 0x0000,
    0x0000, 0x0000, 0x0000, 0x1082, 0x0020, 0x0000, 0x2124, 0xb5b6, 0xad75, 0x1082, 0x0020, 0x0020,
    0x0000, 0x0000, 0x0000, 0x0000, 0x0000, 0x0000, 0x0000, 0x0020, 0x0000, 0x0000, 0x0000, 0x0000,
    0x0000, 0x0000, 0x0000, 0x0020, 0x0000, 0x0000, 0x3186, 0x73ae, 0x31a6, 0x0000, 0x0000, 0x0000,
    0x0000, 0x0000, 0x0000, 0x0000, 0x0000, 0x0000, 0x0020, 0x0020, 0x0020, 0x0000, 0x0000, 0x0000,
    0x0000, 0x0000, 0x0000, 0x18e3, 0x8430, 0xc638, 0x9492, 0x18c3, 0x0000, 0x0000, 0x31a6, 0x5acb,
    0x8c51, 0xffff, 0xf79e, 0xffff, 0xffff, 0xffff, 0xffff, 0xffff, 0xffff, 0xffff, 0xffff, 0xffff,
    0xffff, 0xffff, 0x5acb, 0xd69a, 0xffdf, 0xffff, 0xdedb, 0x5aeb, 0xffff, 0xffff, 0xffff, 0xffff,
    0xffff, 0xffff, 0xffff, 0xffff, 0xffff, 0xffff, 0xffdf, 0xffdf, 0xef9d, 0x18c3, 0x2124, 0xf7be,
    0xf7be, 0xf7be, 0xffdf, 0xf7be, 0x3186, 0x0000, 0x0020, 0x0000, 0x0000, 0x0000, 0x0000, 0x0000,
    0x0000, 0x3186, 0xce79, 0x9cf3, 0x2104, 0x0000, 0x0020, 0x0020, 0x0000, 0x0000, 0x0000, 0x0000,
    0x0000, 0x0000, 0x0000, 0x0000, 0x0000, 0x0000, 0x0000, 0x0000, 0x0000, 0x0020, 0x52aa, 0x39c7,
    0x0000, 0x0020, 0x0841, 0xdefb, 0x8c71, 0x0000, 0x0841, 0x0020, 0x0000, 0x0000, 0x0000, 0x0000,
    0x0000, 0x0000, 0x0000, 0x0000, 0x0000, 0x0000, 0x0000, 0x0000, 0x0000, 0x0020, 0x0000, 0x0000,
    0x39c7, 0xb596, 0xffdf, 0xffff, 0xf7be, 0xbdd7, 0x7bcf, 0x4a69, 0x39e7, 0x39c7, 0x31c6, 0x3186,
    0x2124, 0x1082, 0x0000, 0x0000, 0x0000, 0x0020, 0x0000, 0x0000, 0x0020, 0x3186, 0x8c51, 0xbdd7,
    0x8c51, 0x2104, 0x0000, 0x0000, 0x0820, 0x0000, 0x8430, 0x5acb, 0x8410, 0xffff, 0xf79e, 0xffff,
    0xffff, 0xffff, 0xffff, 0xffff, 0xffff, 0xffff, 0xffff, 0xffff, 0xffff, 0xffff, 0x52ab, 0xd69a,
    0xffff, 0xffff, 0xdefb, 0x5aeb, 0xffff, 0xffff, 0xffff, 0xffff, 0xffff, 0xffff, 0xffff, 0xffff,
    0xffff, 0xffff, 0xffdf, 0xf7be, 0xffdf, 0x39e7, 0x0820, 0xdedb, 0xffff, 0xf79e, 0xffff, 0x7bef,
    0x0000, 0x0841, 0x0000, 0x0000, 0x0020, 0x0020, 0x0020, 0x0841, 0x0000, 0x738e, 0xce79, 0xb595,
    0x2104, 0x0000, 0x0020, 0x0000, 0x0000, 0x0000, 0x0000, 0x0000, 0x0020, 0x0020, 0x0000, 0x0000,
    0x0000, 0x0000, 0x0000, 0x0000, 0x2945, 0x4228, 0x31c7, 0x0000, 0x0000, 0x0000, 0x18e3, 0xbdf7,
    0x2124, 0x0000, 0x0000, 0x0020, 0x0000, 0x0000, 0x0000, 0x0000, 0x0000, 0x0000, 0x0000, 0x0000,
    0x0000, 0x0000, 0x0020, 0x0020, 0x0041, 0x0000, 0x18c3, 0x9cd3, 0xffdf, 0xffff, 0xffff, 0xffdf,
    0xffff, 0xffff, 0xffff, 0xffff, 0xffff, 0xffdf, 0xffdf, 0xf7be, 0xef7d, 0xdefb, 0xbdd7, 0x7bef,
    0x2945, 0x0000, 0x0000, 0x0020, 0x31a6, 0x6b6d, 0x4a69, 0x0861, 0x0000, 0x0000, 0x0020, 0x0020,
    0x0000, 0x0000, 0xd69a, 0x4a69, 0x8c51, 0xffff, 0xf7be, 0xffff, 0xffff, 0xffff, 0xffff, 0xffff,
    0xffff, 0xffff, 0xffff, 0xffff, 0xffff, 0xffff, 0x5acb, 0xd69a, 0xffdf, 0xffff, 0xdedb, 0x5acb,
    0xffff, 0xffdf, 0xffff, 0xffff, 0xffff, 0xffff, 0xffff, 0xffff, 0xffff, 0xffff, 0xffff, 0xf79e,
    0xffff, 0x6b6d, 0x0000, 0x9cf3, 0xffff, 0xffff, 0xc638, 0x0020, 0x0020, 0x0020, 0x0000, 0x0000,
    0x0000, 0x0000, 0x0020, 0x0841, 0x0000, 0xa534, 0xbdd7, 0xd6ba, 0x2965, 0x0000, 0x0020, 0x0000,
    0x0000, 0x0000, 0x0020, 0x0820, 0x0000, 0x0000, 0x0861, 0x2104, 0x2945, 0x39e7, 0x6b4d, 0xb596,
    0xce59, 0x10a2, 0x0000, 0x0020, 0x0020, 0x8c51, 0xdefb, 0x8c51, 0xad55, 0xad96, 0x10a2, 0x0000,
    0x0020, 0x0000, 0x0000, 0x0000, 0x0000, 0x0000, 0x0000, 0x0000, 0x0000, 0x0000, 0x0020, 0x0000,
    0x0000, 0x5acb, 0xdefc, 0xffff, 0xffdf, 0xffdf, 0xffff, 0xffff, 0xffff, 0xffff, 0xffdf, 0xffff,
    0xffff, 0xffff, 0xffff, 0xffff, 0xffff, 0xffff, 0xffff, 0xffff, 0xef7d, 0x9492, 0x10a2, 0x0000,
    0x0841, 0x0000, 0x0000, 0x0000, 0x0020, 0x0000, 0x0000, 0x0841, 0x0000, 0x3186, 0xf79e, 0x2945,
    0xbdb7, 0xffff, 0xf7be, 0xffff, 0xffff, 0xffff, 0xffff, 0xffff, 0xffff, 0xffff, 0xffff, 0xffff,
    0xffff, 0xffff, 0x52aa, 0xd69a, 0xffdf, 0xffff, 0xdedb, 0x5acb, 0xffff, 0xffdf, 0xffff, 0xffff,
    0xffff, 0xffff, 0xffff, 0xffff, 0xffff, 0xffff, 0xffdf, 0xf7be, 0xffff, 0xad75, 0x0000, 0x3186,
    0xffff, 0xf7be, 0x3186, 0x0000, 0x0840, 0x0020, 0x0000, 0x0000, 0x0000, 0x0000, 0x0020, 0x0020,
    0x0020, 0xbdd7, 0xa534, 0xffdf, 0x4207, 0x0000, 0x0020, 0x0000, 0x0000, 0x0020, 0x0000, 0x0000,
    0x39e7, 0x9cd3, 0xce7a, 0xef5d, 0xf7be, 0xffff, 0xffff, 0xffff, 0x8c51, 0x0000, 0x0861, 0x0861,
    0xbdd7, 0x9cd3, 0x4a69, 0x39e7, 0x4208, 0xbdd7, 0xe71c, 0x18e3, 0x0020, 0x0020, 0x0000, 0x0000,
    0x0000, 0x0000, 0x0000, 0x0020, 0x0020, 0x0841, 0x0000, 0x18e3, 0xa534, 0xffff, 0xffff, 0xffdf,
    0xffff, 0xffff, 0xffff, 0xffff, 0xffff, 0xffff, 0xffff, 0xffff, 0xffff, 0xffff, 0xffff, 0xffff,
    0xffff, 0xffff, 0xffff, 0xffdf, 0xffdf, 0xffff, 0xdefb, 0x4208, 0x0000, 0x0841, 0x0840, 0x0020,
    0x0020, 0x0020, 0x0020, 0x0861, 0x0000, 0x9492, 0xbdf7, 0x0861, 0xef5d, 0xffff, 0xffdf, 0xffdf,
    0xffff, 0xffff, 0xffff, 0xffff, 0xffff, 0xffff, 0xffff, 0xffff, 0xffff, 0xffff, 0x52aa, 0xd69a,
    0xffff, 0xffff, 0xdedb, 0x5acb, 0xffff, 0xffdf, 0xffff, 0xffff, 0xffff, 0xffff, 0xffff, 0xffff,
    0xffff, 0xffff, 0xffff, 0xffdf, 0xffff, 0xef7d, 0x2104, 0x0000, 0x8c71, 0x8410, 0x0000, 0x0841,
    0x0020, 0x0000, 0x0000, 0x0000, 0x0000, 0x0000, 0x0020, 0x0000, 0x2104, 0xc638, 0xa514, 0xffff,
    0x7bef, 0x0000, 0x0020, 0x0000, 0x0020, 0x0000, 0x0862, 0x9cd3, 0xffdf, 0xffff, 0xffff, 0xffff,
    0xffff, 0xffdf, 0xf7de, 0xffff, 0x4a49, 0x0000, 0x0000, 0xad75, 0x8c71, 0x528a, 0xd6ba, 0xef7d,
    0xbdf7, 0x2925, 0xce39, 0xb596, 0x0000, 0x0020, 0x0020, 0x0000, 0x0000, 0x0020, 0x0020, 0x0840,
    0x0040, 0x0000, 0x528a, 0xe73c, 0xffff, 0xffdf, 0xffff, 0xffff, 0xffff, 0xffff, 0xffff, 0xffff,
    0xffff, 0xffff, 0xffff, 0xffff, 0xffff, 0xffff, 0xffff, 0xffff, 0xffff, 0xffff, 0xffff, 0xffff,
    0xffff, 0xf7be, 0xffff, 0xf7be, 0x4a49, 0x0000, 0x0841, 0x0020, 0x0020, 0x0020, 0x0820, 0x0000,
    0x10a2, 0xe73c, 0x2945, 0x630c, 0xffff, 0xf7be, 0xffdf, 0xffdf, 0xffff, 0xffff, 0xffff, 0xffff,
    0xffff, 0xffff, 0xffff, 0xffff, 0xffff, 0xffff, 0x52aa, 0xd69a, 0xffff, 0xffff, 0xdedb, 0x5acb,
    0xffff, 0xffdf, 0xffff, 0xffff, 0xffff, 0xffff, 0xffff, 0xffff, 0xffff, 0xffff, 0xffff, 0xffff,
    0xf7be, 0xffff, 0x8c51, 0x0000, 0x0861, 0x0840, 0x0000, 0x0000, 0x0000, 0x0000, 0x0000, 0x0000,
    0x0000, 0x0000, 0x0020, 0x0000, 0x39e7, 0xc5f7, 0xad55, 0xf7be, 0x6b4d, 0x0020, 0x0841, 0x0020,
    0x0000, 0x18e3, 0xce59, 0xffff, 0xf7be, 0xffdf, 0xffdf, 0xffdf, 0xffdf, 0xf7be, 0xffdf, 0xf7be,
    0x2945, 0x0000, 0x4a49, 0xbdd7, 0x4a69, 0xffff, 0xffff, 0xf7be, 0xffff, 0xb5b6, 0x5aab, 0xffff,
    0x18e3, 0x0000, 0x0020, 0x0000, 0x0000, 0x0000, 0x0020, 0x0000, 0x0020, 0x8430, 0xffff, 0xffff,
    0xffdf, 0xffff, 0xffff, 0xffff, 0xffff, 0xffff, 0xffff, 0xffff, 0xffff, 0xffff, 0xffff, 0xffff,
    0xffff, 0xffff, 0xffff, 0xffff, 0xffff, 0xffff, 0xffff, 0xffff, 0xffff, 0xffdf, 0xf7be, 0xffff,
    0xef5d, 0x2104, 0x0000, 0x0021, 0x0000, 0x0000, 0x0021, 0x0000, 0x8430, 0x630c, 0x0861, 0xe73c,
    0xffdf, 0xffdf, 0xffff, 0xffff, 0xffff, 0xffff, 0xffff, 0xffff, 0xffff, 0xffff, 0xffff, 0xffff,
    0xffff, 0xffff, 0x5aab, 0xd69a, 0xffdf, 0xffff, 0xdedb, 0x5acb, 0xffff, 0xffdf, 0xffff, 0xffff,
    0xffff, 0xffff, 0xffff, 0xffff, 0xffff, 0xffff, 0xffff, 0xffff, 0xffdf, 0xffdf, 0xef7d, 0x3186,
    0x0000, 0x0000, 0x0000, 0x0000, 0x0000, 0x0000, 0x0000, 0x0000, 0x0000, 0x0000, 0x0840, 0x0000,
    0x630c, 0xbdd7, 0xc638, 0x8410, 0x0000, 0x0841, 0x0861, 0x0020, 0x0861, 0xce59, 0xffff, 0xffdf,
    0xffff, 0xffff, 0xffff, 0xffff, 0xffdf, 0xf7be, 0xffff, 0xdefb, 0x10a2, 0x0000, 0x9492, 0x52cb,
    0xb5b6, 0xffff, 0xf7be, 0xffff, 0xffff, 0xffdf, 0x5aeb, 0xf7be, 0x528a, 0x0000, 0x0020, 0x0000,
    0x0000, 0x0020, 0x0000, 0x18e3, 0xbdb7, 0xffff, 0xffdf, 0xffff, 0xffff, 0xffff, 0xffff, 0xffff,
    0xffff, 0xffff, 0xffff, 0xffff, 0xffff, 0xffff, 0xffff, 0xffff, 0xffff, 0xffff, 0xffff, 0xffff,
    0xffff, 0xffff, 0xffff, 0xffff, 0xffff, 0xffff, 0xffdf, 0xf79e, 0xffff, 0xb596, 0x0000, 0x0841,
    0x0000, 0x0000, 0x0000, 0x18e3, 0x4208, 0x0000, 0xb5b6, 0xffff, 0xffdf, 0xffff, 0xffff, 0xffff,
    0xffff, 0xffff, 0xffff, 0xffff, 0xffff, 0xffff, 0xffff, 0xffff, 0xffff, 0xffff, 0x5aab, 0xd69a,
    0xffdf, 0xffff, 0xdefb, 0x5aeb, 0xffff, 0xffff, 0xffff, 0xffff, 0xffff, 0xffff, 0xffff, 0xffff,
    0xffff, 0xffff, 0xffff, 0xffff, 0xffff, 0xffdf, 0xffff, 0x9cf3, 0x0000, 0x0020, 0x0000, 0x0000,
    0x0020, 0x0000, 0x0000, 0x0000, 0x0000, 0x0020, 0x0841, 0x0000, 0x7bef, 0xc638, 0xbdd7, 0x2124,
    0x0000, 0x0000, 0x0020, 0x0000, 0x9cd3, 0xffff, 0xf79e, 0xffff, 0xffff, 0xffff, 0xffff, 0xffff,
    0xffff, 0xf7be, 0xffff, 0xdedb, 0x0861, 0x0000, 0x9cb3, 0x39c7, 0xe73c, 0xffff, 0xf7be, 0xffff,
    0xffff, 0xef7d, 0x39e7, 0xef7d, 0x4208, 0x0000, 0x0020, 0x0000, 0x0841, 0x0000, 0x3186, 0xdefb,
    0xffff, 0xf7be, 0xffff, 0xffff, 0xffff, 0xffff, 0xffff, 0xffff, 0xffff, 0xffff, 0xffff, 0xffff,
    0xffff, 0xffff, 0xffff, 0xffff, 0xffff, 0xffff, 0xffff, 0xffff, 0xffff, 0xffff, 0xffff, 0xffff,
    0xffff, 0xffff, 0xffff, 0xffdf, 0xffdf, 0xffff, 0x4a69, 0x0000, 0x0020, 0x0000, 0x0020, 0x0000,
    0x0000, 0x9cf3, 0xffff, 0xf7be, 0xffff, 0xffff, 0xffff, 0xffff, 0xffff, 0xffff, 0xffff, 0xffff,
    0xffff, 0xffff, 0xffff, 0xffff, 0xffff, 0xffff, 0x5aaa, 0xd69a, 0xffff, 0xffff, 0xdefb, 0x5aeb,
    0xffff, 0xffff, 0xffff, 0xffff, 0xffff, 0xffff, 0xffff, 0xffff, 0xffff, 0xffff, 0xffdf, 0xffdf,
    0xffdf, 0xf7be, 0xffff, 0x528a, 0x0000, 0x0841, 0x0000, 0x5acb, 0x10a2, 0x0000, 0x0000, 0x0000,
    0x0000, 0x0000, 0x0020, 0x0000, 0x8410, 0xdedb, 0x8430, 0x0000, 0x0841, 0x0020, 0x0000, 0x4a69,
    0xffff, 0xffbf, 0xffdf, 0xffdf, 0xffdf, 0xffff, 0xffff, 0xffff, 0xffdf, 0xffbf, 0xffdf, 0xef7d,
    0x2104, 0x0000, 0xad55, 0x4208, 0xdebb, 0xffff, 0xf79e, 0xf7be, 0xffff, 0x8430, 0x6b6d, 0xffdf,
    0x0861, 0x0020, 0x0841, 0x0020, 0x0000, 0x4a69, 0xef7d, 0xffff, 0xf7be, 0xffff, 0xffff, 0xffff,
    0xffff, 0xffff, 0xffff, 0xffff, 0xffff, 0xffff, 0xffff, 0xffff, 0xffff, 0xffff, 0xffff, 0xffff,
    0xffff, 0xffff, 0xffff, 0xffff, 0xffff, 0xffff, 0xffff, 0xffff, 0xffff, 0xffff, 0xffff, 0xffff,
    0xffdf, 0xffff, 0xb5b6, 0x0000, 0x0841, 0x0020, 0x0000, 0x10a3, 0xad75, 0xffff, 0xf7be, 0xffdf,
    0xffdf, 0xffdf, 0xffff, 0xffff, 0xffff, 0xffff, 0xffff, 0xffff, 0xffff, 0xffff, 0xffff, 0xffff,
    0xffff, 0xffff, 0x5aaa, 0xd69a, 0xffdf, 0xffff, 0xdefb, 0x5aeb, 0xffff, 0xffff, 0xffff, 0xffff,
    0xffff, 0xffff, 0xffff, 0xffff, 0xffff, 0xffdf, 0xffdf, 0xffdf, 0xf7be, 0xffff, 0xce59, 0x0841,
    0x0841, 0x0000, 0x31a6, 0x9cd3, 0x0000, 0x0020, 0x0020, 0x0000, 0x0000, 0x0000, 0x0020, 0x0000,
    0x7bef, 0xf79e, 0x4208, 0x0000, 0x0861, 0x0841, 0x0000, 0xc638, 0xffff, 0xf79e, 0xffbf, 0xffdf,
    0xffdf, 0xffff, 0xffff, 0xffff, 0xffff, 0xffdf, 0xffdf, 0xffff, 0x4208, 0x0000, 0x9cd3, 0x73ae,
    0x5acb, 0xffff, 0xffff, 0xffff, 0xa534, 0x2965, 0xf7bf, 0x8430, 0x0000, 0x0841, 0x0041, 0x0000,
    0x738e, 0xffdf, 0xffdf, 0xf7be, 0xffff, 0xffff, 0xffff, 0xffff, 0xffff, 0xffff, 0xffff, 0xffff,
    0xffff, 0xffff, 0xffff, 0xffff, 0xffff, 0xffff, 0xffff, 0xffff, 0xffff, 0xffff, 0xffff, 0xffff,
    0xffff, 0xffff, 0xffff, 0xffdf, 0xffdf, 0xffdf, 0xffff, 0xffff, 0xffff, 0xffff, 0xffff, 0x39e7,
    0x0020, 0x10a2, 0x6b6d, 0xef5d, 0xffff, 0xffff, 0xffff, 0xffff, 0xffff, 0xffff, 0xffff, 0xffff,
    0xffff, 0xffff, 0xffff, 0xffff, 0xffff, 0xffff, 0xffff, 0xffff, 0xffff, 0xffff, 0x5acb, 0xd69a,
    0xffdf, 0xffff, 0xdedb, 0x5acb, 0xffff, 0xffff, 0xffff, 0xffff, 0xffff, 0xffff, 0xffff, 0xffff,
    0xffff, 0xffff, 0xffff, 0xffdf, 0xf7be, 0xffff, 0x73ae, 0x0000, 0x10a2, 0x0000, 0x9cf3, 0x8430,
    0x0000, 0x0841, 0x0020, 0x0020, 0x0000, 0x0000, 0x0020, 0x0000, 0x8410, 0xef7d, 0x0861, 0x0000,
    0x0841, 0x0841, 0x0000, 0x8c71, 0xffff, 0xf7be, 0xffdf, 0xffdf, 0xffff, 0xffff, 0xffff, 0xffff,
    0xffff, 0xffff, 0xffdf, 0xffff, 0x7bef, 0x0000, 0x31a6, 0xffdf, 0x52aa, 0x630c, 0x8c51, 0x4a6a,
    0x4228, 0xe73c, 0xb596, 0x0020, 0x0841, 0x0020, 0x0000, 0x9492, 0xffff, 0xffdf, 0xffff, 0xffff,
    0xffff, 0xffff, 0xffff, 0xffff, 0xffff, 0xffff, 0xffff, 0xffff, 0xffff, 0xffff, 0xffff, 0xffff,
    0xffff, 0xffff, 0xffff, 0xffff, 0xffff, 0xffff, 0xffff, 0xffff, 0xffff, 0xffdf, 0xffff, 0xffff,
    0xffff, 0xffff, 0xf7be, 0xe71c, 0xbdf7, 0x9cd3, 0x8430, 0x31a6, 0x0000, 0x18c3, 0x52aa, 0x4a89,
    0x5aeb, 0x8c71, 0xc658, 0xffff, 0xffff, 0xffff, 0xffff, 0xffff, 0xffff, 0xffff, 0xffff, 0xffff,
    0xffff, 0xffff, 0xffff, 0xffff, 0xffff, 0xffff, 0x5acb, 0xd69a, 0xffff, 0xffff, 0xdedb, 0x5acb,
    0xffff, 0xffff, 0xffff, 0xffff, 0xffff, 0xffff, 0xffff, 0xffff, 0xffff, 0xffff, 0xffff, 0xffff,
    0xffff, 0xffdf, 0x2986, 0x0000, 0x0841, 0x18c3, 0xf7be, 0x5aeb, 0x0000, 0x0841, 0x0000, 0x0000,
    0x0020, 0x0020, 0x0841, 0x0000, 0x8430, 0xc618, 0x0000, 0x0020, 0x0020, 0x0020, 0x0000, 0x2945,
    0xf7be, 0xffff, 0xffdf, 0xffff, 0xffff, 0xffff, 0xffff, 0xffff, 0xffff, 0xffff, 0xffdf, 0xffff,
    0xce59, 0x0841, 0x0000, 0x6b4d, 0xffff, 0x73ae, 0x8430, 0xce59, 0xef7d, 0x8451, 0x0000, 0x0020,
    0x0000, 0x0841, 0xad35, 0xffff, 0xffdf, 0xffdf, 0xffff, 0xffff, 0xffff, 0xffff, 0xffff, 0xffff,
    0xffff, 0xffff, 0xffff, 0xffff, 0xffff, 0xffff, 0xffff, 0xffff, 0xffff, 0xffff, 0xffff, 0xffff,
    0xffff, 0xffff, 0xffdf, 0xffff, 0xffff, 0xffff, 0xffff, 0xd69a, 0x9cd3, 0x630c, 0x31a6, 0x18c3,
    0x0000, 0x0000, 0x0000, 0x0000, 0x0000, 0x0000, 0x0000, 0x0000, 0x0000, 0x0000, 0x0000, 0x8c71,
    0xffff, 0xffdf, 0xffff, 0xffff, 0xffff, 0xffff, 0xffff, 0xffff, 0xffff, 0xffff, 0xffff, 0xffff,
    0xffff, 0xffff, 0x5aab, 0xd69a, 0xffff, 0xffff, 0xdedb, 0x5acb, 0xffff, 0xffdf, 0xffff, 0xffff,
    0xffff, 0xffff, 0xffff, 0xffff, 0xffff, 0xffff, 0xffff, 0xffdf, 0xffff, 0xd6ba, 0x0861, 0x0020,
    0x0000, 0x738e, 0xffff, 0x4a69, 0x0000, 0x0841, 0x0000, 0x0000, 0x0000, 0x0000, 0x0020, 0x0000,
    0x7bcf, 0x94b2, 0x0000, 0x0841, 0x0020, 0x0020, 0x0820, 0x0000, 0xad55, 0xffff, 0xf79e, 0xffff,
    0xffff, 0xffff, 0xffff, 0xffff, 0xffdf, 0xffdf, 0xffbe, 0xf7be, 0xffde, 0x2985, 0x0000, 0x0000,
    0x2945, 0x4228, 0x8c51, 0x7bef, 0x18e4, 0x0000, 0x0020, 0x0000, 0x18e3, 0xc638, 0xffff, 0xf7be,
    0xffff, 0xffff, 0xffff, 0xffff, 0xffff, 0xffff, 0xffff, 0xffff, 0xffff, 0xffff, 0xffff, 0xffff,
    0xffff, 0xffff, 0xffff, 0xffff, 0xffff, 0xffff, 0xffff, 0xffdf, 0xffff, 0xffff, 0xffff, 0xf79e,
    0xbdf7, 0x7bcf, 0x39c7, 0x0861, 0x0000, 0x0000, 0x0000, 0x0000, 0x0000, 0x0020, 0x0020, 0x0000,
    0x0000, 0x0000, 0x0000, 0x0000, 0x0020, 0x0841, 0x0000, 0x630c, 0xffff, 0xffdf, 0xffff, 0xffff,
    0xffff, 0xffff, 0xffff, 0xffff, 0xffff, 0xffff, 0xffff, 0xffff, 0xffff, 0xffff, 0x52aa, 0xd69a,
    0xffff, 0xffff, 0xdedb, 0x5acb, 0xffff, 0xffff, 0xffff, 0xffff, 0xffff, 0xffff, 0xffff, 0xffff,
    0xffff, 0xffff, 0xffff, 0xf7be, 0xffff, 0xad55, 0x0000, 0x0841, 0x0020, 0xc638, 0xffff, 0x4a49,
    0x0000, 0x0841, 0x0000, 0x0000, 0x0000, 0x0000, 0x0000, 0x0000, 0x528a, 0x6b6e, 0x0000, 0x0020,
    0x0000, 0x0000, 0x0841, 0x0000, 0x39c7, 0xffdf, 0xffdf, 0xffff, 0xffff, 0xffff, 0xffff, 0xffff,
    0xffff, 0xffff, 0xffdf, 0xffff, 0xdefb, 0x39e7, 0x1082, 0x0000, 0x0000, 0x0000, 0x0000, 0x0000,
    0x0000, 0x0000, 0x0020, 0x18e3, 0x94b2, 0xffff, 0xf7be, 0xffff, 0xffff, 0xffff, 0xffff, 0xffff,
    0xffff, 0xffff, 0xffff, 0xffff, 0xffff, 0xffff, 0xffff, 0xffff, 0xffff, 0xffff, 0xffff, 0xffff,
    0xffdf, 0xffdf, 0xffff, 0xffff, 0xffdf, 0xc618, 0x738e, 0x2965, 0x0000, 0x0000, 0x0000, 0x0000,
    0x0020, 0x0020, 0x0020, 0x0000, 0x0000, 0x0000, 0x0000, 0x0000, 0x0000, 0x0000, 0x0000, 0x0000,
    0x0000, 0x0841, 0x0000, 0x736e, 0xffff, 0xffdf, 0xffff, 0xffff, 0xffff, 0xffff, 0xffff, 0xffff,
    0xffff, 0xffff, 0xffff, 0xffff, 0xffff, 0xffff, 0x52aa, 0xd69a, 0xffff, 0xffff, 0xdedb, 0x5acb,
    0xffff, 0xffff, 0xffff, 0xffff, 0xffff, 0xffff, 0xffff, 0xffff, 0xffff, 0xffff, 0xffdf, 0xf79e,
    0xffff, 0x8410, 0x0000, 0x0020, 0x2945, 0xf79e, 0xffff, 0x4a69, 0x0000, 0x0861, 0x0020, 0x0000,
    0x0000, 0x0000, 0x0020, 0x0000, 0x3186, 0x6b4d, 0x0000, 0x0000, 0x0000, 0x0000, 0x0000, 0x0020,
    0x0000, 0xb5b6, 0xd6ba, 0xdefb, 0xffff, 0xffff, 0xffff, 0xffff, 0xffff, 0xffff, 0xffff, 0xffff,
    0xa514, 0x8410, 0xbdf7, 0x0841, 0x0000, 0x0841, 0x0000, 0x0000, 0x0000, 0x2965, 0xa514, 0x632c,
    0xd6ba, 0xffdf, 0xffdf, 0xffff, 0xffff, 0xffff, 0xffff, 0xffff, 0xffff, 0xffff, 0xffff, 0xffff,
    0xffff, 0xffff, 0xffff, 0xffff, 0xffff, 0xffff, 0xffff, 0xffff, 0xffff, 0xffff, 0xdefb, 0x8c71,
    0x39c7, 0x0020, 0x0000, 0x0000, 0x0000, 0x0000, 0x0000, 0x0000, 0x0000, 0x0000, 0x0000, 0x0000,
    0x0000, 0x0000, 0x0000, 0x0000, 0x0000, 0x0000, 0x0000, 0x0000, 0x0000, 0x0841, 0x0000, 0x7bcf,
    0xffff, 0xffdf, 0xffff, 0xffff, 0xffff, 0xffff, 0xffff, 0xffff, 0xffff, 0xffff, 0xffff, 0xffff,
    0xffff, 0xffff, 0x52aa, 0xd69a, 0xffff, 0xffff, 0xdedb, 0x5aeb, 0xffff, 0xffff, 0xffff, 0xffff,
    0xffff, 0xffff, 0xffff, 0xffff, 0xffff, 0xffff, 0xffdf, 0xf79e, 0xffff, 0x6b4d, 0x0000, 0x0000,
    0x526a, 0xffdf, 0xffff, 0x528a, 0x0000, 0x0841, 0x0000, 0x0000, 0x0000, 0x0020, 0x0020, 0x0000,
    0x18e3, 0x6b4d, 0x0000, 0x0020, 0x0000, 0x0000, 0x0000, 0x0000, 0x0000, 0x3186, 0x62ec, 0xe73d,
    0xffff, 0xffdf, 0xffff, 0xffff, 0xffff, 0xffff, 0xffdf, 0xffff, 0x6b6d, 0xad55, 0xffff, 0xc638,
    0x4208, 0x0000, 0x18e3, 0x528a, 0xa514, 0xf7be, 0xce59, 0x630c, 0xffff, 0xf7be, 0xffdf, 0xffdf,
    0xffdf, 0xffff, 0xffff, 0xffff, 0xffff, 0xffff, 0xffff, 0xffff, 0xffff, 0xffff, 0xffff, 0xffff,
    0xffdf, 0xffff, 0xf7be, 0xdefb, 0xb5b6, 0x5acb, 0x1082, 0x0000, 0x0000, 0x0000, 0x0020, 0x0000,
    0x0000, 0x0000, 0x0000, 0x0000, 0x0000, 0x0000, 0x0000, 0x0000, 0x0000, 0x0000, 0x0000, 0x0000,
    0x0000, 0x0000, 0x0000, 0x0000, 0x0020, 0x0841, 0x0000, 0x8c71, 0xffff, 0xffdf, 0xffff, 0xffff,
    0xffff, 0xffff, 0xffff, 0xffff, 0xffff, 0xffff, 0xffff, 0xffff, 0xffff, 0xffff, 0x52ab, 0xd69a,
    0xffff, 0xffff, 0xdedb, 0x5aeb, 0xffff, 0xffff, 0xffff, 0xffff, 0xffff, 0xffff, 0xffff, 0xffff,
    0xffff, 0xffff, 0xffff, 0xf79e, 0xffff, 0x632c, 0x0020, 0x0000, 0x738e, 0xffdf, 0xffdf, 0x6b4d,
    0x0000, 0x0841, 0x0000, 0x0000, 0x0000, 0x0000, 0x0020, 0x0020, 0x0020, 0x5aeb, 0x1082, 0x0000,
    0x0020, 0x0020, 0x0020, 0x0020, 0x0841, 0x0000, 0x5aeb, 0xffff, 0xf7be, 0xffdf, 0xffdf, 0xffdf,
    0xffdf, 0xffdf, 0xffdf, 0xffdf, 0x528a, 0xdefb, 0xf7be, 0xffff, 0xe73c, 0x8c71, 0xef5d, 0xffff,
    0xffff, 0xffff, 0x632c, 0xc5f8, 0xffff, 0xffdf, 0xffff, 0xffff, 0xffff, 0xffff, 0xffff, 0xffff,
    0xffff, 0xffff, 0xffff, 0xffff, 0xffff, 0xffdf, 0xffff, 0xffff, 0xffff, 0xdedb, 0x5aeb, 0x18e3,
    0x0000, 0x0000, 0x0000, 0x0020, 0x0000, 0x0000, 0x0000, 0x0000, 0x0000, 0x0000, 0x0000, 0x0000,
    0x0000, 0x0000, 0x0000, 0x0000, 0x0000, 0x0000, 0x0000, 0x0000, 0x0000, 0x0000, 0x0000, 0x0000,
    0x0020, 0x0841, 0x0000, 0x9cf3, 0xffff, 0xffdf, 0xffff, 0xffff, 0xffff, 0xffff, 0xffff, 0xffff,
    0xffff, 0xffff, 0xffff, 0xffff, 0xffff, 0xffff, 0x5aab, 0xd69a, 0xffff, 0xffff, 0xdedb, 0x5aeb,
    0xffff, 0xffff, 0xffff, 0xffff, 0xffff, 0xffff, 0xffff, 0xffff, 0xffff, 0xffff, 0xffdf, 0xf79e,
    0xffff, 0x73ae, 0x0000, 0x0000, 0x73ae, 0xffdf, 0xffff, 0x9492, 0x0000, 0x0841, 0x0000, 0x0000,
    0x0000, 0x0000, 0x0000, 0x0000, 0x0000, 0x39e7, 0x3186, 0x0000, 0x0020, 0x0020, 0x0020, 0x0020,
    0x0020, 0x0000, 0x2945, 0xef7d, 0xffdf, 0xffdf, 0xffdf, 0xffdf, 0xffdf, 0xf7be, 0xffff, 0xd6ba,
    0x528a, 0xffdf, 0xf79e, 0xffff, 0xc618, 0xe71c, 0xffff, 0xf7be, 0xffff, 0xd6da, 0x5acb, 0xffff,
    0xffdf, 0xffff, 0xffff, 0xffff, 0xffff, 0xffff, 0xffff, 0xffff, 0xffff, 0xffff, 0xffdf, 0xffdf,
    0xffff, 0xffff, 0xffff, 0xbdd7, 0x5aeb, 0x0861, 0x0000, 0x0000, 0x0000, 0x0020, 0x0000, 0x0000,
    0x0000, 0x0000, 0x0000, 0x0000, 0x0000, 0x0000, 0x0000, 0x0000, 0x0000, 0x0000, 0x0000, 0x0000,
    0x0000, 0x0000, 0x0000, 0x0000, 0x0000, 0x0000, 0x0000, 0x0000, 0x0020, 0x0841, 0x0000, 0xad35,
    0xffff, 0xf7be, 0xffff, 0xffff, 0xffff, 0xffff, 0xffff, 0xffff, 0xffff, 0xffff, 0xffff, 0xffff,
    0xffff, 0xffff, 0x5aab, 0xd69a, 0xffff, 0xffff, 0xdedb, 0x5aeb, 0xffff, 0xffff, 0xffff, 0xffff,
    0xffff, 0xffff, 0xffff, 0xffff, 0xffff, 0xffff, 0xffdf, 0xf7be, 0xffff, 0x94b2, 0x0000, 0x0000,
    0x4a49, 0xffdf, 0xffff, 0xb5d6, 0x0000, 0x0020, 0x0000, 0x0000, 0x0000, 0x0000, 0x0000, 0x0000,
    0x0000, 0x0841, 0x4a49, 0x0000, 0x0000, 0x0000, 0x0000, 0x0000, 0x0000, 0x0820, 0x0000, 0x8c51,
    0xffff, 0xf7be, 0xffff, 0xffff, 0xffff, 0xf7be, 0xffff, 0xad55, 0x738e, 0xffff, 0xffdf, 0xf79e,
    0xbdd7, 0xffdf, 0xf7be, 0xf7be, 0xffff, 0x738e, 0x9cd3, 0xffff, 0xf7be, 0xffff, 0xffff, 0xffff,
    0xffff, 0xffff, 0xffff, 0xffff, 0xffff, 0xffdf, 0xffff, 0xffff, 0xf7be, 0xa514, 0x39e7, 0x0000,
    0x0000, 0x0000, 0x0000, 0x0000, 0x0000, 0x0000, 0x0000, 0x0000, 0x0000, 0x0000, 0x0000, 0x0000,
    0x0000, 0x0000, 0x0000, 0x0000, 0x0000, 0x0000, 0x0000, 0x0000, 0x0000, 0x0000, 0x0000, 0x0000,
    0x0000, 0x0000, 0x0000, 0x0000, 0x0020, 0x0841, 0x0000, 0xb596, 0xffff, 0xffdf, 0xffff, 0xffff,
    0xffff, 0xffff, 0xffff, 0xffff, 0xffff, 0xffff, 0xffff, 0xffff, 0xffff, 0xffff, 0x5aaa, 0xd69a,
    0xffff, 0xffff, 0xdedb, 0x5acb, 0xffff, 0xffff, 0xffff, 0xffff, 0xffff, 0xffff, 0xffff, 0xffff,
    0xffff, 0xffff, 0xffdf, 0xf7be, 0xffff, 0xce79, 0x0020, 0x0000, 0x1082, 0xdefb, 0xffff, 0xe71c,
    0x10a2, 0x0000, 0x0000, 0x0000, 0x0000, 0x0000, 0x0000, 0x0000, 0x0020, 0x0000, 0x3186, 0x2965,
    0x0000, 0x0000, 0x0000, 0x0000, 0x0000, 0x0020, 0x0020, 0x10a2, 0xdefb, 0xffdf, 0xffdf, 0xffff,
    0xffff, 0xf7be, 0xffff, 0x7bef, 0xa4f4, 0xffff, 0xffff, 0xdefb, 0xd69a, 0xffff, 0xf7be, 0xffdf,
    0xe73c, 0x39a7, 0xef3c, 0xffff, 0xffdf, 0xffff, 0xffff, 0xffff, 0xffff, 0xffff, 0xffff, 0xffdf,
    0xffff, 0xffff, 0xe73c, 0x8c71, 0x2965, 0x0000, 0x0000, 0x0000, 0x0000, 0x0000, 0x0000, 0x0000,
    0x0000, 0x0000, 0x0000, 0x0000, 0x0000, 0x0000, 0x0000, 0x0000, 0x0000, 0x0000, 0x0000, 0x0000,
    0x0000, 0x0000, 0x0000, 0x0000, 0x0000, 0x0000, 0x0000, 0x0000, 0x0000, 0x0000, 0x0000, 0x0000,
    0x0020, 0x0841, 0x0020, 0xc638, 0xffff, 0xffdf, 0xffff, 0xffff, 0xffff, 0xffff, 0xffff, 0xffff,
    0xffff, 0xffff, 0xffff, 0xffff, 0xffff, 0xffff, 0x5acb, 0xd69a, 0xffff, 0xffff, 0xdedb, 0x5acb,
    0xffff, 0xffff, 0xffff, 0xffff, 0xffff, 0xffff, 0xffff, 0xffff, 0xffff, 0xffff, 0xffff, 0xffff,
    0xffff, 0xffff, 0x39c7, 0x0000, 0x0000, 0x630c, 0xffff, 0xffff, 0x4a69, 0x0000, 0x0020, 0x0000,
    0x0000, 0x0000, 0x0020, 0x0020, 0x0020, 0x0020, 0x0020, 0x4228, 0x1082, 0x0000, 0x0000, 0x0000,
    0x0000, 0x0000, 0x0020, 0x0000, 0x52aa, 0xffff, 0xffbf, 0xffdf, 0xffff, 0xffff, 0xffff, 0x5aab,
    0xd69a, 0xffff, 0xffff, 0xd6ba, 0xf79e, 0xffff, 0xf7be, 0xffff, 0x8c51, 0x6b2d, 0xffff, 0xf7be,
    0xffdf, 0xffdf, 0xffff, 0xffff, 0xffff, 0xffdf, 0xffff, 0xffff, 0xdefb, 0x7bef, 0x18e3, 0x0000,
    0x0000, 0x0020, 0x0000, 0x0000, 0x0000, 0x0000, 0x0000, 0x0000, 0x0000, 0x0000, 0x0000, 0x0000,
    0x0000, 0x0000, 0x0000, 0x0000, 0x0000, 0x0000, 0x0000, 0x0000, 0x0000, 0x0000, 0x0000, 0x0000,
    0x0000, 0x0000, 0x0000, 0x0000, 0x0000, 0x0000, 0x0000, 0x0000, 0x0020, 0x0020, 0x0861, 0xd6ba,
    0xffff, 0xffdf, 0xffff, 0xffff, 0xffff, 0xffff, 0xffff, 0xffff, 0xffff, 0xffff, 0xffff, 0xffff,
    0xffff, 0xffff, 0x5acb, 0xd69a, 0xffff, 0xffff, 0xdedb, 0x5acb, 0xffff, 0xffdf, 0xffff, 0xffff,
    0xffff, 0xffff, 0xffff, 0xffff, 0xffff, 0xffff, 0xffff, 0xffff, 0xf7be, 0xffff, 0xad75, 0x0000,
    0x1082, 0x0000, 0x6b6d, 0xf7be, 0xbdf7, 0x0020, 0x0841, 0x0020, 0x0000, 0x0000, 0x0000, 0x0000,
    0x0000, 0x0000, 0x0000, 0x1082, 0x39e7, 0x0020, 0x0000, 0x0000, 0x0000, 0x0000, 0x0000, 0x0841,
    0x0000, 0xa534, 0xffff, 0xf79e, 0xffdf, 0xffff, 0xe71c, 0x4a69, 0xf79e, 0xffff, 0xf7bf, 0xdedb,
    0xffff, 0xffdf, 0xffff, 0xffff, 0x4228, 0xce59, 0xffff, 0xffdf, 0xffff, 0xffff, 0xffff, 0xffdf,
    0xffff, 0xffff, 0xd6ba, 0x6b6d, 0x1082, 0x0000, 0x0000, 0x0020, 0x0000, 0x0000, 0x0000, 0x0000,
    0x0000, 0x0000, 0x0000, 0x0000, 0x0000, 0x0000, 0x0000, 0x0000, 0x0000, 0x0000, 0x0000, 0x0000,
    0x0000, 0x0000, 0x0000, 0x0000, 0x0000, 0x0000, 0x0000, 0x0000, 0x0000, 0x0000, 0x0000, 0x0000,
    0x0000, 0x0000, 0x0000, 0x0000, 0x0020, 0x0020, 0x18c3, 0xe73c, 0xffdf, 0xffdf, 0xffff, 0xffff,
    0xffff, 0xffff, 0xffff, 0xffff, 0xffff, 0xffff, 0xffff, 0xffff, 0xffff, 0xffff, 0x5acb, 0xd69a,
    0xffff, 0xffff, 0xdedb, 0x5acb, 0xffff, 0xffff, 0xffff, 0xffff, 0xffff, 0xffff, 0xffff, 0xffff,
    0xffff, 0xffff, 0xffff, 0xffff, 0xffdf, 0xf7be, 0xffff, 0x738e, 0x0000, 0x0000, 0x0000, 0x2124,
    0x73ae, 0x18c3, 0x0000, 0x0000, 0x0000, 0x0000, 0x0000, 0x0000, 0x0000, 0x0000, 0x0000, 0x0000,
    0x18c3, 0x2945, 0x0000, 0x0000, 0x0000, 0x0000, 0x0000, 0x0020, 0x0000, 0x18c3, 0xe73c, 0xffdf,
    0xf79e, 0xffff, 0xad75, 0x632c, 0xffff, 0xffdf, 0xef5d, 0xef5d, 0xffff, 0xf7be, 0xffff, 0xbdf7,
    0x4a49, 0xffff, 0xf7be, 0xffdf, 0xffff, 0xffff, 0xffff, 0xffff, 0xd69a, 0x632c, 0x0861, 0x0000,
    0x0000, 0x0020, 0x0000, 0x0000, 0x0000, 0x0000, 0x0000, 0x0000, 0x0000, 0x0000, 0x0000, 0x0000,
    0x0000, 0x0000, 0x0000, 0x0000, 0x0000, 0x0000, 0x0000, 0x0000, 0x0000, 0x0000, 0x0000, 0x0000,
    0x0000, 0x0000, 0x0000, 0x0000, 0x0000, 0x0000, 0x0000, 0x0000, 0x0000, 0x0000, 0x0000, 0x0000,
    0x0020, 0x0000, 0x2124, 0xef7d, 0xf7be, 0xffdf, 0xffff, 0xffff, 0xffff, 0xffff, 0xffff, 0xffff,
    0xffff, 0xffff, 0xffff, 0xffff, 0xffff, 0xffff, 0x5acb, 0xd69a, 0xffdf, 0xffff, 0xdedb, 0x5acb,
    0xffff, 0xffff, 0xffff, 0xffff, 0xffff, 0xffff, 0xffff, 0xffff, 0xffff, 0xffff, 0xffff, 0xffff,
    0xffff, 0xffdf, 0xf7be, 0xffff, 0x8410, 0x2124, 0x2945, 0x0000, 0x0000, 0x0861, 0x0000, 0x0000,
    0x0000, 0x0000, 0x0000, 0x0000, 0x0000, 0x0000, 0x0000, 0x0000, 0x0000, 0x10a2, 0x1082, 0x0000,
    0x0000, 0x0000, 0x0000, 0x0020, 0x0841, 0x0000, 0x5aeb, 0xffff, 0xef5d, 0xffff, 0x7bef, 0xa514,
    0xffff, 0xffdf, 0xdefb, 0xf7be, 0xffff, 0xf7be, 0xffff, 0x5b0c, 0x9cd3, 0xffff, 0xf79e, 0xf7be,
    0xffff, 0xffff, 0xc638, 0x630c, 0x0841, 0x0000, 0x0000, 0x0020, 0x0000, 0x0000, 0x0000, 0x0000,
    0x0000, 0x0000, 0x0000, 0x0000, 0x0000, 0x0000, 0x0000, 0x0000, 0x0000, 0x0000, 0x0000, 0x0000,
    0x0000, 0x0000, 0x0000, 0x0000, 0x0000, 0x0000, 0x0000, 0x0000, 0x0000, 0x0000, 0x0000, 0x0000,
    0x0000, 0x0000, 0x0000, 0x0000, 0x0000, 0x0000, 0x0000, 0x0000, 0x0841, 0x0000, 0x39c7, 0xffdf,
    0xf7be, 0xffdf, 0xffff, 0xffff, 0xffff, 0xffff, 0xffff, 0xffff, 0xffff, 0xffff, 0xffff, 0xffff,
    0xffff, 0xffff, 0x5acb, 0xd69a, 0xffdf, 0xffff, 0xdedb, 0x5acb, 0xffff, 0xffff, 0xffff, 0xffff,
    0xffff, 0xffff, 0xffff, 0xffff, 0xffff, 0xffff, 0xffff, 0xffff, 0xffff, 0xffff, 0xffff, 0xffff,
    0xffff, 0xe73c, 0xef5d, 0xd6ba, 0xc618, 0xdefb, 0x52aa, 0x0000, 0x0841, 0x0000, 0x0000, 0x0000,
    0x0000, 0x0000, 0x0000, 0x0000, 0x0000, 0x0000, 0x0020, 0x0000, 0x0000, 0x0000, 0x0020, 0x0020,
    0x0020, 0x0841, 0x0000, 0x9cd3, 0xffff, 0xffdf, 0x528a, 0xdedb, 0xffff, 0xffdf, 0xdedb, 0xffff,
    0xffdf, 0xffff, 0xe73c, 0x4228, 0xef7d, 0xffdf, 0xffff, 0xffff, 0xc638, 0x5aca, 0x0000, 0x0000,
    0x0000, 0x0020, 0x0000, 0x0000, 0x0000, 0x0000, 0x0000, 0x0000, 0x0000, 0x0000, 0x0000, 0x0000,
    0x0000, 0x0000, 0x0000, 0x0000, 0x0000, 0x0000, 0x0000, 0x0000, 0x0000, 0x0000, 0x0000, 0x0000,
    0x0000, 0x0000, 0x0000, 0x0000, 0x0000, 0x0000, 0x0020, 0x0020, 0x0020, 0x0020, 0x0020, 0x0020,
    0x0000, 0x0000, 0x0000, 0x0000, 0x0000, 0x0000, 0x4a49, 0xffff, 0xf7be, 0xffdf, 0xffff, 0xffff,
    0xffff, 0xffff, 0xffff, 0xffff, 0xffff, 0xffff, 0xffff, 0xffff, 0xffff, 0xffff, 0x5acb, 0xd69a,
    0xffdf, 0xffff, 0xdefb, 0x5aeb, 0xffff, 0xffff, 0xffff, 0xffff, 0xffff, 0xffff, 0xffff, 0xffff,
    0xffff, 0xffff, 0xffff, 0xffff, 0xffff, 0xffff, 0xffff, 0xffff, 0xffdf, 0xffff, 0xffff, 0xffff,
    0xffff, 0xffff, 0xef5d, 0x18e3, 0x0000, 0x0020, 0x0000, 0x0000, 0x0000, 0x0000, 0x0000, 0x0000,
    0x0000, 0x0000, 0x0000, 0x0000, 0x0000, 0x0000, 0x0000, 0x0000, 0x0000, 0x0000, 0x0020, 0x0841,
    0xd69a, 0xdefb, 0x4a49, 0xffdf, 0xffff, 0xe71c, 0xdefb, 0xffff, 0xf7be, 0xffff, 0x94b2, 0x73ae,
    0xffff, 0xffff, 0xce79, 0x52aa, 0x0020, 0x0000, 0x0000, 0x0000, 0x0000, 0x0000, 0x0000, 0x0000,
    0x0000, 0x0000, 0x0000, 0x0000, 0x0000, 0x0000, 0x0000, 0x0000, 0x0000, 0x0000, 0x0000, 0x0000,
    0x0000, 0x0000, 0x0000, 0x0000, 0x0020, 0x0020, 0x0020, 0x0020, 0x0000, 0x0000, 0x0000, 0x0000,
    0x0000, 0x0000, 0x0000, 0x0000, 0x0000, 0x0000, 0x0000, 0x0000, 0x0000, 0x0841, 0x0882, 0x18c3,
    0x2145, 0x2945, 0x8410, 0xffff, 0xf7be, 0xffff, 0xffff, 0xffff, 0xffff, 0xffff, 0xffff, 0xffff,
    0xffff, 0xffff, 0xffff, 0xffff, 0xffff, 0xffff, 0x5acb, 0xd6ba, 0xffff, 0xffff, 0xdefb, 0x5aeb,
    0xffff, 0xffff, 0xffff, 0xffff, 0xffff, 0xffff, 0xffff, 0xffff, 0xffff, 0xffff, 0xffff, 0xffff,
    0xffff, 0xffff, 0xffff, 0xffff, 0xffff, 0xffff, 0xffdf, 0xffdf, 0xf79e, 0xffff, 0xb5b6, 0x0841,
    0x0020, 0x0000, 0x0000, 0x0000, 0x0000, 0x0000, 0x0000, 0x0000, 0x0000, 0x0000, 0x0000, 0x0000,
    0x0000, 0x0000, 0x0000, 0x0000, 0x0000, 0x0000, 0x0020, 0x0000, 0x3186, 0x8430, 0x83ef, 0xffff,
    0xffdf, 0xce79, 0xef5d, 0xffdf, 0xf79e, 0xffdf, 0x630c, 0xd6ba, 0xd6ba, 0x632c, 0x0841, 0x0000,
    0x0020, 0x0020, 0x0000, 0x0000, 0x0000, 0x0000, 0x0000, 0x0000, 0x0000, 0x0000, 0x0000, 0x0000,
    0x0000, 0x0000, 0x0000, 0x0000, 0x0020, 0x0020, 0x0020, 0x0000, 0x0000, 0x0000, 0x0000, 0x0000,
    0x0000, 0x0000, 0x0000, 0x0000, 0x0000, 0x0000, 0x0841, 0x10a2, 0x2104, 0x31a6, 0x4a69, 0x630c,
    0x7bcf, 0x8c51, 0x9cf3, 0xb596, 0xce59, 0xd6ba, 0xdedb, 0xe73c, 0xf79e, 0xffdf, 0xffff, 0xffff,
    0xffff, 0xffff, 0xffff, 0xffff, 0xffff, 0xffff, 0xffff, 0xffff, 0xffff, 0xffff, 0xffff, 0xffff,
    0xffff, 0xffff, 0x5acb, 0xd6ba
  },
  // ERROR
  {
    0xffff, 0x630c, 0xce79, 0xffff, 0xffdf, 0xffff, 0xffff, 0xffff, 0xffff, 0xffff, 0xffff, 0xffff,
    0xffff, 0xffff, 0xffff, 0xffff, 0xffff, 0xffff, 0xffff, 0xffff, 0xffff, 0xffff, 0xffff, 0xffff,
    0xffff, 0xffff, 0xffff, 0xffff, 0xffff, 0xffff, 0xffff, 0xffff, 0xffff, 0xffff, 0xffff, 0xffff,
    0xffff, 0xffff, 0xffff, 0xffff, 0xffff, 0xffff, 0xffff, 0xffff, 0xffff, 0xffff, 0xffff, 0xffff,
    0xffff, 0xffff, 0xffff, 0xffff, 0xffff, 0xffff, 0xffff, 0xffff, 0xffff, 0xf7be, 0xffff, 0xad55,
    0x18e3, 0xbdf7, 0xce59, 0x6b4d, 0xd69a, 0xffff, 0xffdf, 0xffdf, 0xffff, 0xffff, 0xffff, 0xffff,
    0xffff, 0xffff, 0xffdf, 0xffff, 0xffff, 0xffff, 0xffff, 0xffff, 0xffff, 0xffff, 0xffff, 0xffff,
    0xffff, 0xffff, 0xffff, 0xffff, 0xffff, 0xffff, 0xffff, 0xffff, 0xffff, 0xffff, 0xffff, 0xffff,
    0xffff, 0xffff, 0xffff, 0xffff, 0xffff, 0xffff, 0xffff, 0xffff, 0xffff, 0xffff, 0xffff, 0xffff,
    0xffff, 0xffff, 0xffff, 0xffff, 0xffff, 0xffff, 0xffff, 0xffff, 0xffff, 0xffff, 0xffff, 0xffff,
    0xffff, 0xffff, 0xffff, 0xffff, 0xffff, 0xffff, 0xf7be, 0x4208, 0xffff, 0x630c, 0xce79, 0xffff,
    0xffdf, 0xffff, 0xffff, 0xffff, 0xffff, 0xffff, 0xffff, 0xffff, 0xffff, 0xffff, 0xffff, 0xffff,
    0xffff, 0xffff, 0xffff, 0xffdf, 0xffff, 0xffff, 0xffff, 0xffff, 0xffff, 0xffff, 0xffff, 0xffff,
    0xffff, 0xffff, 0xffff, 0xffff, 0xffff, 0xffff, 0xffff, 0xffff, 0xffff, 0xffff, 0xffff, 0xffff,
    0xffff, 0xffff, 0xffff, 0xffff, 0xffff, 0xffff, 0xffff, 0xffff, 0xffff, 0xffff, 0xffff, 0xffff,
    0xffff, 0xffff, 0xffff, 0xffff, 0xffdf, 0xffdf, 0xe71c, 0x10a2, 0x2124, 0x18c2, 0x18e3, 0xce79,
    0xffff, 0xf7be, 0xffff, 0xffff, 0xffff, 0xffff, 0xffff, 0xffff, 0xffff, 0xffff, 0xffff, 0xffff,
    0xffff, 0xffff, 0xffff, 0xffff, 0xffff, 0xffff, 0xffff, 0xffff, 0xffff, 0xffff, 0xffff, 0xffff,
    0xffff, 0xffff, 0xffff, 0xffff, 0xffff, 0xffff, 0xffff, 0xffff, 0xffff, 0xffff, 0xffff, 0xffff,
    0xffff, 0xffff, 0xffff, 0xffff, 0xffff, 0xffff, 0xffff, 0xffff, 0xffff, 0xffff, 0xffff, 0xffff,
    0xffff, 0xffff, 0xffff, 0xffff, 0xffff, 0xffff, 0xffff, 0xffff, 0xffff, 0xffff, 0xffff, 0xffff,
    0xffdf, 0xffff, 0xf7be, 0x4208, 0xffff, 0x630c, 0xce79, 0xffff, 0xffdf, 0xffff, 0xffff, 0xffff,
    0xffff, 0xffff, 0xffff, 0xffff, 0xffff, 0xffff, 0xffff, 0xffff, 0xffff, 0xffff, 0xffff, 0xffff,
    0xffff, 0xffff, 0xffff, 0xffff, 0xffff, 0xffff, 0xffff, 0xffff, 0xffff, 0xffff, 0xffff, 0xffff,
    0xffff, 0xffff, 0xffff, 0xffff, 0xffff, 0xffff, 0xffff, 0xffff, 0xffff, 0xffff, 0xffff, 0xffff,
    0xffff, 0xffff, 0xffff, 0xffff, 0xffff, 0xffff, 0xffff, 0xffff, 0xffff, 0xffff, 0xffff, 0xffff,
    0xffdf, 0xffff, 0x6b6d, 0x0000, 0x0861, 0x0000, 0x8410, 0xffff, 0xf7be, 0xffff, 0xffff, 0xffff,
    0xffff, 0xffff, 0xffff, 0xffff, 0xffff, 0xffff, 0xffff, 0xffff, 0xffff, 0xffff, 0xffff, 0xffff,
    0xffff, 0xffff, 0xffff, 0xffff, 0xffff, 0xffff, 0xffff, 0xffff, 0xffff, 0xffff, 0xffff, 0xffff,
    0xffff, 0xffff, 0xffff, 0xffff, 0xffff, 0xffff, 0xffff, 0xffff, 0xffff, 0xffff, 0xffff, 0xffff,
    0xffff, 0xffff, 0xffff, 0xffff, 0xffff, 0xffff, 0xffff, 0xffff, 0xffff, 0xffff, 0xffff, 0xffff,
    0xffff, 0xffff, 0xffff, 0xffff, 0xffff, 0xffff, 0xffff, 0xffff, 0xffdf, 0xffff, 0xf7be, 0x4208,
    0xffff, 0x5aeb, 0xce79, 0xffff, 0xffdf, 0xffff, 0xffff, 0xffff, 0xffff, 0xffff, 0xffff, 0xffff,
    0xffff, 0xffff, 0xffff, 0xffff, 0xffdf, 0xffff, 0xff1b, 0xf617, 0xfeda, 0xffff, 0xffff, 0xffff,
    0xffff, 0xffff, 0xffff, 0xffff, 0xffff, 0xffff, 0xffff, 0xffff, 0xffff, 0xffff, 0xffff, 0xffff,
    0xffff, 0xffff, 0xffff, 0xffff, 0xffff, 0xffff, 0xffff, 0xffff, 0xffff, 0xffff, 0xffff, 0xffff,
    0xffff, 0xffff, 0xffff, 0xffff, 0xffff, 0xffff, 0xffff, 0xffdf, 0xffff, 0xef5d, 0x18c3, 0x0000,
    0x0020, 0x18c3, 0xe73c, 0xffdf, 0xf7be, 0xffff, 0xffff, 0xffff, 0xffff, 0xffff, 0xffff, 0xffff,
    0xffff, 0xffff, 0xffff, 0xffff, 0xffff, 0xffff, 0xffff, 0xffff, 0xffff, 0xffff, 0xffff, 0xffff,
    0xffff, 0xffff, 0xffff, 0xffff, 0xffff, 0xffff, 0xffff, 0xffff, 0xffff, 0xffff, 0xffff, 0xffff,
    0xffff, 0xffff, 0xffff, 0xffff, 0xffff, 0xffff, 0xffff, 0xffff, 0xffff, 0xffff, 0xffff, 0xffff,
    0xffff, 0xffff, 0xffff, 0xffff, 0xffff, 0xffff, 0xffff, 0xffff, 0xffff, 0xffff, 0xffff, 0xffff,
    0xffff, 0xffff, 0xffff, 0xffff, 0xffdf, 0xffff, 0xf7be, 0x4208, 0xffff, 0x5aeb, 0xce79, 0xffff,
    0xffdf, 0xffff, 0xffff, 0xffff, 0xffff, 0xffff, 0xffff, 0xffff, 0xffff, 0xffff, 0xffff, 0xffdf,
    0xffff, 0xf534, 0xe164, 0xe0a1, 0xe102, 0xec50, 0xffff, 0xffde, 0xffff, 0xffff, 0xffff, 0xffff,
    0xffff, 0xffff, 0xffff, 0xffff, 0xffff, 0xffff, 0xffff, 0xffff, 0xffff, 0xffff, 0xffff, 0xffff,
    0xffff, 0xffff, 0xffff, 0xffff, 0xffff, 0xffff, 0xffff, 0xffff, 0xffff, 0xffff, 0xffff, 0xffff,
    0xffff, 0xffff, 0xffff, 0xf7be, 0xffff, 0xc618, 0x0000, 0x0841, 0x0000, 0x52aa, 0xffff, 0xf7be,
    0xffdf, 0xffff, 0xffff, 0xffff, 0xffff, 0xffff, 0xffff, 0xffff, 0xffff, 0xffff, 0xffff, 0xffff,
    0xffff, 0xffff, 0xffff, 0xffff, 0xffff, 0xffff, 0xffff, 0xffff, 0xffff, 0xffff, 0xffff, 0xffff,
    0xffff, 0xffff, 0xffff, 0xffff, 0xffff, 0xffff, 0xffff, 0xffff, 0xffff, 0xffff, 0xffff, 0xffff,
    0xffff, 0xffff, 0xffff, 0xffff, 0xffff, 0xffff, 0xffff, 0xffff, 0xffff, 0xffff, 0xffff, 0xffff,
    0xffff, 0xffff, 0xffff, 0xffff, 0xffff, 0xffff, 0xffff, 0xffff, 0xffff, 0xffff, 0xffff, 0xffff,
    0xffdf, 0xffff, 0xf7de, 0x4208, 0xffff, 0x5aeb, 0xce79, 0xffff, 0xffdf, 0xffff, 0xffff, 0xffff,
    0xffff, 0xffff, 0xffff, 0xffff, 0xffff, 0xffff, 0xffbe, 0xffff, 0xfe79, 0xe0e2, 0xe9e6, 0xf4b1,
    0xea47, 0xe081, 0xf5d6, 0xffff, 0xffdf, 0xffff, 0xffff, 0xffff, 0xffff, 0xffff, 0xffff, 0xffff,
    0xffff, 0xffff, 0xffff, 0xffff, 0xffff, 0xffff, 0xffff, 0xffff, 0xffff, 0xffff, 0xffff, 0xffff,
    0xffff, 0xffff, 0xffff, 0xffff, 0xffff, 0xffff, 0xffff, 0xffff, 0xffff, 0xffff, 0xffff, 0xf79e,
    0xffff, 0xb5b6, 0x0000, 0x1082, 0x0000, 0x8c71, 0xffff, 0xffde, 0xffff, 0xffff, 0xffff, 0xffff,
    0xffff, 0xffff, 0xffff, 0xffff, 0xffff, 0xffff, 0xffff, 0xffff, 0xffff, 0xffff, 0xffff, 0xffff,
    0xffff, 0xffff, 0xffff, 0xffff, 0xffff, 0xffff, 0xffff, 0xffff, 0xffff, 0xffff, 0xffff, 0xffff,
    0xffff, 0xffff, 0xffff, 0xffff, 0xffff, 0xffff, 0xffff, 0xffff, 0xffff, 0xffff, 0xffff, 0xffff,
    0xffff, 0xffff, 0xffff, 0xffff, 0xffff, 0xffff, 0xffff, 0xffff, 0xffff, 0xffff, 0xffff, 0xffff,
    0xffff, 0xffff, 0xffff, 0xffff, 0xffff, 0xffff, 0xffff, 0xffff, 0xffdf, 0xffff, 0xf7be, 0x4208,
    0xffff, 0x5aeb, 0xce79, 0xffff, 0xffdf, 0xffff, 0xffff, 0xffff, 0xffff, 0xffff, 0xffff, 0xffff,
    0xffdf, 0xffdf, 0xffbe, 0xffdf, 0xeaca, 0xe080, 0xf5f7, 0xffff, 0xf699, 0xe102, 0xea48, 0xffbe,
    0xffdf, 0xffdf, 0xffff, 0xffff, 0xffff, 0xffff, 0xffff, 0xffff, 0xffff, 0xffff, 0xffff, 0xffff,
    0xffff, 0xffff, 0xffff, 0xffff, 0xffff, 0xffff, 0xffff, 0xffff, 0xffff, 0xffff, 0xffff, 0xffff,
    0xffff, 0xffff, 0xffff, 0xffff, 0xffff, 0xffff, 0xffff, 0xf79e, 0xffff, 0xbdd7, 0x0000, 0x1082,
    0x0000, 0xad75, 0xffff, 0xffdf, 0xffff, 0xffff, 0xffff, 0xffff, 0xffff, 0xffff, 0xffff, 0xffff,
    0xffff, 0xffff, 0xffff, 0xffff, 0xffff, 0xffff, 0xffff, 0xffff, 0xffff, 0xffff, 0xffff, 0xffff,
    0xffff, 0xffff, 0xffff, 0xffff, 0xffff, 0xffff, 0xffff, 0xffff, 0xffff, 0xffff, 0xffff, 0xffff,
    0xffff, 0xffff, 0xffff, 0xffff, 0xffff, 0xffff, 0xffff, 0xffff, 0xffff, 0xffff, 0xffff, 0xffff,
    0xffff, 0xffff, 0xffff, 0xffff, 0xffff, 0xffff, 0xffff, 0xffff, 0xffff, 0xffff, 0xffff, 0xffff,
    0xffff, 0xffff, 0xffff, 0xffff, 0xffdf, 0xffff, 0xf7be, 0x4208, 0xffff, 0x5aeb, 0xce79, 0xffff,
    0xffdf, 0xffff, 0xffff, 0xffff, 0xffff, 0xffff, 0xffff, 0xffff, 0xffff, 0xffbe, 0xffff, 0xf5d7,
    0xe060, 0xeaea, 0xffff, 0xff7d, 0xffff, 0xebad, 0xe020, 0xf533, 0xffff, 0xffdf, 0xffff, 0xffff,
    0xffff, 0xffff, 0xffff, 0xffff, 0xffff, 0xffff, 0xffff, 0xffff, 0xffff, 0xffff, 0xffff, 0xffff,
    0xffff, 0xffff, 0xffff, 0xffff, 0xffff, 0xffff, 0xffff, 0xffff, 0xffff, 0xffff, 0xffff, 0xffff,
    0xffff, 0xffff, 0xffff, 0xf7be, 0xffff, 0xe71c, 0x1082, 0x0020, 0x0000, 0xb596, 0xffff, 0xffdf,
    0xffff, 0xffff, 0xffff, 0xffff, 0xffff, 0xffff, 0xffff, 0xffff, 0xffff, 0xffff, 0xffff, 0xffff,
    0xffff, 0xffff, 0xffff, 0xffff, 0xffff, 0xffff, 0xffff, 0xffff, 0xffff, 0xffff, 0xffff, 0xffff,
    0xffff, 0xffff, 0xffff, 0xffff, 0xffff, 0xffff, 0xffff, 0xffff, 0xffff, 0xffff, 0xffff, 0xffff,
    0xffff, 0xffff, 0xffff, 0xffff, 0xffff, 0xffff, 0xffff, 0xffff, 0xffff, 0xffff, 0xffff, 0xffff,
    0xffff, 0xffff, 0xffff, 0xffff, 0xffff, 0xffff, 0xffff, 0xffff, 0xffff, 0xffff, 0xffff, 0xffff,
    0xffdf, 0xffff, 0xf7be, 0x39e7, 0xffff, 0x5aeb, 0xce59, 0xffff, 0xffdf, 0xffdf, 0xffff, 0xffff,
    0xffff, 0xffff, 0xffff, 0xffff, 0xffff, 0xffdf, 0xffdf, 0xe2c9, 0xd902, 0xf699, 0xffff, 0xff7d,
    0xffff, 0xf6fb, 0xd923, 0xe206, 0xff9d, 0xffff, 0xffdf, 0xffff, 0xffff, 0xffff, 0xffff, 0xffff,
    0xffff, 0xffff, 0xffff, 0xffff, 0xffff, 0xffff, 0xffff, 0xffff, 0xffff, 0xffff, 0xffff, 0xffff,
    0xffff, 0xffff, 0xffff, 0xffff, 0xffff, 0xffff, 0xffff, 0xffff, 0xffff, 0xffff, 0xffff, 0xffdf,
    0xffdf, 0xffff, 0x52aa, 0x0000, 0x0000, 0xa4f4, 0xffff, 0xffdf, 0xffff, 0xffff, 0xffff, 0xffff,
    0xffff, 0xffff, 0xffff, 0xffff, 0xffff, 0xffdf, 0xffff, 0xffff, 0xffff, 0xffff, 0xffff, 0xffff,
    0xffff, 0xffff, 0xffff, 0xffff, 0xffff, 0xffff, 0xffff, 0xffff, 0xffff, 0xffff, 0xffff, 0xffff,
    0xffff, 0xffff, 0xffff, 0xffff, 0xffff, 0xffff, 0xffff, 0xffff, 0xffff, 0xffff, 0xffff, 0xffff,
    0xffff, 0xffff, 0xffff, 0xffff, 0xffff, 0xffff, 0xffff, 0xffff, 0xffff, 0xffff, 0xffff, 0xffff,
    0xffff, 0xffff, 0xffff, 0xffff, 0xffff, 0xffff, 0xffff, 0xffff, 0xffdf, 0xffff, 0xf7be, 0x39e7,
    0xffff, 0x5aeb, 0xce59, 0xffff, 0xffdf, 0xffff, 0xffff, 0xffff, 0xffff, 0xffff, 0xffff, 0xffff,
    0xffdf, 0xffff, 0xf574, 0xd8c1, 0xe3ee, 0xffff, 0xffff, 0xffff, 0xffff, 0xffff, 0xec70, 0xd880,
    0xec91, 0xffff, 0xffbe, 0xffdf, 0xffff, 0xffff, 0xffff, 0xffff, 0xffff, 0xffff, 0xffff, 0xffff,
    0xffff, 0xffff, 0xffff, 0xffff, 0xffff, 0xffff, 0xffff, 0xffff, 0xffff, 0xffff, 0xffff, 0xffff,
    0xffff, 0xffff, 0xffff, 0xffff, 0xffff, 0xffff, 0xffff, 0xffff, 0xffdf, 0xffdf, 0xdedb, 0x10a2,
    0x0000, 0x7bcf, 0xffff, 0xf7be, 0xffdf, 0xffdf, 0xffdf, 0xffdf, 0xffdf, 0xffff, 0xffff, 0xffff,
    0xffff, 0xffff, 0xffff, 0xffff, 0xffff, 0xffff, 0xffdf, 0xffdf, 0xffff, 0xffff, 0xffff, 0xffff,
    0xffff, 0xffff, 0xffff, 0xffff, 0xffff, 0xffff, 0xffff, 0xffff, 0xffff, 0xffff, 0xffff, 0xffff,
    0xffff, 0xffff, 0xffff, 0xffff, 0xffff, 0xffff, 0xffff, 0xffff, 0xffff, 0xffff, 0xffff, 0xffff,
    0xffff, 0xffff, 0xffff, 0xffff, 0xffff, 0xffff, 0xffff, 0xffff, 0xffff, 0xffff, 0xffff, 0xffff,
    0xffff, 0xffff, 0xffff, 0xffff, 0xffdf, 0xffff, 0xf7be, 0x4207, 0xffff, 0x5aeb, 0xce59, 0xffff,
    0xffdf, 0xffff, 0xffff, 0xffff, 0xffff, 0xffff, 0xffff, 0xffbe, 0xffdf, 0xff7d, 0xe1e6, 0xe184,
    0xff3c, 0xffff, 0xf659, 0xecd2, 0xf638, 0xffff, 0xff7d, 0xda07, 0xd964, 0xfefb, 0xffff, 0xffdf,
    0xffff, 0xffff, 0xffff, 0xffff, 0xffff, 0xffff, 0xffff, 0xffff, 0xffff, 0xffff, 0xffff, 0xffff,
    0xffff, 0xffff, 0xffff, 0xffff, 0xffff, 0xffff, 0xffff, 0xffff, 0xffff, 0xffff, 0xffff, 0xffff,
    0xffff, 0xffff, 0xffff, 0xffff, 0xffff, 0xf7be, 0xffff, 0xbdf7, 0x0020, 0x2966, 0xffff, 0xffff,
    0xffff, 0xffff, 0xffff, 0xffff, 0xffff, 0xffff, 0xf79d, 0xe6fb, 0xdedb, 0xdedb, 0xe71c, 0xef5d,
    0xf7de, 0xffff, 0xffff, 0xffff, 0xffff, 0xffdf, 0xffdf, 0xffdf, 0xffff, 0xffff, 0xffff, 0xffff,
    0xffff, 0xffff, 0xffff, 0xffff, 0xffff, 0xffff, 0xffff, 0xffff, 0xffff, 0xffff, 0xffff, 0xffff,
    0xffff, 0xffff, 0xffff, 0xffff, 0xffff, 0xffff, 0xffff, 0xffff, 0xffff, 0xffff, 0xffff, 0xffff,
    0xffff, 0xffff, 0xffff, 0xffff, 0xffff, 0xffff, 0xffff, 0xffff, 0xffff, 0xffff, 0xffff, 0xffff,
    0xffdf, 0xffff, 0xf7be, 0x4208, 0xffff, 0x5acb, 0xce59, 0xffff, 0xffdf, 0xffff, 0xffff, 0xffff,
    0xffff, 0xffff, 0xffff, 0xffdf, 0xffff, 0xec91, 0xe0c1, 0xecf2, 0xffff, 0xff7d, 0xe247, 0xe0c1,
    0xe1c5, 0xff5c, 0xffff, 0xf574, 0xd8a1, 0xebad, 0xffff, 0xffdf, 0xffdf, 0xffff, 0xffff, 0xffff,
    0xffff, 0xffff, 0xffff, 0xffff, 0xffff, 0xffff, 0xffff, 0xffff, 0xffff, 0xffff, 0xffff, 0xffff,
    0xffff, 0xffff, 0xffff, 0xffff, 0xffff, 0xffff, 0xffff, 0xffff, 0xffff, 0xffff, 0xffdf, 0xffdf,
    0xffff, 0xffff, 0xffff, 0xffff, 0xb596, 0x1082, 0xad55, 0xa534, 0x7bcf, 0x738e, 0x6b4d, 0x73ae,
    0x6b6d, 0x31a6, 0x10a2, 0x0020, 0x0841, 0x0861, 0x10a2, 0x10a2, 0x2965, 0x4a69, 0x7bef, 0xad75,
    0xdefb, 0xffff, 0xffff, 0xffff, 0xffff, 0xffff, 0xffff, 0xffff, 0xffff, 0xffff, 0xffff, 0xffff,
    0xffff, 0xffff, 0xffff, 0xffff, 0xffff, 0xffff, 0xffff, 0xffff, 0xffff, 0xffff, 0xffff, 0xffff,
    0xffff, 0xffff, 0xffff, 0xffff, 0xffff, 0xffff, 0xffff, 0xffff, 0xffff, 0xffff, 0xffff, 0xffff,
    0xffff, 0xffff, 0xffff, 0xffff, 0xffff, 0xffff, 0xffff, 0xffff, 0xffdf, 0xffff, 0xffde, 0x4208,
    0xffff, 0x5acb, 0xce59, 0xffff, 0xffdf, 0xffff, 0xffff, 0xffff, 0xffff, 0xffff, 0xffdf, 0xffff,
    0xff1c, 0xe164, 0xe227, 0xffbe, 0xffdf, 0xffbe, 0xe289, 0xe143, 0xe206, 0xff7d, 0xffdf, 0xffbe,
    0xe248, 0xd881, 0xf638, 0xffff, 0xffbe, 0xffff, 0xffff, 0xffff, 0xffff, 0xffff, 0xffff, 0xffff,
    0xffff, 0xffff, 0xffff, 0xffff, 0xffff, 0xffff, 0xffff, 0xffff, 0xffff, 0xffff, 0xffff, 0xffff,
    0xffff, 0xffff, 0xffff, 0xffff, 0xffff, 0xffdf, 0xffff, 0xffff, 0xf79e, 0xc618, 0x8c71, 0x634d,
    0x5acb, 0x4228, 0x6b6d, 0x4208, 0x0000, 0x0000, 0x0000, 0x0000, 0x10a2, 0x2104, 0x2124, 0x2104,
    0x0841, 0x0000, 0x0000, 0x0000, 0x0000, 0x0000, 0x0000, 0x0000, 0x1082, 0x4208, 0x8430, 0xce79,
    0xffff, 0xffff, 0xffff, 0xffdf, 0xffff, 0xffff, 0xffff, 0xffff, 0xffff, 0xffff, 0xffff, 0xffff,
    0xffff, 0xffff, 0xffff, 0xffff, 0xffff, 0xffff, 0xffff, 0xffff, 0xffff, 0xffff, 0xffff, 0xffff,
    0xffff, 0xffff, 0xffff, 0xffff, 0xffff, 0xffff, 0xffff, 0xffff, 0xffff, 0xffff, 0xffff, 0xffff,
    0xffff, 0xffff, 0xffff, 0xffff, 0xffdf, 0xffff, 0xf7be, 0x4208, 0xffff, 0x5aeb, 0xce59, 0xffff,
    0xffdf, 0xffff, 0xffff, 0xffff, 0xffff, 0xffff, 0xffbe, 0xffff, 0xeb8d, 0xe040, 0xf595, 0xffff,
    0xffbe, 0xffdf, 0xe2ea, 0xd8e2, 0xe247, 0xffbe, 0xff9e, 0xffff, 0xf595, 0xd820, 0xe289, 0xffdf,
    0xffdf, 0xffff, 0xffff, 0xffff, 0xffff, 0xffff, 0xffff, 0xffff, 0xffff, 0xffff, 0xffff, 0xffff,
    0xffff, 0xffff, 0xffff, 0xffff, 0xffff, 0xffff, 0xffff, 0xffff, 0xffff, 0xffff, 0xffff, 0xffdf,
    0xffff, 0xffff, 0xce59, 0x6b6d, 0x2124, 0x0020, 0x18e3, 0x4228, 0x632c, 0x8430, 0xce59, 0xc638,
    0x4228, 0x0861, 0x528a, 0x738e, 0x7bcf, 0x5aeb, 0x528a, 0x6b6d, 0x8410, 0x8c51, 0x5aec, 0x18c3,
    0x0000, 0x0020, 0x0861, 0x0020, 0x0000, 0x0000, 0x0000, 0x0020, 0x39e7, 0x9cd3, 0xef5d, 0xffff,
    0xffff, 0xffdf, 0xffff, 0xffff, 0xffff, 0xffff, 0xffff, 0xffff, 0xffff, 0xffff, 0xffff, 0xffff,
    0xffff, 0xffff, 0xffff, 0xffff, 0xffff, 0xffff, 0xffff, 0xffff, 0xffff, 0xffff, 0xffff, 0xffff,
    0xffff, 0xffff, 0xffff, 0xffff, 0xffff, 0xffff, 0xffff, 0xffff, 0xffff, 0xffff, 0xffff, 0xffff,
    0xffdf, 0xffff, 0xf7be, 0x4208, 0xffff, 0x5aeb, 0xce59, 0xffff, 0xffdf, 0xffff, 0xffff, 0xffff,
    0xffff, 0xffdf, 0xffff, 0xf658, 0xe8a1, 0xe269, 0xffdf, 0xffbe, 0xffbe, 0xffff, 0xe2ea, 0xd880,
    0xe2a9, 0xffff, 0xffbe, 0xffbe, 0xffff, 0xe32b, 0xd8a1, 0xf5d6, 0xffff, 0xffbe, 0xffff, 0xffff,
    0xffff, 0xffff, 0xffff, 0xffff, 0xffff, 0xffff, 0xffff, 0xffff, 0xffff, 0xffff, 0xffff, 0xffff,
    0xffff, 0xffff, 0xffff, 0xffff, 0xffff, 0xffdf, 0xffff, 0xffff, 0xce79, 0x5acb, 0x0020, 0x0000,
    0x0000, 0x0020, 0x0841, 0x0020, 0x0020, 0x0861, 0x2104, 0x4228, 0x18c3, 0x0841, 0x2104, 0x0020,
    0x0000, 0x0000, 0x0000, 0x0000, 0x0841, 0x3186, 0x7bef, 0xbdd7, 0x8c71, 0x18e3, 0x0000, 0x0000,
    0x0020, 0x0000, 0x0000, 0x0000, 0x0000, 0x0000, 0x18e3, 0x7bcf, 0xe71c, 0xffff, 0xffff, 0xffdf,
    0xffff, 0xffff, 0xffff, 0xffff, 0xffff, 0xffff, 0xffff, 0xffff, 0xffff, 0xffff, 0xffff, 0xffff,
    0xffff, 0xffff, 0xffff, 0xffff, 0xffff, 0xffff, 0xffff, 0xffff, 0xffff, 0xffff, 0xffff, 0xffff,
    0xffff, 0xffff, 0xffff, 0xffff, 0xffff, 0xffff, 0xffff, 0xffff, 0xffdf, 0xffff, 0xf7be, 0x4208,
    0xffff, 0x630b, 0xce79, 0xffff, 0xffdf, 0xffff, 0xffff, 0xffff, 0xffdf, 0xffdf, 0xffdf, 0xeaa9,
    0xe061, 0xf617, 0xffff, 0xff9e, 0xffbe, 0xffff, 0xeb2b, 0xd860, 0xe30a, 0xffff, 0xffff, 0xffdf,
    0xffff, 0xfeda, 0xe184, 0xe2a9, 0xffbe, 0xffdf, 0xffdf, 0xffff, 0xffff, 0xffff, 0xffff, 0xffff,
    0xffff, 0xffff, 0xffff, 0xffff, 0xffff, 0xffff, 0xffff, 0xffff, 0xffff, 0xffff, 0xffff, 0xffdf,
    0xffdf, 0xffff, 0xe73c, 0x630c, 0x0841, 0x0000, 0x0020, 0x0820, 0x0020, 0x0000, 0x0000, 0x0000,
    0x0000, 0x0000, 0x0000, 0x0000, 0x0000, 0x0000, 0x0000, 0x0000, 0x0000, 0x0000, 0x0020, 0x0000,
    0x0000, 0x0000, 0x0000, 0x1082, 0x8c51, 0xe71c, 0x7bef, 0x0861, 0x0000, 0x0020, 0x0000, 0x0000,
    0x0020, 0x0020, 0x0000, 0x0000, 0x18c3, 0x8430, 0xef7d, 0xffff, 0xffdf, 0xffff, 0xffff, 0xffff,
    0xffff, 0xffff, 0xffff, 0xffff, 0xffff, 0xffff, 0xffff, 0xffff, 0xffff, 0xffff, 0xffff, 0xffff,
    0xffff, 0xffff, 0xffff, 0xffff, 0xffff, 0xffff, 0xffff, 0xffff, 0xffff, 0xffff, 0xffff, 0xffff,
    0xffff, 0xffff, 0xffff, 0xffff, 0xffdf, 0xffff, 0xf7be, 0x4208, 0xffff, 0x630c, 0xce79, 0xffff,
    0xffdf, 0xffff, 0xffff, 0xffff, 0xffbe, 0xffff, 0xf554, 0xd800, 0xeb2c, 0xffff, 0xffbe, 0xffdf,
    0xffbe, 0xffff, 0xec4f, 0xd8c1, 0xebcd, 0xffff, 0xffff, 0xffdf, 0xffbe, 0xffff, 0xec70, 0xe0e2,
    0xf533, 0xffff, 0xffdf, 0xffff, 0xffff, 0xffff, 0xffff, 0xffff, 0xffff, 0xffff, 0xffff, 0xffff,
    0xffff, 0xffff, 0xffff, 0xffff, 0xffff, 0xffff, 0xffdf, 0xffff, 0xffff, 0x9cd3, 0x10a2, 0x2104,
    0x2965, 0x0841, 0x0000, 0x0000, 0x0000, 0x0000, 0x0000, 0x0000, 0x0000, 0x0000, 0x0000, 0x0000,
    0x0000, 0x0000, 0x0000, 0x0000, 0x0000, 0x0000, 0x0000, 0x0000, 0x0000, 0x0000, 0x0020, 0x0000,
    0x0000, 0x39e7, 0xf79e, 0xdefb, 0x5aeb, 0x0000, 0x0000, 0x0840, 0x0020, 0x0020, 0x0020, 0x0840,
    0x0000, 0x0000, 0x2124, 0x9cf3, 0xffff, 0xffff, 0xffdf, 0xffff, 0xffff, 0xffff, 0xffff, 0xffff,
    0xffff, 0xffff, 0xffff, 0xffff, 0xffff, 0xffff, 0xffff, 0xffff, 0xffff, 0xffff, 0xffff, 0xffff,
    0xffff, 0xffff, 0xffff, 0xffff, 0xffff, 0xffff, 0xffff, 0xffff, 0xffff, 0xffff, 0xffff, 0xffff,
    0xffdf, 0xffff, 0xf7be, 0x4208, 0xffff, 0x630c, 0xce79, 0xffff, 0xffdf, 0xffff, 0xffff, 0xffdf,
    0xffdf, 0xf77d, 0xe185, 0xe082, 0xf69a, 0xffff, 0xffdf, 0xffff, 0xffbe, 0xffff, 0xecf2, 0xd8a0,
    0xec2f, 0xffff, 0xffff, 0xffdf, 0xffdf, 0xffff, 0xff5c, 0xe1e6, 0xe1c5, 0xff5c, 0xffff, 0xffbe,
    0xffff, 0xffff, 0xffff, 0xffff, 0xffff, 0xffff, 0xffff, 0xffff, 0xffff, 0xffff, 0xffff, 0xffff,
    0xffff, 0xffdf, 0xffff, 0xf79e, 0x528a, 0x0861, 0x6b6d, 0x4a49, 0x0020, 0x0000, 0x0000, 0x0000,
    0x0000, 0x0000, 0x0000, 0x0000, 0x0000, 0x0000, 0x0000, 0x0000, 0x0000, 0x0000, 0x0000, 0x0000,
    0x0000, 0x0000, 0x0000, 0x0000, 0x0000, 0x0000, 0x0000, 0x0000, 0x0841, 0x0000, 0x2945, 0xef5d,
    0xffff, 0xa534, 0x10a2, 0x0000, 0x0841, 0x0000, 0x0000, 0x0000, 0x0000, 0x0020, 0x0000, 0x0000,
    0x4a49, 0xdefb, 0xffff, 0xf7be, 0xffff, 0xffff, 0xffff, 0xffff, 0xffff, 0xffff, 0xffff, 0xffff,
    0xffff, 0xffff, 0xffff, 0xffff, 0xffff, 0xffff, 0xffff, 0xffff, 0xffff, 0xffff, 0xffff, 0xffff,
    0xffff, 0xffff, 0xffff, 0xffff, 0xffff, 0xffff, 0xffff, 0xffff, 0xffdf, 0xffff, 0xf7be, 0x4208,
    0xffff, 0x5aeb, 0xce59, 0xffff, 0xffdf, 0xffdf, 0xffdf, 0xffbe, 0xffff, 0xec91, 0xd800, 0xebce,
    0xffff, 0xffdf, 0xffff, 0xffff, 0xffbe, 0xffff, 0xf5b6, 0xe1c6, 0xf534, 0xffff, 0xffff, 0xffff,
    0xffff, 0xffdf, 0xffff, 0xecd2, 0xd820, 0xebee, 0xffff, 0xffbe, 0xffff, 0xffff, 0xffff, 0xffff,
    0xffff, 0xffff, 0xffff, 0xffff, 0xffff, 0xffff, 0xffff, 0xffff, 0xf7be, 0xffff, 0xce59, 0x18e3,
    0x39e7, 0xad75, 0x39c7, 0x0000, 0x0000, 0x0000, 0x0000, 0x0000, 0x0000, 0x0000, 0x0000, 0x0000,
    0x0000, 0x0000, 0x0000, 0x0000, 0x0000, 0x0000, 0x0000, 0x0000, 0x0000, 0x0000, 0x0000, 0x0000,
    0x0000, 0x0000, 0x0000, 0x0000, 0x0000, 0x0841, 0x0000, 0x3186, 0xef5d, 0xffff, 0xd6ba, 0x2965,
    0x0000, 0x0020, 0x0000, 0x0000, 0x0000, 0x0000, 0x0000, 0x0840, 0x0000, 0x10a2, 0xad75, 0xffff,
    0xffdf, 0xffdf, 0xffff, 0xffff, 0xffff, 0xffff, 0xffff, 0xffff, 0xffff, 0xffff, 0xffff, 0xffff,
    0xffff, 0xffff, 0xffff, 0xffff, 0xffff, 0xffff, 0xffff, 0xffff, 0xffff, 0xffff, 0xffff, 0xffff,
    0xffff, 0xffff, 0xffff, 0xffff, 0xffff, 0xffff, 0xf7be, 0x3a07, 0xffff, 0x5aeb, 0xce59, 0xffff,
    0xffdf, 0xffff, 0xffdf, 0xffdf, 0xff5c, 0xe185, 0xe144, 0xff1c, 0xffff, 0xffdf, 0xffff, 0xffdf,
    0xffdf, 0xffdf, 0xffdf, 0xff3c, 0xffff, 0xffff, 0xffff, 0xffff, 0xffff, 0xffdf, 0xffdf, 0xff9d,
    0xe1c6, 0xe0a1, 0xfe99, 0xffff, 0xffdf, 0xffff, 0xffff, 0xffff, 0xffff, 0xffff, 0xffff, 0xffff,
    0xffff, 0xffff, 0xffdf, 0xf7be, 0xffff, 0x9cf3, 0x0020, 0x8410, 0xce7a, 0x18e3, 0x0000, 0x0020,
    0x0000, 0x0000, 0x0000, 0x0000, 0x0000, 0x0000, 0x0000, 0x0000, 0x0000, 0x0000, 0x0000, 0x0000,
    0x0000, 0x0000, 0x0000, 0x0000, 0x0000, 0x0000, 0x0000, 0x0000, 0x0000, 0x0000, 0x0000, 0x0000,
    0x0000, 0x0000, 0x0020, 0x0000, 0x5acb, 0xffdf, 0xf7be, 0xef5d, 0x4a49, 0x0000, 0x0820, 0x0000,
    0x0000, 0x0000, 0x0000, 0x0000, 0x0020, 0x0000, 0x0000, 0x8430, 0xffff, 0xffdf, 0xffdf, 0xffff,
    0xffff, 0xffff, 0xffff, 0xffff, 0xffff, 0xffff, 0xffff, 0xffff, 0xffff, 0xffff, 0xffff, 0xffff,
    0xffff, 0xffff, 0xffff, 0xffff, 0xffff, 0xffff, 0xffff, 0xffff, 0xffff, 0xffff, 0xffff, 0xffff,
    0xffdf, 0xffff, 0xf7be, 0x4207, 0xffff, 0x5acb, 0xce59, 0xffff, 0xffdf, 0xffdf, 0xffdf, 0xffff,
    0xf470, 0xe0a1, 0xecb2, 0xffff, 0xffbe, 0xffff, 0xffff, 0xffff, 0xffbe, 0xffff, 0xecb2, 0xe123,
    0xf491, 0xffff, 0xffdf, 0xffff, 0xffff, 0xffff, 0xffde, 0xffff, 0xf595, 0xe060, 0xeb6c, 0xffff,
    0xffbe, 0xffdf, 0xffff, 0xffff, 0xffff, 0xffff, 0xffff, 0xffff, 0xffff, 0xffdf, 0xffdf, 0xffff,
    0x7bcf, 0x0841, 0xbdd7, 0xef5d, 0x10a2, 0x0000, 0x0020, 0x0000, 0x0000, 0x0000, 0x0000, 0x0000,
    0x0000, 0x0000, 0x0000, 0x0000, 0x0000, 0x0000, 0x0000, 0x0000, 0x0000, 0x0000, 0x0000, 0x0000,
    0x0000, 0x0000, 0x0000, 0x0000, 0x0000, 0x0000, 0x0000, 0x0000, 0x0000, 0x0000, 0x0020, 0x0841,
    0x0000, 0x9cf3, 0xffff, 0xffff, 0xffdf, 0x5acb, 0x0000, 0x0841, 0x0000, 0x0000, 0x0000, 0x0000,
    0x0000, 0x0000, 0x0840, 0x0000, 0x632c, 0xffdf, 0xffdf, 0xffdf, 0xffff, 0xffff, 0xffff, 0xffff,
    0xffff, 0xffff, 0xffff, 0xffff, 0xffff, 0xffff, 0xffff, 0xffff, 0xffff, 0xffff, 0xffff, 0xffff,
    0xffff, 0xffff, 0xffff, 0xffff, 0xffff, 0xffff, 0xffff, 0xffff, 0xffdf, 0xffff, 0xf7be, 0x4207,
    0xffff, 0x5acb, 0xce39, 0xffff, 0xffdf, 0xffbe, 0xffff, 0xff1b, 0xe984, 0xe227, 0xff9e, 0xffff,
    0xffdf, 0xffff, 0xffff, 0xffff, 0xffbe, 0xffff, 0xe288, 0xe000, 0xea27, 0xffdf, 0xffbe, 0xffdf,
    0xffdf, 0xffff, 0xffdf, 0xffde, 0xffff, 0xeb0a, 0xe123, 0xfe79, 0xffff, 0xffdf, 0xffff, 0xffff,
    0xffff, 0xffff, 0xffff, 0xffff, 0xffff, 0xf7df, 0xffff, 0x632c, 0x18e3, 0xd6bb, 0xf7be, 0x2124,
    0x0000, 0x0020, 0x0000, 0x0000, 0x0000, 0x0000, 0x0000, 0x0000, 0x0000, 0x0000, 0x0000, 0x0000,
    0x0000, 0x0000, 0x0000, 0x0000, 0x0000, 0x0000, 0x0000, 0x0000, 0x0000, 0x0000, 0x0000, 0x0000,
    0x0000, 0x0000, 0x0000, 0x0000, 0x0000, 0x0000, 0x0000, 0x0020, 0x0000, 0x18e3, 0xef5d, 0xffdf,
    0xf7be, 0xffff, 0x52aa, 0x0000, 0x0020, 0x0000, 0x0000, 0x0000, 0x0000, 0x0000, 0x0000, 0x0020,
    0x0000, 0x4a69, 0xf79e, 0xffff, 0xf7be, 0xffff, 0xffff, 0xffff, 0xffff, 0xffff, 0xffff, 0xffff,
    0xffff, 0xffff, 0xffff, 0xffff, 0xffff, 0xffff, 0xffff, 0xffff, 0xffff, 0xffff, 0xffff, 0xffff,
    0xffff, 0xffff, 0xffff, 0xffff, 0xffdf, 0xffff, 0xf7be, 0x4208, 0xffff, 0x5acb, 0xc639, 0xffff,
    0xffdf, 0xff9e, 0xffff, 0xf4b2, 0xe0a0, 0xf554, 0xffff, 0xffbe, 0xffff, 0xffdf, 0xffff, 0xffdf,
    0xffbe, 0xffff, 0xf617, 0xea68, 0xf595, 0xffff, 0xffbe, 0xffdf, 0xffdf, 0xffff, 0xffdf, 0xffbe,
    0xffff, 0xf679, 0xe143, 0xebce, 0xffff, 0xffff, 0xffff, 0xffff, 0xffff, 0xffff, 0xffff, 0xffdf,
    0xf7be, 0xffff, 0x5acb, 0x2945, 0xef5d, 0xffff, 0x4228, 0x0000, 0x0841, 0x0000, 0x0000, 0x0000,
    0x0000, 0x0000, 0x0000, 0x0000, 0x0000, 0x0000, 0x0000, 0x0000, 0x0000, 0x0000, 0x0000, 0x0000,
    0x0000, 0x0000, 0x0000, 0x0000, 0x0000, 0x0000, 0x0000, 0x0000, 0x0000, 0x0000, 0x0000, 0x0000,
    0x0000, 0x0000, 0x0000, 0x0000, 0x0841, 0x0000, 0x8410, 0xffff, 0xef7d, 0xf7be, 0xf7be, 0x4228,
    0x0000, 0x0020, 0x0000, 0x0000, 0x0000, 0x0000, 0x0000, 0x0000, 0x0841, 0x0000, 0x39e7, 0xef5d,
    0xffff, 0xffdf, 0xffff, 0xffff, 0xffff, 0xffff, 0xffff, 0xffff, 0xffff, 0xffff, 0xffff, 0xffff,
    0xffff, 0xffff, 0xffff, 0xffff, 0xffff, 0xffff, 0xffff, 0xffff, 0xffff, 0xffff, 0xffff, 0xffff,
    0xffdf, 0xffff, 0xf7be, 0x4208, 0xffff, 0x5aeb, 0xce59, 0xffff, 0xffdf, 0xff9e, 0xffff, 0xebef,
    0xe080, 0xf5f6, 0xffff, 0xffff, 0xffff, 0xffff, 0xffff, 0xffff, 0xffff, 0xffff, 0xffff, 0xffff,
    0xffff, 0xffff, 0xffff, 0xffff, 0xffff, 0xffff, 0xffff, 0xffff, 0xffff, 0xff7d, 0xe164, 0xe2ca,
    0xffff, 0xffdf, 0xffdf, 0xffdf, 0xffff, 0xffff, 0xffdf, 0xffdf, 0xffff, 0x5aca, 0x2965, 0xf79e,
    0xffff, 0x9492, 0x0000, 0x0020, 0x0000, 0x0000, 0x0000, 0x0000, 0x0000, 0x0000, 0x0000, 0x0000,
    0x0000, 0x0000, 0x0000, 0x0000, 0x0000, 0x0000, 0x0000, 0x0000, 0x18e3, 0x0020, 0x0000, 0x0000,
    0x0000, 0x0000, 0x0000, 0x0000, 0x0000, 0x0000, 0x0000, 0x0000, 0x0000, 0x0000, 0x0000, 0x0020,
    0x0861, 0x0000, 0x2124, 0xf79e, 0xffdf, 0xf7be, 0xffff, 0xef5d, 0x2945, 0x0000, 0x0020, 0x0000,
    0x0000, 0x0000, 0x0000, 0x0000, 0x0000, 0x0841, 0x0000, 0x39e7, 0xf79e, 0xffdf, 0xffdf, 0xffff,
    0xffff, 0xffff, 0xffff, 0xffff, 0xffff, 0xffff, 0xffff, 0xffff, 0xffff, 0xffff, 0xffff, 0xffff,
    0xffff, 0xffff, 0xffff, 0xffff, 0xffff, 0xffff, 0xffff, 0xffff, 0xffdf, 0xffff, 0xf7be, 0x4208,
    0xffff, 0x5aeb, 0xce79, 0xffff, 0xffdf, 0xffbe, 0xffff, 0xf595, 0xe840, 0xe9c6, 0xf554, 0xf5b6,
    0xf5d6, 0xf5d6, 0xf5d6, 0xf5d6, 0xf5d6, 0xf5d6, 0xf5d6, 0xf5f7, 0xf617, 0xf638, 0xf638, 0xf638,
    0xf638, 0xf618, 0xf617, 0xf5d6, 0xf5d6, 0xeb0b, 0xd820, 0xec30, 0xffff, 0xffbe, 0xffff, 0xffff,
    0xffff, 0xffff, 0xf7be, 0xffff, 0x6b4d, 0x2945, 0xf79e, 0xffdf, 0xe71c, 0x18e3, 0x0841, 0x0841,
    0x0020, 0x0020, 0x0020, 0x0020, 0x0020, 0x2945, 0x0020, 0x0000, 0x0000, 0x0000, 0x0000, 0x0000,
    0x0000, 0x0000, 0x0020, 0x0000, 0x528a, 0x10a2, 0x0000, 0x0020, 0x0000, 0x0000, 0x0000, 0x0000,
    0x0000, 0x0000, 0x0000, 0x0000, 0x0000, 0x0000, 0x0000, 0x0000, 0x0000, 0x0000, 0x0020, 0xc618,
    0xffff, 0xffdf, 0xf7be, 0xffff, 0xce59, 0x0861, 0x0841, 0x0020, 0x0020, 0x0000, 0x0000, 0x0000,
    0x0000, 0x0000, 0x0020, 0x0000, 0x52aa, 0xffff, 0xffdf, 0xffdf, 0xffff, 0xffff, 0xffff, 0xffff,
    0xffff, 0xffff, 0xffff, 0xffff, 0xffff, 0xffff, 0xffff, 0xffff, 0xffff, 0xffff, 0xffff, 0xffff,
    0xffff, 0xffff, 0xffff, 0xffff, 0xffdf, 0xffff, 0xf7be, 0x4207, 0xffff, 0x630c, 0xce79, 0xffff,
    0xffdf, 0xffdf, 0xffdf, 0xffdf, 0xeb6d, 0xe040, 0xd820, 0xd840, 0xd840, 0xd860, 0xd860, 0xd860,
    0xd860, 0xd880, 0xe080, 0xe0a1, 0xe0a1, 0xe0a1, 0xd8c1, 0xd8a1, 0xe0a0, 0xe080, 0xd860, 0xd860,
    0xd840, 0xd860, 0xe2ca, 0xff5d, 0xffdf, 0xffdf, 0xffff, 0xffff, 0xffff, 0xffdf, 0xffff, 0x8c51,
    0x10a2, 0xef5d, 0xffff, 0xffff, 0x738e, 0x0000, 0x0000, 0x0020, 0x0020, 0x0020, 0x0020, 0x0000,
    0x4228, 0x31c7, 0x0000, 0x0000, 0x0000, 0x0000, 0x0000, 0x0000, 0x0000, 0x0000, 0x0020, 0x0000,
    0x7bef, 0x2965, 0x0000, 0x0020, 0x0000, 0x0000, 0x0000, 0x0000, 0x0000, 0x0000, 0x0000, 0x0000,
    0x0000, 0x0000, 0x0020, 0x6b4d, 0x8410, 0x2965, 0x0000, 0x9472, 0xffff, 0xf7be, 0xffdf, 0xf7bf,
    0xffff, 0x8c51, 0x0000, 0x0841, 0x0020, 0x0000, 0x0000, 0x0000, 0x0000, 0x0000, 0x0000, 0x0841,
    0x0000, 0x73af, 0xffff, 0xf7be, 0xffff, 0xffff, 0xffff, 0xffff, 0xffff, 0xffff, 0xffff, 0xffff,
    0xffff, 0xffff, 0xffff, 0xffff, 0xffff, 0xffff, 0xffff, 0xffff, 0xffff, 0xffff, 0xffff, 0xffff,
    0xffdf, 0xffff, 0xf7be, 0x3a07, 0xffff, 0x5aeb, 0xce79, 0xffff, 0xffdf, 0xffff, 0xffff, 0xffff,
    0xffff, 0xf638, 0xf4d2, 0xf4f3, 0xf513, 0xf513, 0xf513, 0xf513, 0xf513, 0xf4f3, 0xf4f2, 0xf4d2,
    0xf4d2, 0xf4d2, 0xf4d2, 0xecd2, 0xf4d2, 0xf4f2, 0xf4f2, 0xf4f3, 0xf4b2, 0xf5b6, 0xffff, 0xffff,
    0xffdf, 0xffdf, 0xffdf, 0xffff, 0xf7be, 0xffff, 0xad95, 0x0841, 0xce79, 0xffdf, 0xffdf, 0xdf1b,
    0x0020, 0x18c3, 0x4228, 0x0020, 0x0020, 0x0020, 0x0000, 0x18e3, 0x8410, 0x0020, 0x0020, 0x0000,
    0x0000, 0x0000, 0x0000, 0x0000, 0x0000, 0x0020, 0x0841, 0x0000, 0xa555, 0x39c7, 0x0000, 0x0820,
    0x0000, 0x0000, 0x0000, 0x0000, 0x0000, 0x0000, 0x0000, 0x0000, 0x0020, 0x0000, 0x39e7, 0xffff,
    0xffff, 0xf7be, 0x6b8e, 0x6b2d, 0xffff, 0xf7be, 0xffff, 0xffff, 0xf7be, 0xffdf, 0x39e7, 0x0000,
    0x0841, 0x0000, 0x0000, 0x0000, 0x0000, 0x0000, 0x0000, 0x0000, 0x0020, 0x0000, 0xad55, 0xffff,
    0xf7be, 0xffff, 0xffff, 0xffff, 0xffff, 0xffff, 0xffff, 0xffff, 0xffff, 0xffff, 0xffff, 0xffff,
    0xffff, 0xffff, 0xffff, 0xffff, 0xffff, 0xffff, 0xffff, 0xffff, 0xffdf, 0xffff, 0xf7be, 0x39e7,
    0xffff, 0x5acb, 0xce59, 0xffff, 0xffdf, 0xffff, 0xffff, 0xffff, 0xffff, 0xffff, 0xffff, 0xffff,
    0xffff, 0xffff, 0xffff, 0xffff, 0xffff, 0xffff, 0xffff, 0xffff, 0xffff, 0xffff, 0xffff, 0xffff,
    0xffff, 0xffff, 0xffff, 0xffff, 0xffff, 0xffff, 0xffff, 0xffff, 0xffff, 0xffdf, 0xffdf, 0xf7be,
    0xffff, 0xd6ba, 0x0862, 0xb576, 0xffff, 0xef7d, 0xffff, 0x73ae, 0x632c, 0xef7d, 0x8410, 0x0000,
    0x0841, 0x0841, 0x0000, 0x8c71, 0x4208, 0x0000, 0x0861, 0x0020, 0x0020, 0x0020, 0x0020, 0x0020,
    0x0020, 0x0820, 0x0020, 0x0841, 0xce59, 0x31a6, 0x0000, 0x0020, 0x0000, 0x0000, 0x0000, 0x0000,
    0x0000, 0x0000, 0x634c, 0x6b6d, 0x0000, 0x0000, 0x5acb, 0xffff, 0xf79e, 0xffff, 0xffff, 0xce79,
    0xffff, 0xffff, 0xffff, 0xffff, 0xf7be, 0xffff, 0xce79, 0x0841, 0x0000, 0x0000, 0x0000, 0x0000,
    0x0000, 0x0000, 0x0000, 0x0000, 0x0020, 0x0020, 0x10a2, 0xd6ba, 0xffdf, 0xffdf, 0xffff, 0xffff,
    0xffff, 0xffff, 0xffff, 0xffff, 0xffff, 0xffff, 0xffff, 0xffff, 0xffff, 0xffff, 0xffff, 0xffff,
    0xffff, 0xffff, 0xffff, 0xffff, 0xffdf, 0xffff, 0xf7be, 0x39e7, 0xffff, 0x5acb, 0xce39, 0xffff,
    0xffdf, 0xffff, 0xffff, 0xffff, 0xffff, 0xffff, 0xffdf, 0xffdf, 0xffdf, 0xffdf, 0xffdf, 0xffdf,
    0xffdf, 0xffdf, 0xffdf, 0xffdf, 0xffdf, 0xffdf, 0xffdf, 0xffdf, 0xffdf, 0xffdf, 0xffff, 0xffff,
    0xffdf, 0xffdf, 0xffff, 0xffff, 0xffff, 0xffdf, 0xffdf, 0xf7be, 0xf79e, 0x2104, 0x8430, 0xffff,
    0xf79e, 0xffff, 0xffdf, 0xc5f8, 0xffff, 0xc639, 0x18e3, 0x0020, 0x0020, 0x0000, 0x3186, 0xb5b6,
    0x0000, 0x5aeb, 0x73ae, 0x0000, 0x0841, 0x0020, 0x0020, 0x0000, 0x0000, 0x0040, 0x0000, 0x18c3,
    0xef5d, 0x2945, 0x0000, 0x0841, 0x0000, 0x0000, 0x0000, 0x0841, 0x3a08, 0x0861, 0xe71c, 0xffff,
    0x9cf3, 0x0000, 0x52aa, 0xffff, 0xffdf, 0xffdf, 0xffff, 0xffff, 0xffff, 0xffff, 0xffff, 0xffdf,
    0xffdf, 0xf7be, 0xffff, 0x73ae, 0x0000, 0x0841, 0x0000, 0x0000, 0x0000, 0x0000, 0x0000, 0x0000,
    0x0000, 0x0020, 0x0000, 0x4208, 0xffdf, 0xffdf, 0xffdf, 0xffff, 0xffff, 0xffff, 0xffff, 0xffff,
    0xffff, 0xffff, 0xffff, 0xffff, 0xffff, 0xffff, 0xffff, 0xffff, 0xffff, 0xffff, 0xffff, 0xffff,
    0xffdf, 0xffff, 0xf7be, 0x4208, 0xffff, 0x5aeb, 0xce59, 0xffff, 0xffdf, 0xffff, 0xffff, 0xffff,
    0xffff, 0xffff, 0xffff, 0xffff, 0xffff, 0xffff, 0xffff, 0xffff, 0xffff, 0xffff, 0xffff, 0xffff,
    0xffff, 0xffff, 0xffff, 0xffff, 0xffff, 0xffff, 0xffff, 0xffff, 0xffff, 0xffff, 0xffff, 0xffff,
    0xffff, 0xffdf, 0xffdf, 0xffff, 0x528a, 0x52aa, 0xffff, 0xf7be, 0xffff, 0xffff, 0xffdf, 0xffff,
    0xef5d, 0x39a7, 0x2924, 0x0020, 0x0020, 0x0000, 0x9cf3, 0x6b6d, 0x0000, 0xdebb, 0x632c, 0x39c7,
    0x18c3, 0x0000, 0x0000, 0x0000, 0x0000, 0x0020, 0x0000, 0x4a49, 0xf79e, 0x18c3, 0x0000, 0x0841,
    0x0000, 0x0020, 0x0020, 0x0000, 0x5aeb, 0x18e3, 0x83f0, 0xffff, 0xffff, 0x52aa, 0x2104, 0xffff,
    0xffdf, 0xffdf, 0xffdf, 0xffdf, 0xffff, 0xffdf, 0xffdf, 0xffdf, 0xffdf, 0xf7be, 0xffdf, 0xe73c,
    0x18e3, 0x0020, 0x0020, 0x0000, 0x0000, 0x0000, 0x0000, 0x0000, 0x0000, 0x0000, 0x0841, 0x0000,
    0x8c92, 0xffff, 0xf7be, 0xffff, 0xffff, 0xffff, 0xffff, 0xffff, 0xffff, 0xffff, 0xffff, 0xffff,
    0xffff, 0xffff, 0xffff, 0xffff, 0xffff, 0xffff, 0xffff, 0xffff, 0xffdf, 0xffff, 0xf7be, 0x4208,
    0xffff, 0x5aeb, 0xce79, 0xffff, 0xffdf, 0xffff, 0xffff, 0xffff, 0xffff, 0xffff, 0xffff, 0xffff,
    0xffff, 0xffff, 0xffff, 0xffff, 0xffff, 0xffff, 0xffff, 0xffff, 0xffff, 0xffff, 0xffff, 0xffff,
    0xffff, 0xffff, 0xffff, 0xffff, 0xffff, 0xffff, 0xffff, 0xffff, 0xffff, 0xf7be, 0xffff, 0x8c71,
    0x3186, 0xffdf, 0xf7be, 0xffff, 0xdefb, 0xe73c, 0xffdf, 0xffff, 0x5aec, 0x0000, 0x0000, 0x0841,
    0x0000, 0x18c3, 0xd69a, 0x1082, 0x2965, 0xe73c, 0x18e3, 0x4228, 0x0841, 0x0020, 0x0020, 0x0000,
    0x0000, 0x0020, 0x0000, 0x8c51, 0xef7d, 0x0841, 0x0000, 0x0020, 0x0000, 0x0000, 0x0020, 0x0000,
    0x0000, 0x0020, 0x0841, 0xad75, 0xffff, 0xd6ba, 0x0000, 0xb596, 0xffff, 0xf79e, 0xffdf, 0xffdf,
    0xffdf, 0xffdf, 0xffff, 0xffff, 0xffff, 0xffdf, 0xf7be, 0xffff, 0x8c51, 0x0000, 0x0841, 0x0020,
    0x0000, 0x0000, 0x0000, 0x0000, 0x0000, 0x0000, 0x0020, 0x0000, 0x1082, 0xdedb, 0xffff, 0xffdf,
    0xffff, 0xffff, 0xffff, 0xffff, 0xffff, 0xffff, 0xffff, 0xffff, 0xffff, 0xffff, 0xffff, 0xffff,
    0xffff, 0xffff, 0xffff, 0xffff, 0xffdf, 0xffff, 0xf7be, 0x4208, 0xffff, 0x5aeb, 0xce79, 0xffff,
    0xffdf, 0xffff, 0xffff, 0xffff, 0xffff, 0xffff, 0xffff, 0xffff, 0xffff, 0xffff, 0xffff, 0xffff,
    0xffff, 0xffff, 0xffff, 0xffff, 0xffff, 0xffff, 0xffff, 0xffff, 0xffff, 0xffff, 0xffff, 0xffff,
    0xffff, 0xffff, 0xffff, 0xffff, 0xf7de, 0xffff, 0xc638, 0x1082, 0xd6ba, 0xffdf, 0xffff, 0xd6ba,
    0x630c, 0xef7d, 0xffff, 0x9492, 0x0000, 0x0840, 0x0000, 0x0020, 0x0000, 0x632d, 0xad75, 0x0000,
    0x630c, 0x7bef, 0x0000, 0x0000, 0x0000, 0x0020, 0x0020, 0x0020, 0x0020, 0x0840, 0x0000, 0x8430,
    0xdefb, 0x0000, 0x0020, 0x0020, 0x0000, 0x0000, 0x0000, 0x0000, 0x0000, 0x0000, 0x0020, 0x0020,
    0x8c51, 0xef7d, 0x2985, 0x2104, 0xf79e, 0xffdf, 0xf7be, 0xffff, 0xef7d, 0x9cf3, 0xffff, 0xffff,
    0xffff, 0xffff, 0xffdf, 0xffff, 0xef7d, 0x2104, 0x0000, 0x0020, 0x0000, 0x0000, 0x0000, 0x0000,
    0x0000, 0x0000, 0x0000, 0x0020, 0x0000, 0x5acb, 0xffff, 0xf7be, 0xffdf, 0xffff, 0xffff, 0xffff,
    0xffff, 0xffff, 0xffff, 0xffff, 0xffff, 0xffff, 0xffff, 0xffff, 0xffff, 0xffff, 0xffff, 0xffff,
    0xffdf, 0xffff, 0xf7be, 0x4208, 0xffff, 0x5aeb, 0xce79, 0xffff, 0xffdf, 0xffff, 0xffff, 0xffff,
    0xffff, 0xffff, 0xffff, 0xffff, 0xffff, 0xffff, 0xffff, 0xffff, 0xffff, 0xffff, 0xffff, 0xffff,
    0xffff, 0xffff, 0xffff, 0xffff, 0xffff, 0xffff, 0xffff, 0xffff, 0xffff, 0xffff, 0xffff, 0xffdf,
    0xf7be, 0xef9d, 0x18e3, 0x9492, 0xffff, 0xf79e, 0xef7d, 0x2124, 0x8410, 0xffff, 0xbdd7, 0x0841,
    0x0020, 0x0020, 0x0000, 0x0020, 0x0000, 0x9cf4, 0x630c, 0x0000, 0x2945, 0x10a2, 0x0000, 0x0000,
    0x0000, 0x0000, 0x0000, 0x0020, 0x0820, 0x0840, 0x0000, 0x9cf3, 0xbdd7, 0x0000, 0x0040, 0x0000,
    0x0000, 0x0000, 0x0000, 0x0000, 0x0000, 0x0000, 0x0000, 0x0000, 0x0000, 0x18e3, 0x4208, 0x0000,
    0x5acb, 0xffff, 0xffff, 0xffdf, 0xffff, 0x4208, 0xc638, 0xffff, 0xc658, 0xc618, 0xffff, 0xef7d,
    0xffff, 0x8410, 0x0000, 0x0841, 0x0000, 0x0000, 0x0000, 0x0000, 0x0000, 0x0000, 0x0000, 0x0020,
    0x0841, 0x0020, 0xc618, 0xffff, 0xffdf, 0xffff, 0xffff, 0xffff, 0xffff, 0xffff, 0xffff, 0xffff,
    0xffff, 0xffff, 0xffff, 0xffff, 0xffff, 0xffff, 0xffff, 0xffff, 0xffdf, 0xffff, 0xf7be, 0x4208,
    0xffff, 0x62ec, 0xce79, 0xffff, 0xffdf, 0xffff, 0xffff, 0xffff, 0xffff, 0xffff, 0xffff, 0xffff,
    0xffff, 0xffff, 0xffff, 0xffff, 0xffff, 0xffff, 0xffff, 0xffff, 0xffff, 0xffff, 0xffff, 0xffff,
    0xffff, 0xffff, 0xffff, 0xffff, 0xffff, 0xffff, 0xffff, 0xffdf, 0xffff, 0x5acb, 0x4228, 0xffff,
    0xf7be, 0xffdf, 0x4a69, 0x0000, 0xce79, 0xe73c, 0x18c3, 0x0000, 0x0841, 0x0020, 0x0020, 0x0000,
    0x0020, 0xb5b6, 0x2104, 0x0000, 0x0000, 0x0000, 0x0000, 0x0000, 0x0000, 0x0000, 0x0000, 0x0000,
    0x0000, 0x0020, 0x0000, 0xad75, 0x8410, 0x0000, 0x0020, 0x0000, 0x0000, 0x0000, 0x0000, 0x0000,
    0x0000, 0x0000, 0x0000, 0x0020, 0x0841, 0x0000, 0x738e, 0x39e7, 0x0000, 0x52aa, 0xe71c, 0xffff,
    0xdedb, 0x0841, 0x5aeb, 0xffff, 0xef5d, 0x3186, 0xb596, 0xffff, 0xf7be, 0xdf1c, 0x10a2, 0x0000,
    0x0000, 0x0000, 0x0000, 0x0000, 0x0000, 0x0000, 0x0000, 0x0000, 0x0020, 0x0000, 0x4a69, 0xffff,
    0xffdf, 0xffdf, 0xffff, 0xffff, 0xffff, 0xffff, 0xffff, 0xffff, 0xffff, 0xffff, 0xffff, 0xffff,
    0xffff, 0xffff, 0xffff, 0xffff, 0xffdf, 0xffff, 0xf7be, 0x4208, 0xffff, 0x630c, 0xce79, 0xffff,
    0xffdf, 0xffff, 0xffff, 0xffff, 0xffff, 0xffff, 0xffff, 0xffff, 0xffff, 0xffff, 0xffff, 0xffff,
    0xffff, 0xffff, 0xffff, 0xffff, 0xffff, 0xffff, 0xffff, 0xffff, 0xffff, 0xffff, 0xffff, 0xffff,
    0xffff, 0xffff, 0xf7be, 0xffff, 0xad75, 0x10a2, 0xe73c, 0xf79e, 0xffff, 0x8410, 0x0000, 0x18c3,
    0xdf1c, 0x4208, 0x0000, 0x0020, 0x0000, 0x0000, 0x0020, 0x0000, 0x2124, 0x9cf3, 0x0000, 0x0020,
    0x0000, 0x0000, 0x0000, 0x0000, 0x0000, 0x0000, 0x0000, 0x0000, 0x0000, 0x0000, 0x0000, 0xad55,
    0x4a69, 0x0000, 0x0000, 0x0000, 0x0000, 0x0000, 0x0000, 0x0000, 0x0000, 0x0000, 0x0000, 0x0020,
    0x0840, 0x0000, 0x39e7, 0x7bcf, 0x0000, 0x0000, 0x18c3, 0x5acb, 0x2104, 0x0020, 0x0861, 0xd69a,
    0xffff, 0x5aca, 0x0020, 0xbdd7, 0xffff, 0xffff, 0x6b4d, 0x0000, 0x0841, 0x0000, 0x0000, 0x0000,
    0x0000, 0x0000, 0x0000, 0x0000, 0x0000, 0x0020, 0x0020, 0xce59, 0xffff, 0xf7be, 0xffff, 0xffff,
    0xffff, 0xffff, 0xffff, 0xffff, 0xffff, 0xffff, 0xffff, 0xffff, 0xffff, 0xffff, 0xffff, 0xffff,
    0xffdf, 0xffff, 0xf7be, 0x3a07, 0xffff, 0x630c, 0xce79, 0xffff, 0xffdf, 0xffff, 0xffff, 0xffff,
    0xffff, 0xffff, 0xffff, 0xffff, 0xffff, 0xffff, 0xffff, 0xffff, 0xffff, 0xffff, 0xffff, 0xffff,
    0xffff, 0xffff, 0xffff, 0xffff, 0xffff, 0xffff, 0xffff, 0xffff, 0xffff, 0xffdf, 0xffdf, 0xef7d,
    0x1904, 0xb596, 0xffff, 0xffdf, 0xce59, 0x0841, 0x0000, 0x39e7, 0x6b4d, 0x0000, 0x0020, 0x0000,
    0x0000, 0x0000, 0x0020, 0x0000, 0x3a08, 0x8430, 0x0000, 0x0841, 0x0000, 0x0000, 0x0000, 0x0000,
    0x0000, 0x0000, 0x0000, 0x0000, 0x0000, 0x0000, 0x0020, 0x8c51, 0x8430, 0x18e3, 0x0000, 0x0020,
    0x0000, 0x0000, 0x0000, 0x0000, 0x0000, 0x0000, 0x0000, 0x0020, 0x0020, 0x0020, 0x0020, 0x8430,
    0x1082, 0x0020, 0x0000, 0x0000, 0x0000, 0x0841, 0x0000, 0x6b6d, 0xffff, 0x9cd3, 0x0000, 0x0861,
    0xbdf7, 0xffff, 0xbdd7, 0x0020, 0x0841, 0x0020, 0x0000, 0x0000, 0x0000, 0x0000, 0x0000, 0x0000,
    0x0000, 0x0841, 0x0000, 0x632c, 0xffff, 0xf7be, 0xffff, 0xffff, 0xffff, 0xffff, 0xffff, 0xffff,
    0xffff, 0xffff, 0xffff, 0xffff, 0xffff, 0xffff, 0xffff, 0xffff, 0xffdf, 0xffff, 0xf7be, 0x39e7,
    0xffff, 0x630c, 0xce79, 0xffff, 0xffdf, 0xffff, 0xffff, 0xffff, 0xffff, 0xffff, 0xffff, 0xffff,
    0xffff, 0xffff, 0xffff, 0xffff, 0xffff, 0xffff, 0xffff, 0xffff, 0xffff, 0xffff, 0xffff, 0xffff,
    0xffff, 0xffff, 0xffff, 0xffff, 0xffdf, 0xf7be, 0xffff, 0x5aeb, 0x632c, 0xffff, 0xd6ba, 0xffff,
    0x39e8, 0x0000, 0x0020, 0x18a2, 0x0841, 0x0020, 0x0000, 0x0000, 0x0000, 0x0000, 0x0020, 0x0000,
    0x4a69, 0x5aeb, 0x0000, 0x0020, 0x0000, 0x0000, 0x0000, 0x0000, 0x0000, 0x0000, 0x0000, 0x0000,
    0x0000, 0x0000, 0x18e3, 0x632c, 0xce59, 0x5aca, 0x0000, 0x0841, 0x0000, 0x0000, 0x0000, 0x0000,
    0x0000, 0x0000, 0x0000, 0x0000, 0x0000, 0x0020, 0x0000, 0x5aeb, 0x4208, 0x0000, 0x0020, 0x0020,
    0x0000, 0x0020, 0x0000, 0x10a2, 0xef7d, 0xd69a, 0x0020, 0x0020, 0x10a2, 0xce79, 0xffdf, 0x2945,
    0x0000, 0x0040, 0x0000, 0x0000, 0x0000, 0x0000, 0x0000, 0x0000, 0x0000, 0x0020, 0x0000, 0x10a2,
    0xe71c, 0xffff, 0xffdf, 0xffff, 0xffff, 0xffff, 0xffff, 0xffff, 0xffff, 0xffff, 0xffff, 0xffff,
    0xffff, 0xffff, 0xffff, 0xffff, 0xffdf, 0xffff, 0xf7be, 0x4208, 0xffff, 0x630c, 0xce79, 0xffff,
    0xffdf, 0xffff, 0xffff, 0xffff, 0xffff, 0xffff, 0xffff, 0xffff, 0xffff, 0xffff, 0xffff, 0xffff,
    0xffff, 0xffff, 0xffff, 0xffff, 0xffff, 0xffff, 0xffff, 0xffff, 0xffff, 0xffff, 0xffff, 0xffff,
    0xffdf, 0xffff, 0xbdf7, 0x2925, 0xf7be, 0x8410, 0xef5d, 0xa534, 0x0000, 0x0841, 0x0000, 0x0000,
    0x0000, 0x0000, 0x0020, 0x0020, 0x0020, 0x0020, 0x0840, 0x0000, 0x528a, 0x39c7, 0x0000, 0x0020,
    0x0000, 0x0000, 0x0000, 0x0000, 0x0000, 0x0000, 0x0000, 0x0000, 0x0000, 0x0000, 0x2124, 0x528a,
    0xffff, 0xad55, 0x0000, 0x0841, 0x0020, 0x0020, 0x0000, 0x0000, 0x0000, 0x0000, 0x0000, 0x0000,
    0x0000, 0x0020, 0x0000, 0x2124, 0x632c, 0x0000, 0x0020, 0x0000, 0x0000, 0x0000, 0x0020, 0x0000,
    0x94b2, 0xffff, 0x2965, 0x0020, 0x0020, 0x2104, 0xf79e, 0x7bcf, 0x0000, 0x0841, 0x0020, 0x0000,
    0x0000, 0x0000, 0x0000, 0x0000, 0x0000, 0x0000, 0x0020, 0x0000, 0x9492, 0xffff, 0xf7be, 0xffff,
    0xffff, 0xffff, 0xffff, 0xffff, 0xffff, 0xffff, 0xffff, 0xffff, 0xffff, 0xffff, 0xffff, 0xffff,
    0xffdf, 0xffff, 0xf7be, 0x4208, 0xffff, 0x630c, 0xce79, 0xffff, 0xffdf, 0xffff, 0xffff, 0xffff,
    0xffff, 0xffff, 0xffff, 0xffff, 0xffff, 0xffff, 0xffff, 0xffff, 0xffff, 0xffff, 0xffff, 0xffff,
    0xffff, 0xffff, 0xffff, 0xffff, 0xffff, 0xffff, 0xffff, 0xffff, 0xffff, 0xffff, 0x39e7, 0xbdd7,
    0x8c72, 0x7bcf, 0xffff, 0x2945, 0x0000, 0x0841, 0x0000, 0x0000, 0x0000, 0x0000, 0x0000, 0x0000,
    0x0000, 0x0020, 0x0020, 0x0020, 0x4a69, 0x1903, 0x0000, 0x0000, 0x0000, 0x0000, 0x0000, 0x0000,
    0x0000, 0x0000, 0x0000, 0x0000, 0x0000, 0x0000, 0x0841, 0x8410, 0xffff, 0xf79e, 0x2104, 0x0000,
    0x0020, 0x0000, 0x0000, 0x0000, 0x0000, 0x0000, 0x0000, 0x0000, 0x0000, 0x0000, 0x0000, 0x0000,
    0x6b6d, 0x0861, 0x0000, 0x0000, 0x0000, 0x0000, 0x0841, 0x0000, 0x31a6, 0xffff, 0x634c, 0x0000,
    0x1082, 0x0000, 0x52ab, 0xbdf7, 0x0000, 0x0020, 0x0000, 0x0000, 0x0000, 0x0000, 0x0000, 0x0000,
    0x0000, 0x0000, 0x0020, 0x0000, 0x4208, 0xffdf, 0xf7be, 0xffdf, 0xffff, 0xffff, 0xffff, 0xffff,
    0xffff, 0xffff, 0xffff, 0xffff, 0xffff, 0xffff, 0xffff, 0xffff, 0xffdf, 0xffff, 0xf7be, 0x4208,
    0xffff, 0x630c, 0xce79, 0xffff, 0xffdf, 0xffff, 0xffff, 0xffff, 0xffff, 0xffff, 0xffff, 0xffff,
    0xffff, 0xffff, 0xffff, 0xffff, 0xffff, 0xffff, 0xffff, 0xffff, 0xffff, 0xffff, 0xffff, 0xffff,
    0xffff, 0xffff, 0xffff, 0xf7be, 0xffff, 0x9cf3, 0x5aeb, 0xb596, 0x0000, 0xe73c, 0xad55, 0x0000,
    0x0000, 0x0000, 0x0000, 0x0000, 0x0000, 0x0000, 0x0000, 0x0000, 0x0000, 0x0000, 0x0000, 0x8410,
    0x4a69, 0x0020, 0x0000, 0x0000, 0x0000, 0x0000, 0x0000, 0x0000, 0x0000, 0x0000, 0x0000, 0x0000,
    0x0000, 0x0000, 0x0020, 0xd69a, 0xffff, 0xffff, 0x8451, 0x0000, 0x0841, 0x0000, 0x0000, 0x0000,
    0x0000, 0x0000, 0x0000, 0x0000, 0x0000, 0x0000, 0x0000, 0x0000, 0x528a, 0x31a6, 0x0000, 0x0020,
    0x0000, 0x0000, 0x0020, 0x0020, 0x0020, 0xdedb, 0xb5b6, 0x0000, 0x0841, 0x0841, 0x0000, 0x8c51,
    0x3186, 0x0000, 0x0020, 0x0000, 0x0000, 0x0000, 0x0000, 0x0000, 0x0000, 0x0000, 0x0020, 0x0021,
    0x0861, 0xd6ba, 0xffff, 0xf7be, 0xffff, 0xffff, 0xffff, 0xffff, 0xffff, 0xffff, 0xffff, 0xffff,
    0xffff, 0xffff, 0xffff, 0xffff, 0xffdf, 0xffff, 0xf7be, 0x4208, 0xffff, 0x630c, 0xce59, 0xffff,
    0xffdf, 0xffff, 0xffff, 0xffff, 0xffff, 0xffff, 0xffff, 0xffff, 0xffff, 0xffff, 0xffff, 0xffff,
    0xffff, 0xffff, 0xffff, 0xffff, 0xffff, 0xffff, 0xffff, 0xffff, 0xffff, 0xffff, 0xffff, 0xffdf,
    0xef7d, 0x4208, 0xa514, 0x2965, 0x39e7, 0xffff, 0x39c7, 0x0000, 0x0020, 0x0000, 0x0000, 0x1082,
    0x0000, 0x0000, 0x0000, 0x0000, 0x0841, 0x0000, 0x4208, 0xf7be, 0x2965, 0x0000, 0x0020, 0x0000,
    0x0000, 0x0000, 0x0000, 0x0000, 0x0000, 0x0000, 0x0000, 0x0000, 0x0841, 0x0000, 0x39e7, 0xffff,
    0xf7be, 0xf7be, 0xef5d, 0x18e3, 0x0020, 0x0020, 0x0000, 0x0000, 0x0000, 0x0000, 0x0000, 0x0000,
    0x0000, 0x0000, 0x0000, 0x0000, 0x2945, 0x52aa, 0x0000, 0x0840, 0x0020, 0x0020, 0x0020, 0x0841,
    0x0000, 0x8410, 0xef7d, 0x0861, 0x0000, 0x0020, 0x0000, 0x2104, 0x4a49, 0x0000, 0x0020, 0x0000,
    0x0000, 0x0000, 0x0000, 0x0000, 0x0000, 0x0000, 0x0020, 0x0841, 0x0000, 0x9cb3, 0xffff, 0xf7bf,
    0xffff, 0xffff, 0xffff, 0xffff, 0xffff, 0xffff, 0xffff, 0xffff, 0xffff, 0xffff, 0xffff, 0xffff,
    0xffdf, 0xffff, 0xf7de, 0x4208, 0xffff, 0x630c, 0xce59, 0xffff, 0xffdf, 0xffff, 0xffff, 0xffff,
    0xffff, 0xffff, 0xffff, 0xffff, 0xffff, 0xffff, 0xffff, 0xffff, 0xffff, 0xffff, 0xffff, 0xffff,
    0xffff, 0xffff, 0xffff, 0xffff, 0xffff, 0xffff, 0xf7be, 0xffff, 0x8c71, 0x5aeb, 0x8410, 0x630c,
    0x8c51, 0xce59, 0x0000, 0x0841, 0x0841, 0x0000, 0x1082, 0x2124, 0x0000, 0x0000, 0x0000, 0x0000,
    0x0020, 0x0020, 0xc638, 0xffff, 0x31a6, 0x0000, 0x0841, 0x0020, 0x0020, 0x0000, 0x0000, 0x0000,
    0x0000, 0x0020, 0x0020, 0x0020, 0x0861, 0x0000, 0x8c51, 0xffff, 0xf79e, 0xf7be, 0xffff, 0x9492,
    0x0000, 0x0020, 0x0000, 0x0000, 0x0000, 0x0000, 0x0000, 0x0000, 0x0000, 0x0000, 0x0000, 0x0000,
    0x0841, 0x5acb, 0x0020, 0x0020, 0x0020, 0x0020, 0x0020, 0x0020, 0x0000, 0x2945, 0xffdf, 0x4228,
    0x0000, 0x0020, 0x0000, 0x0000, 0x0861, 0x0000, 0x0000, 0x0000, 0x0000, 0x0000, 0x0000, 0x0000,
    0x0841, 0x0000, 0x0000, 0x0841, 0x0000, 0x5acb, 0xffff, 0xffdf, 0xffff, 0xffff, 0xffff, 0xffff,
    0xffff, 0xffff, 0xffff, 0xffff, 0xffff, 0xffff, 0xffff, 0xffff, 0xffdf, 0xffff, 0xf7be, 0x4208,
    0xffff, 0x5aeb, 0xce79, 0xffff, 0xffdf, 0xffff, 0xffff, 0xffff, 0xffff, 0xffff, 0xffff, 0xffff,
    0xffff, 0xffff, 0xffff, 0xffff, 0xffff, 0xffff, 0xffff, 0xffff, 0xffff, 0xffff, 0xffff, 0xffff,
    0xffff, 0xffdf, 0xffdf, 0xef5d, 0x4a8a, 0x52aa, 0xc638, 0x4a69, 0xce59, 0x632c, 0x0000, 0x0841,
    0x0820, 0x0000, 0x2124, 0x2124, 0x0000, 0x0000, 0x0000, 0x0841, 0x0000, 0x5aeb, 0xffff, 0xffff,
    0x528a, 0x0000, 0x0841, 0x0000, 0x0000, 0x0000, 0x0000, 0x0000, 0x0020, 0x0020, 0x0020, 0x0840,
    0x0020, 0x0861, 0xdefc, 0xffff, 0xf7be, 0xffdf, 0xffbe, 0xf7bf, 0x31a6, 0x0000, 0x0841, 0x0000,
    0x18e3, 0x1082, 0x0000, 0x0000, 0x0000, 0x0000, 0x0000, 0x0000, 0x0000, 0x39c7, 0x1082, 0x0000,
    0x0000, 0x0000, 0x0000, 0x0000, 0x0841, 0x0000, 0xce59, 0x9492, 0x0000, 0x0841, 0x0020, 0x0000,
    0x0000, 0x0000, 0x0000, 0x0000, 0x0000, 0x0000, 0x0000, 0x0000, 0x0861, 0x2104, 0x0000, 0x0020,
    0x0000, 0x2124, 0xf7be, 0xffff, 0xffdf, 0xffff, 0xffff, 0xffff, 0xffff, 0xffff, 0xffff, 0xffff,
    0xffff, 0xffff, 0xffff, 0xffff, 0xffdf, 0xffff, 0xf7be, 0x4208, 0xffff, 0x630c, 0xce79, 0xffff,
    0xffdf, 0xffff, 0xffff, 0xffff, 0xffff, 0xffff, 0xffff, 0xffff, 0xffff, 0xffff, 0xffff, 0xffff,
    0xffff, 0xffff, 0xffff, 0xffff, 0xffff, 0xffff, 0xffff, 0xffff, 0xffff, 0xffdf, 0xffff, 0x9cf3,
    0x10a2, 0x9cd3, 0xe73c, 0x4228, 0xd69a, 0x1082, 0x0020, 0x0040, 0x0840, 0x0000, 0x4228, 0x18e3,
    0x0000, 0x0000, 0x0020, 0x0020, 0x1062, 0xd6ba, 0xef7d, 0xffff, 0x6b4d, 0x0000, 0x0841, 0x0000,
    0x0000, 0x0000, 0x0000, 0x0000, 0x0000, 0x0020, 0x0020, 0x0841, 0x0000, 0x4a6a, 0xef5d, 0xd6ba,
    0xffff, 0xffff, 0xf7df, 0xffff, 0xc618, 0x0000, 0x0841, 0x0000, 0x2124, 0x6b4d, 0x0000, 0x0000,
    0x0000, 0x0000, 0x0000, 0x0000, 0x0000, 0x10a2, 0x1082, 0x0000, 0x0000, 0x0000, 0x0000, 0x0000,
    0x0861, 0x0000, 0x73ae, 0xdedb, 0x0020, 0x0841, 0x0020, 0x0000, 0x0000, 0x0000, 0x0000, 0x0000,
    0x0000, 0x0000, 0x0000, 0x0000, 0x0000, 0x3185, 0x10a2, 0x0000, 0x0000, 0x0820, 0xd69a, 0xffff,
    0xf7be, 0xffff, 0xffff, 0xffff, 0xffff, 0xffff, 0xffff, 0xffff, 0xffff, 0xffff, 0xffff, 0xffff,
    0xffdf, 0xffff, 0xf7be, 0x4208, 0xffff, 0x5aec, 0xce79, 0xffff, 0xffdf, 0xffff, 0xffff, 0xffff,
    0xffff, 0xffff, 0xffff, 0xffff, 0xffff, 0xffff, 0xffff, 0xffff, 0xffff, 0xffff, 0xffff, 0xffff,
    0xffff, 0xffff, 0xffff, 0xffff, 0xffff, 0xffff, 0xffdf, 0x2945, 0x2945, 0xffff, 0x9cf3, 0x6b6d,
    0x9cd3, 0x0000, 0x0841, 0x0020, 0x0000, 0x0000, 0x5acb, 0x1082, 0x0000, 0x0000, 0x0020, 0x0000,
    0x736e, 0xffff, 0xe73c, 0xffff, 0x9492, 0x0000, 0x0020, 0x0000, 0x0000, 0x0000, 0x0000, 0x0000,
    0x0000, 0x0000, 0x0000, 0x0020, 0x0000, 0xa534, 0xce79, 0x31a6, 0x4228, 0x9cf3, 0xe73c, 0xffff,
    0xffff, 0x8430, 0x0000, 0x1082, 0x0000, 0x8c51, 0x4208, 0x0000, 0x0020, 0x0000, 0x0000, 0x0000,
    0x0000, 0x0000, 0x0000, 0x0000, 0x0000, 0x0000, 0x0000, 0x0000, 0x0020, 0x0000, 0x2965, 0xffdf,
    0x39c7, 0x0000, 0x0020, 0x0000, 0x0000, 0x0000, 0x0000, 0x0000, 0x0000, 0x0000, 0x0000, 0x0000,
    0x0000, 0x0861, 0x4a49, 0x0020, 0x0020, 0x0000, 0xa534, 0xffff, 0xf7be, 0xffff, 0xffff, 0xffff,
    0xffff, 0xffff, 0xffff, 0xffff, 0xffff, 0xffff, 0xffff, 0xffff, 0xffdf, 0xffff, 0xf7be, 0x4208,
    0xffff, 0x5aeb, 0xce79, 0xffff, 0xffdf, 0xffff, 0xffff, 0xffff, 0xffff, 0xffff, 0xffff, 0xffff,
    0xffff, 0xffff, 0xffff, 0xffff, 0xffff, 0xffff, 0xffff, 0xffff, 0xffff, 0xffff, 0xffff, 0xffff,
    0xf7be, 0xffff, 0xb5b6, 0x0000, 0xc638, 0xffff, 0x630c, 0x9492, 0x528a, 0x0000, 0x0841, 0x0000,
    0x0000, 0x0861, 0x6b8d, 0x0841, 0x0020, 0x0020, 0x0020, 0x0861, 0xdedb, 0xffff, 0xffff, 0xffff,
    0xb596, 0x0000, 0x0000, 0x0000, 0x0000, 0x0000, 0x0000, 0x0000, 0x0000, 0x0000, 0x0840, 0x0000,
    0x10a2, 0xe71c, 0xffff, 0xef5d, 0xa514, 0x5b0b, 0x528a, 0x6b6d, 0x7bcf, 0x630c, 0x0020, 0x0000,
    0x0000, 0x18c3, 0x31c6, 0x0000, 0x0020, 0x0020, 0x0000, 0x0000, 0x0000, 0x0000, 0x0000, 0x0000,
    0x0000, 0x0000, 0x0000, 0x0000, 0x0000, 0x0000, 0x0020, 0xe71c, 0x9cd3, 0x0000, 0x0020, 0x0000,
    0x0000, 0x0000, 0x0000, 0x0000, 0x0000, 0x0000, 0x0000, 0x0000, 0x0000, 0x0000, 0x31a6, 0x52aa,
    0x0000, 0x0000, 0x7bcf, 0xffff, 0xf79e, 0xffdf, 0xffff, 0xffff, 0xffff, 0xffff, 0xffff, 0xffff,
    0xffff, 0xffff, 0xffff, 0xffff, 0xffdf, 0xffff, 0xf7be, 0x4208, 0xffff, 0x5aeb, 0xce79, 0xffff,
    0xffdf, 0xffff, 0xffff, 0xffff, 0xffff, 0xffff, 0xffff, 0xffff, 0xffff, 0xffff, 0xffff, 0xffff,
    0xffff, 0xffff, 0xffff, 0xffff, 0xffff, 0xffff, 0xffff, 0xffff, 0xf79e, 0xffff, 0x4a49, 0x5acb,
    0xffff, 0xffdf, 0x4a69, 0xa534, 0x18c3, 0x0000, 0x0020, 0x0000, 0x0000, 0x18c3, 0x630c, 0x0000,
    0x0020, 0x0841, 0x0000, 0x73ae, 0xffff, 0xdefb, 0xad75, 0x630c, 0x31a6, 0x0861, 0x0000, 0x0000,
    0x0000, 0x0000, 0x0000, 0x0000, 0x0000, 0x0000, 0x0841, 0x0000, 0x6b4d, 0xffff, 0xf79e, 0xffff,
    0xffff, 0xffff, 0xf79e, 0xce79, 0xb5b6, 0xad75, 0xb596, 0x2924, 0x0000, 0x0000, 0x738e, 0x4208,
    0x0000, 0x0020, 0x0000, 0x0000, 0x0000, 0x0000, 0x0000, 0x0000, 0x0000, 0x0000, 0x0000, 0x0000,
    0x0000, 0x0020, 0x0000, 0xa514, 0xef7d, 0x1082, 0x0000, 0x0020, 0x0000, 0x0000, 0x0000, 0x0000,
    0x0000, 0x0000, 0x0000, 0x0000, 0x0000, 0x0000, 0x0000, 0x5acb, 0x18e3, 0x0000, 0x5acb, 0xffff,
    0xf79e, 0xffff, 0xffff, 0xffff, 0xffff, 0xffff, 0xffff, 0xffff, 0xffff, 0xffff, 0xffff, 0xffff,
    0xffdf, 0xffff, 0xf7be, 0x4208, 0xffff, 0x5aeb, 0xce79, 0xffff, 0xffdf, 0xffff, 0xffff, 0xffff,
    0xffff, 0xffff, 0xffff, 0xffff, 0xffff, 0xffff, 0xffff, 0xffff, 0xffff, 0xffff, 0xffff, 0xffff,
    0xffff, 0xffff, 0xffff, 0xffff, 0xffff, 0xe71c, 0x2124, 0xd6ba, 0xffff, 0xdedb, 0x4a69, 0x8c71,
    0x0000, 0x0000, 0x0000, 0x0020, 0x0000, 0x2124, 0x630c, 0x0000, 0x0020, 0x0020, 0x0000, 0x7bef,
    0x632c, 0x39e7, 0x4a49, 0x7bef, 0xe71c, 0x5acb, 0x0000, 0x0841, 0x0000, 0x0000, 0x0000, 0x0000,
    0x0000, 0x0000, 0x0000, 0x0000, 0xbdd7, 0xffff, 0xf7be, 0xffff, 0xffff, 0xffff, 0xffff, 0xffff,
    0xffff, 0xffff, 0xffff, 0xdedb, 0x2124, 0x0000, 0x52aa, 0xef7d, 0x18e3, 0x0000, 0x0841, 0x0000,
    0x0000, 0x0000, 0x0000, 0x0000, 0x0000, 0x0000, 0x0020, 0x0000, 0x0000, 0x0020, 0x0000, 0x6b4d,
    0xffff, 0x5b0b, 0x0000, 0x0841, 0x0000, 0x0000, 0x0000, 0x0000, 0x0000, 0x0000, 0x0000, 0x0000,
    0x0000, 0x0020, 0x0000, 0x2945, 0x4a69, 0x0000, 0x31a6, 0xf7be, 0xf7be, 0xffdf, 0xffff, 0xffff,
    0xffff, 0xffff, 0xffff, 0xffff, 0xffff, 0xffff, 0xffff, 0xffff, 0xffff, 0xffff, 0xf7be, 0x4208,
    0xffff, 0x5aeb, 0xce79, 0xffff, 0xffdf, 0xffff, 0xffff, 0xffff, 0xffff, 0xffff, 0xffff, 0xffff,
    0xffff, 0xffff, 0xffff, 0xffff, 0xffff, 0xffff, 0xffff, 0xffff, 0xffff, 0xffff, 0xffff, 0xffdf,
    0xffff, 0x94b2, 0x528a, 0xffff, 0xffff, 0xb5d6, 0x5aeb, 0x5aeb, 0x0000, 0x0000, 0x0000, 0x0020,
    0x0000, 0x3186, 0x6b4d, 0x0000, 0x0861, 0x0000, 0x31c6, 0x9cf3, 0xc638, 0xe73c, 0xffff, 0xffff,
    0xffff, 0xbdd7, 0x0000, 0x2124, 0x3186, 0x0000, 0x0020, 0x0000, 0x0000, 0x0020, 0x0000, 0x18e3,
    0xf77e, 0xffff, 0xffdf, 0xffff, 0xffff, 0xffff, 0xffff, 0xffdf, 0xffdf, 0xf7be, 0xf79e, 0xffff,
    0xd6ba, 0x2945, 0x0000, 0xbdf7, 0xce79, 0x0020, 0x0000, 0x0020, 0x0000, 0x0000, 0x0000, 0x0000,
    0x0000, 0x0000, 0x0000, 0x0000, 0x0000, 0x0020, 0x0000, 0x4208, 0xffff, 0xce59, 0x0020, 0x0020,
    0x0000, 0x0000, 0x0000, 0x0000, 0x0000, 0x0000, 0x0000, 0x0000, 0x0000, 0x0000, 0x0000, 0x0020,
    0x5aeb, 0x0020, 0x10a2, 0xef5d, 0xffff, 0xffff, 0xffff, 0xffff, 0xffff, 0xffff, 0xffff, 0xffff,
    0xffff, 0xffff, 0xffff, 0xffff, 0xffdf, 0xffff, 0xf7be, 0x4208, 0xffff, 0x5aeb, 0xce79, 0xffff,
    0xffdf, 0xffff, 0xffff, 0xffff, 0xffff, 0xffff, 0xffff, 0xffff, 0xffff, 0xffff, 0xffff, 0xffff,
    0xffff, 0xffff, 0xffff, 0xffff, 0xffff, 0xffff, 0xffdf, 0xf7de, 0xffff, 0x52aa, 0xa534, 0xffff,
    0xffff, 0x9cd3, 0x6b4d, 0x3186, 0x0000, 0x0000, 0x0000, 0x0020, 0x0000, 0x39e7, 0x6b6d, 0x0000,
    0x1082, 0x0000, 0xad75, 0xffff, 0xffff, 0xffff, 0xffff, 0xf7be, 0xffdf, 0xffdf, 0x2965, 0x0861,
    0x9492, 0x0020, 0x0020, 0x0020, 0x0020, 0x0841, 0x0000, 0x528a, 0xffff, 0xffdf, 0xffdf, 0xffdf,
    0xffff, 0xffff, 0xffdf, 0xffdf, 0xffff, 0xffff, 0xffff, 0xffdf, 0xffff, 0xe73c, 0x39e7, 0x10a2,
    0xffff, 0xad55, 0x0000, 0x0841, 0x0020, 0x0000, 0x0000, 0x0000, 0x0000, 0x0000, 0x0000, 0x0000,
    0x0000, 0x0020, 0x0000, 0x18e3, 0xb596, 0xffff, 0x528a, 0x0000, 0x0841, 0x0020, 0x0000, 0x0000,
    0x0000, 0x0000, 0x0000, 0x0000, 0x0000, 0x0000, 0x0000, 0x0000, 0x39e7, 0x3186, 0x0000, 0xdedb,
    0xffff, 0xffff, 0xffff, 0xffff, 0xffff, 0xffff, 0xffff, 0xffff, 0xffff, 0xffff, 0xffff, 0xffff,
    0xffdf, 0xffff, 0xf7be, 0x4208, 0xffff, 0x630c, 0xce79, 0xffff, 0xffdf, 0xffff, 0xffff, 0xffff,
    0xffff, 0xffff, 0xffff, 0xffff, 0xffff, 0xffff, 0xffff, 0xffff, 0xffff, 0xffff, 0xffff, 0xffff,
    0xffff, 0xffff, 0xffdf, 0xffdf, 0xf79e, 0x4228, 0xe6fc, 0xf79e, 0xffff, 0x9491, 0x632c, 0x10a2,
    0x0000, 0x0020, 0x0020, 0x0020, 0x0000, 0x39c7, 0x738e, 0x0000, 0x0841, 0x2945, 0xf77e, 0xf7be,
    0xf7be, 0xffdf, 0xffdf, 0xffdf, 0xf7be, 0xffff, 0xa534, 0x0000, 0xa534, 0x73ae, 0x0000, 0x0841,
    0x0020, 0x0841, 0x0000, 0x5aeb, 0xffff, 0xffff, 0xffff, 0xffff, 0xffff, 0xffdf, 0xffff, 0xffff,
    0xf7be, 0xef5c, 0xef5d, 0xf7be, 0xf7be, 0xffff, 0xf79e, 0x5acb, 0x52aa, 0xffff, 0x9492, 0x0000,
    0x0020, 0x0020, 0x0000, 0x0000, 0x0000, 0x0000, 0x0000, 0x0000, 0x0000, 0x0000, 0x0000, 0x1082,
    0x39e7, 0xf79e, 0xce79, 0x0841, 0x0841, 0x0820, 0x0000, 0x0000, 0x0000, 0x0000, 0x0000, 0x0000,
    0x0000, 0x0000, 0x0000, 0x0000, 0x0861, 0x5acb, 0x0000, 0xc618, 0xffff, 0xffdf, 0xffff, 0xffff,
    0xffff, 0xffff, 0xffff, 0xffff, 0xffff, 0xffff, 0xffff, 0xffff, 0xffdf, 0xffff, 0xf7be, 0x4208,
    0xffff, 0x630c, 0xce79, 0xffff, 0xffdf, 0xffff, 0xffff, 0xffff, 0xffff, 0xffff, 0xffff, 0xffff,
    0xffff, 0xffff, 0xffff, 0xffff, 0xffff, 0xffff, 0xffff, 0xffff, 0xffff, 0xffff, 0xf7be, 0xffff,
    0xce59, 0x4a69, 0xffff, 0xef7e, 0xffff, 0x73cf, 0x39c7, 0x0020, 0x0020, 0x0020, 0x0020, 0x0020,
    0x0000, 0x2965, 0x6b4d, 0x0000, 0x0000, 0x6b6e, 0xffff, 0xf7be, 0xf7be, 0xf7be, 0xf7be, 0xffff,
    0xffff, 0xf7be, 0xffff, 0x4a49, 0x4208, 0xffff, 0x4a49, 0x0000, 0x0841, 0x0020, 0x0000, 0x2965,
    0xffdf, 0xffff, 0xffdf, 0xffdf, 0xffdf, 0xffff, 0xc638, 0x8c71, 0xa514, 0xc618, 0xd6ba, 0xdefb,
    0xf7be, 0xffff, 0xffff, 0xffff, 0xa514, 0x8c71, 0xf7be, 0x9cd3, 0x0000, 0x0000, 0x0020, 0x0000,
    0x0000, 0x0000, 0x0000, 0x0000, 0x0000, 0x0020, 0x0020, 0x0861, 0x0000, 0x9492, 0xffff, 0x6b4d,
    0x0000, 0x0020, 0x0000, 0x0000, 0x0000, 0x0000, 0x0000, 0x0000, 0x0000, 0x0000, 0x0000, 0x0020,
    0x0000, 0x528a, 0x18c3, 0xa534, 0xffff, 0xffdf, 0xffff, 0xffff, 0xffff, 0xffff, 0xffff, 0xffff,
    0xffff, 0xffff, 0xffff, 0xffff, 0xffff, 0xffff, 0xf7be, 0x4208, 0xffff, 0x630c, 0xce79, 0xffff,
    0xffdf, 0xffff, 0xffff, 0xffff, 0xffff, 0xffff, 0xffff, 0xffff, 0xffff, 0xffff, 0xffff, 0xffff,
    0xffff, 0xffff, 0xffff, 0xffff, 0xffff, 0xffff, 0xf7be, 0xffff, 0xb575, 0x6b6d, 0xffff, 0xef7d,
    0xffdf, 0x5acb, 0x0882, 0x0020, 0x0020, 0x0000, 0x0000, 0x0000, 0x0000, 0x18e3, 0x6b6d, 0x0000,
    0x0000, 0xc618, 0xffff, 0xef7d, 0xffff, 0xffff, 0xffff, 0xce79, 0xc618, 0xf7df, 0xffff, 0xef7d,
    0x39e7, 0xc638, 0xffdf, 0x5acb, 0x0000, 0x0000, 0x0020, 0x0841, 0xd69a, 0xffff, 0xf7be, 0xffdf,
    0xffff, 0xce59, 0x8c71, 0xdedb, 0xce59, 0x8c51, 0x632c, 0x52aa, 0x630c, 0x7c10, 0xbdd7, 0xdefc,
    0xef9e, 0xe73d, 0xe71c, 0xffff, 0xb596, 0x10a2, 0x0000, 0x0840, 0x0020, 0x0020, 0x0000, 0x0000,
    0x0020, 0x0020, 0x0020, 0x0840, 0x0000, 0x2124, 0xf79e, 0xe73c, 0x18c3, 0x0000, 0x0020, 0x0000,
    0x0000, 0x0000, 0x0000, 0x0000, 0x0000, 0x0000, 0x0000, 0x0000, 0x0000, 0x3186, 0x3186, 0x9cd3,
    0xffff, 0xffdf, 0xffff, 0xffff, 0xffff, 0xffff, 0xffff, 0xffff, 0xffff, 0xffff, 0xffff, 0xffff,
    0xffff, 0xffff, 0xf7be, 0x4208, 0xffff, 0x630c, 0xce79, 0xffff, 0xffdf, 0xffff, 0xffff, 0xffff,
    0xffff, 0xffff, 0xffff, 0xffff, 0xffff, 0xffff, 0xffff, 0xffff, 0xffff, 0xffff, 0xffff, 0xffff,
    0xffff, 0xffff, 0xf7be, 0xffff, 0x9cf3, 0x7bcf, 0xffff, 0xf79e, 0xffdf, 0x39e7, 0x0000, 0x0020,
    0x0000, 0x0000, 0x0000, 0x0000, 0x0000, 0x1082, 0x8410, 0x0000, 0x2945, 0xf79e, 0xffff, 0xd69a,
    0x6b6d, 0x8410, 0x8c71, 0xc618, 0xbdd7, 0x94b2, 0xe71c, 0xffff, 0xdefc, 0x8c71, 0xf7be, 0xffff,
    0x8c71, 0x18c3, 0x0000, 0x0000, 0x7bcf, 0xffff, 0xf79e, 0xffff, 0xffff, 0xef7d, 0xf7be, 0x73ae,
    0x0020, 0x0000, 0x0000, 0x0000, 0x0000, 0x0000, 0x0000, 0x18c3, 0x52aa, 0xf7be, 0xffff, 0xf7be,
    0xffff, 0xd6ba, 0x39e7, 0x0000, 0x0840, 0x0020, 0x0000, 0x0000, 0x0000, 0x0000, 0x0000, 0x0000,
    0x0020, 0x0000, 0x8c51, 0xffff, 0x94b2, 0x0000, 0x0841, 0x0000, 0x0000, 0x0000, 0x0000, 0x0000,
    0x0000, 0x0000, 0x0000, 0x0000, 0x0000, 0x18e3, 0x4228, 0x8c71, 0xffff, 0xffdf, 0xffff, 0xffff,
    0xffff, 0xffff, 0xffff, 0xffff, 0xffff, 0xffff, 0xffff, 0xffff, 0xffff, 0xffff, 0xf7be, 0x4208,
    0xffff, 0x630c, 0xce79, 0xffff, 0xffdf, 0xffff, 0xffff, 0xffff, 0xffff, 0xffff, 0xffff, 0xffff,
    0xffff, 0xffff, 0xffff, 0xffff, 0xffff, 0xffff, 0xffff, 0xffff, 0xffff, 0xffff, 0xf7be, 0xffff,
    0x94b2, 0x8430, 0xffff, 0xf7be, 0xf79e, 0x2965, 0x0000, 0x0841, 0x0000, 0x0000, 0x0000, 0x0000,
    0x0000, 0x0000, 0x73ae, 0x0020, 0x528a, 0xffdf, 0xef5d, 0x5acb, 0x0000, 0x0000, 0x0000, 0x0841,
    0x6b4d, 0xc638, 0xce59, 0xffdf, 0xffff, 0xffdf, 0xf7be, 0xffdf, 0xffff, 0xe73c, 0x9492, 0x4a49,
    0x2124, 0xc618, 0xffff, 0xf7be, 0xffdf, 0xce79, 0x39c7, 0x0000, 0x0020, 0x0020, 0x0000, 0x0020,
    0x0000, 0x18c3, 0x0000, 0x0000, 0x0000, 0x2965, 0xc618, 0xf79e, 0xef5d, 0xffff, 0xffdf, 0x3185,
    0x0000, 0x0020, 0x0000, 0x0000, 0x0000, 0x0000, 0x0000, 0x0000, 0x0020, 0x0020, 0x18c3, 0xe71c,
    0xffdf, 0x4228, 0x0000, 0x0020, 0x0000, 0x0000, 0x0000, 0x0000, 0x0000, 0x0000, 0x0000, 0x0020,
    0x0020, 0x0841, 0x10a2, 0x7bef, 0xffff, 0xffdf, 0xffdf, 0xffff, 0xffff, 0xffff, 0xffff, 0xffff,
    0xffff, 0xffff, 0xffff, 0xffff, 0xffdf, 0xffff, 0xf7be, 0x4208, 0xffff, 0x630c, 0xce79, 0xffff,
    0xffdf, 0xffff, 0xffff, 0xffff, 0xffff, 0xffff, 0xffff, 0xffff, 0xffff, 0xffff, 0xffff, 0xffff,
    0xffff, 0xffff, 0xffff, 0xffff, 0xffff, 0xffff, 0xf7be, 0xffff, 0x9cf3, 0x7bcf, 0xffff, 0xffdf,
    0xef5d, 0x2124, 0x0000, 0x0020, 0x0000, 0x0000, 0x0000, 0x0000, 0x0000, 0x0000, 0x5aeb, 0x18c3,
    0x73ae, 0xbdd7, 0x2945, 0x0000, 0x0000, 0x0861, 0x31a6, 0x0841, 0x0000, 0x2945, 0xdefb, 0xffdf,
    0xffdf, 0xffff, 0xffff, 0xffff, 0xffff, 0xffff, 0xffff, 0xffff, 0xe71c, 0xdefb, 0xffdf, 0xf7be,
    0xf79e, 0xc618, 0x2104, 0x2986, 0x39e7, 0x0000, 0x0020, 0x0020, 0x0000, 0x4208, 0xb596, 0x4228,
    0x0000, 0x0000, 0x0020, 0x6b4d, 0xef7d, 0xffdf, 0xffff, 0x3a07, 0x0000, 0x0020, 0x0000, 0x0000,
    0x0000, 0x0000, 0x0000, 0x0000, 0x0000, 0x0841, 0x0000, 0x632c, 0xffff, 0xd6ba, 0x10a2, 0x0000,
    0x0841, 0x0000, 0x0000, 0x0000, 0x0000, 0x0000, 0x0000, 0x0020, 0x0020, 0x0841, 0x0000, 0x6b2d,
    0xffff, 0xffdf, 0xffdf, 0xffff, 0xffff, 0xffff, 0xffff, 0xffff, 0xffff, 0xffff, 0xffff, 0xffff,
    0xffdf, 0xffff, 0xf7be, 0x4208, 0xffff, 0x630c, 0xce79, 0xffff, 0xffdf, 0xffff, 0xffff, 0xffff,
    0xffff, 0xffff, 0xffff, 0xffff, 0xffff, 0xffff, 0xffff, 0xffff, 0xffff, 0xffff, 0xffff, 0xffff,
    0xffff, 0xffff, 0xf7be, 0xffff, 0xad75, 0x6b6d, 0xffff, 0xffdf, 0xe73c, 0x18e3, 0x0000, 0x0020,
    0x0000, 0x0000, 0x0000, 0x0000, 0x0000, 0x0000, 0x31a6, 0x3186, 0xad75, 0xc638, 0x0020, 0x0020,
    0x4229, 0xd6ba, 0x4a69, 0x0000, 0x1082, 0x0000, 0x4228, 0xffff, 0xffdf, 0xffdf, 0xffff, 0xffff,
    0xffff, 0xffff, 0xffdf, 0xffdf, 0xffff, 0xffff, 0xffdf, 0xf7be, 0xffff, 0xb595, 0x630c, 0xad75,
    0x7bcf, 0x8430, 0x0000, 0x0841, 0x0820, 0x0000, 0xb5b6, 0xffff, 0x9cf3, 0x10a2, 0x0000, 0x0861,
    0xb596, 0xffff, 0xffff, 0x39e7, 0x0000, 0x0020, 0x0000, 0x0000, 0x0000, 0x0000, 0x0000, 0x0000,
    0x0000, 0x0000, 0x0020, 0x0000, 0xb596, 0xffff, 0xad55, 0x0000, 0x0820, 0x0820, 0x0020, 0x0000,
    0x0000, 0x0000, 0x0000, 0x0000, 0x0020, 0x0020, 0x0000, 0x528a, 0xffff, 0xf7be, 0xffdf, 0xffff,
    0xffff, 0xffff, 0xffff, 0xffff, 0xffff, 0xffff, 0xffff, 0xffff, 0xffdf, 0xffff, 0xf7be, 0x4208,
    0xffff, 0x5aec, 0xce79, 0xffff, 0xffdf, 0xffff, 0xffff, 0xffff, 0xffff, 0xffff, 0xffff, 0xffff,
    0xffff, 0xffff, 0xffff, 0xffff, 0xffff, 0xffff, 0xffff, 0xffff, 0xffff, 0xffff, 0xffdf, 0xffff,
    0xd6ba, 0x528a, 0xffdf, 0xffff, 0xe71c, 0x18c3, 0x0000, 0x0020, 0x0000, 0x0000, 0x0000, 0x0000,
    0x0000, 0x0000, 0x0861, 0x2985, 0x9cd3, 0x4249, 0x0000, 0x3166, 0xffdf, 0xb5b6, 0x528a, 0x39c7,
    0x0000, 0x0020, 0x10a2, 0xdedb, 0xffff, 0xf7be, 0xffff, 0xffff, 0xffff, 0xffff, 0xffff, 0xffff,
    0xffdf, 0xffdf, 0xffdf, 0xffdf, 0xf7de, 0xc638, 0xffff, 0x632c, 0x8c51, 0x9cd3, 0x0000, 0x0841,
    0x0861, 0x0000, 0x52aa, 0xffff, 0xffff, 0xce39, 0x18c3, 0x0020, 0x0841, 0xad75, 0xffff, 0x39e7,
    0x0000, 0x0020, 0x0000, 0x0000, 0x0000, 0x0000, 0x0000, 0x0000, 0x0000, 0x0000, 0x0841, 0x0020,
    0x18e3, 0xdefb, 0xffff, 0x8c51, 0x0000, 0x0841, 0x0020, 0x0000, 0x0000, 0x0000, 0x0000, 0x0000,
    0x0000, 0x0000, 0x0000, 0x39c7, 0xffdf, 0xf7be, 0xffdf, 0xffff, 0xffff, 0xffff, 0xffff, 0xffff,
    0xffff, 0xffff, 0xffff, 0xffff, 0xffdf, 0xffff, 0xf7be, 0x4208, 0xffff, 0x5aeb, 0xce79, 0xffff,
    0xffdf, 0xffff, 0xffff, 0xffff, 0xffff, 0xffff, 0xffff, 0xffff, 0xffff, 0xffff, 0xffff, 0xffff,
    0xffff, 0xffff, 0xffff, 0xffff, 0xffff, 0xffff, 0xffdf, 0xffdf, 0xffdf, 0x4a69, 0xd69a, 0xffff,
    0xe71c, 0x18e3, 0x0000, 0x0020, 0x0000, 0x0000, 0x0020, 0x0020, 0x0020, 0x0020, 0x0020, 0x10a2,
    0x4a49, 0x1082, 0x0000, 0x9cf4, 0xffff, 0x630c, 0xbdf7, 0x73ae, 0x0000, 0x0000, 0x2104, 0xa534,
    0xffff, 0xf7be, 0xffdf, 0xffff, 0xffff, 0xffff, 0xffff, 0xffff, 0xffff, 0xffff, 0xffff, 0xffff,
    0xffdf, 0xffff, 0xffff, 0x4208, 0x0000, 0x0840, 0x0020, 0x0020, 0x0841, 0x0000, 0x3186, 0xf7be,
    0xef7d, 0xffff, 0xa535, 0x0020, 0x0000, 0x0861, 0xc618, 0x4228, 0x0000, 0x0020, 0x0000, 0x0000,
    0x0000, 0x0000, 0x0000, 0x0000, 0x0000, 0x0020, 0x0020, 0x0841, 0x0000, 0x4208, 0xf7be, 0xffff,
    0x7bcf, 0x0000, 0x0841, 0x0020, 0x0000, 0x0000, 0x0000, 0x0000, 0x0000, 0x0000, 0x0000, 0x2104,
    0xef5d, 0xffdf, 0xffbe, 0xffff, 0xffff, 0xffff, 0xffff, 0xffff, 0xffff, 0xffff, 0xffff, 0xffff,
    0xffdf, 0xffff, 0xffdf, 0x4208, 0xffff, 0x5aeb, 0xce79, 0xffff, 0xffdf, 0xffff, 0xffff, 0xffff,
    0xffff, 0xffff, 0xffff, 0xffff, 0xffff, 0xffff, 0xffff, 0xffff, 0xffff, 0xffff, 0xffff, 0xffff,
    0xffff, 0xffff, 0xffff, 0xffdf, 0xffff, 0x8430, 0x7bef, 0xffff, 0xef7d, 0x2945, 0x0000, 0x2124,
    0x10a2, 0x0000, 0x0000, 0x0020, 0x0020, 0x0020, 0x0841, 0x0000, 0x7bef, 0x8c71, 0x0000, 0xd6ba,
    0xffff, 0x528a, 0x0861, 0x0861, 0x0000, 0x0000, 0x10a2, 0xd69a, 0xffdf, 0xf7be, 0xffdf, 0xffdf,
    0xffff, 0xffff, 0xffff, 0xffff, 0xffff, 0xffff, 0xffff, 0xffff, 0xffdf, 0xf7be, 0xffdf, 0x3186,
    0x0000, 0x0820, 0x0000, 0x0000, 0x0841, 0x0000, 0x2124, 0xef7d, 0xffdf, 0xf7be, 0xf79e, 0x18c3,
    0x1082, 0xce59, 0xf7be, 0x39c6, 0x0000, 0x0020, 0x0000, 0x0000, 0x0000, 0x0000, 0x0000, 0x0000,
    0x0000, 0x0000, 0x0020, 0x0020, 0x0841, 0x0000, 0x5aeb, 0xffdf, 0xffff, 0x6b6d, 0x0000, 0x0020,
    0x0000, 0x0000, 0x0000, 0x0000, 0x0000, 0x0000, 0x0020, 0x1082, 0xdedb, 0xffdf, 0xf7be, 0xffff,
    0xffff, 0xffff, 0xffff, 0xffff, 0xffff, 0xffff, 0xffff, 0xffff, 0xffdf, 0xffff, 0xf7de, 0x4207,
    0xffff, 0x5aeb, 0xce79, 0xffff, 0xffdf, 0xffff, 0xffff, 0xffff, 0xffff, 0xffff, 0xffff, 0xffff,
    0xffff, 0xffff, 0xffff, 0xffff, 0xffff, 0xffff, 0xffff, 0xffff, 0xffff, 0xffff, 0xffff, 0xffdf,
    0xffdf, 0xef5d, 0x4a49, 0xe73c, 0xffff, 0x39e7, 0x0000, 0x4a69, 0x39c7, 0x0000, 0x0020, 0x0000,
    0x0000, 0x0000, 0x0841, 0x0000, 0x2966, 0xe73c, 0x2124, 0xce59, 0xffff, 0x4a69, 0x0000, 0x0000,
    0x0000, 0x0841, 0x0020, 0xce59, 0xffff, 0xf7be, 0xffff, 0xffff, 0xffff, 0xffff, 0xffff, 0xffff,
    0xffff, 0xffff, 0xffff, 0xffff, 0xffdf, 0xf7df, 0xf7be, 0x2965, 0x0000, 0x0020, 0x0000, 0x0000,
    0x0841, 0x0000, 0x3186, 0xf7be, 0xf7be, 0xffff, 0xe71c, 0x10a2, 0xb596, 0xffff, 0xf7be, 0x3186,
    0x0000, 0x0000, 0x0000, 0x0000, 0x0000, 0x0000, 0x0000, 0x0000, 0x0000, 0x0000, 0x0000, 0x0020,
    0x0020, 0x0841, 0x0000, 0x5acb, 0xf79e, 0xffff, 0x6b6d, 0x0000, 0x0020, 0x0000, 0x0000, 0x0000,
    0x0000, 0x0000, 0x0841, 0x0020, 0xc639, 0xffff, 0xf7be, 0xffff, 0xffff, 0xffff, 0xffff, 0xffff,
    0xffff, 0xffff, 0xffff, 0xffff, 0xffdf, 0xffff, 0xf7be, 0x4207, 0xffff, 0x5b0b, 0xce79, 0xffff,
    0xffdf, 0xffff, 0xffff, 0xffff, 0xffff, 0xffff, 0xffff, 0xffff, 0xffff, 0xffff, 0xffff, 0xffff,
    0xffff, 0xffff, 0xffff, 0xffff, 0xffff, 0xffff, 0xffff, 0xffff, 0xf7be, 0xffff, 0xbdd7, 0x632c,
    0xffff, 0x52aa, 0x0000, 0x630c, 0x5aeb, 0x0000, 0x0020, 0x0000, 0x0000, 0x0000, 0x0000, 0x0000,
    0x0000, 0xdefb, 0x94b2, 0xa534, 0xffff, 0x632c, 0x0000, 0x0020, 0x0020, 0x0841, 0x0020, 0xc618,
    0xffff, 0xf7be, 0xffff, 0xffff, 0xffff, 0xffff, 0xffff, 0xffff, 0xffff, 0xffff, 0xffff, 0xffff,
    0xffdf, 0xf7be, 0xffff, 0x39e7, 0x0000, 0x18c3, 0x0000, 0x0000, 0x18e3, 0x0000, 0x5acb, 0xffff,
    0xef7d, 0xffff, 0xad55, 0x8c51, 0xffff, 0xf7be, 0xf7be, 0x2945, 0x0000, 0x0000, 0x0000, 0x0000,
    0x0000, 0x0000, 0x0000, 0x0000, 0x0000, 0x0020, 0x0000, 0x0000, 0x0000, 0x0000, 0x0020, 0x0000,
    0x39e7, 0xe71c, 0xffff, 0x8410, 0x0000, 0x0000, 0x0020, 0x0000, 0x0000, 0x0000, 0x0841, 0x0000,
    0xad35, 0xffff, 0xf7be, 0xffff, 0xffff, 0xffff, 0xffff, 0xffff, 0xffff, 0xffff, 0xffff, 0xffff,
    0xffdf, 0xffff, 0xf7be, 0x39e7, 0xffff, 0x630c, 0xce79, 0xffff, 0xffdf, 0xffff, 0xffff, 0xffff,
    0xffff, 0xffff, 0xffff, 0xffff, 0xffff, 0xffff, 0xffff, 0xffff, 0xffff, 0xffff, 0xffff, 0xffff,
    0xffff, 0xffff, 0xffff, 0xffff, 0xffff, 0xffdf, 0xffff, 0xad55, 0x9cd3, 0x7bcf, 0x0000, 0x6b4d,
    0xa534, 0x0000, 0x0841, 0x0000, 0x0000, 0x0000, 0x0000, 0x0000, 0x0000, 0xad55, 0xf7be, 0xd69a,
    0xffff, 0x9492, 0x0000, 0x18c3, 0x0000, 0x1082, 0x0841, 0xce59, 0xffff, 0xf7be, 0xffff, 0xffff,
    0xffff, 0xffff, 0xffff, 0xffff, 0xffff, 0xffff, 0xffff, 0xffff, 0xffdf, 0xf7be, 0xffff, 0x738e,
    0x0000, 0x2965, 0x4208, 0x4228, 0x18e3, 0x0000, 0xad76, 0xffff, 0xf79e, 0xffdf, 0xdedb, 0xffdf,
    0xf7be, 0xffff, 0xe73c, 0x18c3, 0x0000, 0x0020, 0x0000, 0x0000, 0x0000, 0x0000, 0x0020, 0x0000,
    0x0000, 0x0000, 0x0000, 0x0000, 0x0000, 0x0000, 0x0000, 0x0841, 0x0000, 0x2104, 0xb5b6, 0xffff,
    0xb596, 0x10a2, 0x0000, 0x0020, 0x0020, 0x0000, 0x0020, 0x2124, 0x9492, 0xffff, 0xf7be, 0xffff,
    0xffff, 0xffff, 0xffff, 0xffff, 0xffff, 0xffff, 0xffff, 0xffff, 0xffff, 0xffff, 0xf7be, 0x39e7,
    0xffff, 0x630c, 0xce79, 0xffff, 0xffdf, 0xffff, 0xffff, 0xffff, 0xffff, 0xffff, 0xffff, 0xffff,
    0xffff, 0xffff, 0xffff, 0xffff, 0xffff, 0xffff, 0xffff, 0xffff, 0xffff, 0xffff, 0xffff, 0xffff,
    0xffff, 0xffdf, 0xffdf, 0xffff, 0xdefb, 0x8430, 0x0000, 0x630c, 0xf79e, 0x18e3, 0x0000, 0x0840,
    0x0020, 0x0020, 0x0020, 0x0840, 0x0000, 0x7bcf, 0xffff, 0xf79e, 0xffff, 0xd6ba, 0x0000, 0x18c3,
    0x528a, 0x39e7, 0x1082, 0xe71c, 0xffdf, 0xf7be, 0xffdf, 0xffdf, 0xffff, 0xffff, 0xffff, 0xffff,
    0xffff, 0xffff, 0xffff, 0xffff, 0xffff, 0xffdf, 0xffff, 0xdedb, 0x0020, 0x39e7, 0xd6db, 0xc638,
    0x0861, 0x39c7, 0xffdf, 0xffdf, 0xffdf, 0xffdf, 0xffff, 0xffff, 0xf7be, 0xffff, 0xd69a, 0x0020,
    0x0020, 0x0020, 0x0020, 0x0020, 0x0020, 0x0000, 0x0000, 0x0000, 0x0861, 0x52ab, 0x0861, 0x0000,
    0x0020, 0x0000, 0x0000, 0x0000, 0x0020, 0x0000, 0x0020, 0x6b4d, 0xf7be, 0xef7d, 0x52aa, 0x0000,
    0x0000, 0x0861, 0x0000, 0x528a, 0x8410, 0xffff, 0xffff, 0xffff, 0xffff, 0xffff, 0xffff, 0xffff,
    0xffff, 0xffff, 0xffff, 0xffff, 0xffdf, 0xffff, 0xf7be, 0x39e7, 0xffff, 0x630c, 0xce79, 0xffff,
    0xffdf, 0xffff, 0xffff, 0xffff, 0xffff, 0xffff, 0xffff, 0xffff, 0xffff, 0xffff, 0xffff, 0xffff,
    0xffff, 0xffff, 0xffff, 0xffff, 0xffff, 0xffff, 0xffff, 0xffff, 0xffff, 0xffff, 0xffff, 0xf7be,
    0xffff, 0xef5d, 0x0841, 0x4a49, 0xffff, 0x7bef, 0x0000, 0x0841, 0x0020, 0x0020, 0x0820, 0x0841,
    0x0000, 0x4a49, 0xffff, 0xf79e, 0xf7be, 0xffff, 0x4a49, 0x0861, 0xef7d, 0x94b2, 0x526a, 0xffff,
    0xf7be, 0xffdf, 0xffdf, 0xffdf, 0xffff, 0xffff, 0xffff, 0xffff, 0xffff, 0xffff, 0xffff, 0xffff,
    0xffff, 0xffff, 0xf7be, 0xffff, 0x738e, 0x1082, 0xbdd7, 0x7bef, 0x39e7, 0xdefb, 0xffff, 0xffdf,
    0xffff, 0xffff, 0xffff, 0xffff, 0xf7be, 0xffff, 0xad55, 0x0000, 0x0841, 0x0000, 0x0000, 0x0000,
    0x0000, 0x0020, 0x0020, 0x0020, 0xad55, 0xffff, 0xce79, 0x2965, 0x0000, 0x0020, 0x0000, 0x0000,
    0x0000, 0x0000, 0x0020, 0x0000, 0x18e3, 0xa514, 0xffff, 0xb596, 0x2124, 0x0000, 0x0000, 0x62eb,
    0x7bef, 0xe71c, 0xffff, 0xffff, 0xffff, 0xffff, 0xffff, 0xffff, 0xffff, 0xffff, 0xffff, 0xffff,
    0xffdf, 0xffff, 0xf7be, 0x39e7, 0xffff, 0x630c, 0xce79, 0xffff, 0xffdf, 0xffff, 0xffff, 0xffff,
    0xffff, 0xffff, 0xffff, 0xffff, 0xffff, 0xffff, 0xffff, 0xffff, 0xffff, 0xffff, 0xffff, 0xffff,
    0xffff, 0xffff, 0xffff, 0xffff, 0xffff, 0xffff, 0xffff, 0xffff, 0xffdf, 0xffff, 0x4a49, 0x18e3,
    0xffdf, 0xdefb, 0x1082, 0x0020, 0x0841, 0x0000, 0x0000, 0x0841, 0x0000, 0x2124, 0xef7d, 0xf7be,
    0xf79e, 0xffff, 0xe71c, 0x2124, 0x632c, 0x5acb, 0xce59, 0xffff, 0xffdf, 0xffff, 0xffff, 0xffff,
    0xffff, 0xffff, 0xffff, 0xffff, 0xffff, 0xffff, 0xffff, 0xffff, 0xffff, 0xffff, 0xffdf, 0xffff,
    0xdedb, 0x7bcf, 0x528a, 0x4249, 0x9472, 0xef7d, 0xffff, 0xffff, 0xffff, 0xffff, 0xffff, 0xffff,
    0xf79e, 0xffff, 0x7bef, 0x0000, 0x0861, 0x0000, 0x0000, 0x0000, 0x0000, 0x0020, 0x0020, 0x0841,
    0xef5d, 0xc638, 0x632c, 0x7bcf, 0x5aeb, 0x0000, 0x0000, 0x0020, 0x0020, 0x0020, 0x0020, 0x0841,
    0x0000, 0x0000, 0x31a6, 0xb5b6, 0xe71c, 0x8c51, 0x10a2, 0x4228, 0x9cd3, 0xbdd7, 0xffff, 0xf79e,
    0xf7be, 0xffdf, 0xffdf, 0xffff, 0xffff, 0xffff, 0xffff, 0xffff, 0xffdf, 0xffff, 0xf7be, 0x4208,
    0xffff, 0x630c, 0xce79, 0xffff, 0xffdf, 0xffff, 0xffff, 0xffff, 0xffff, 0xffff, 0xffff, 0xffff,
    0xffff, 0xffff, 0xffff, 0xffff, 0xffff, 0xffff, 0xffff, 0xffff, 0xffff, 0xffff, 0xffff, 0xffff,
    0xffff, 0xffff, 0xffff, 0xffff, 0xffdf, 0xffff, 0xb5b6, 0x0000, 0xd6ba, 0xef7d, 0x18e3, 0x0000,
    0x0020, 0x0000, 0x0000, 0x0020, 0x0020, 0x0841, 0xd69a, 0xffff, 0xffde, 0xffff, 0xffff, 0xa514,
    0x73ce, 0xd6ba, 0xffff, 0xffff, 0xffff, 0xffff, 0xffff, 0xffff, 0xffff, 0xffff, 0xffff, 0xffff,
    0xffff, 0xffff, 0xffff, 0xffff, 0xffff, 0xffff, 0xffff, 0xffff, 0xffff, 0xffff, 0xffff, 0xffff,
    0xffdf, 0xffdf, 0xffff, 0xffff, 0xffff, 0xffff, 0xffff, 0xffff, 0xf7be, 0xffff, 0x4a69, 0x0000,
    0x0841, 0x0000, 0x0000, 0x0000, 0x0000, 0x0000, 0x0000, 0x2945, 0x7bcf, 0x0000, 0x7bcf, 0x73ae,
    0xdefb, 0xb595, 0x0861, 0x0020, 0x0040, 0x0020, 0x0020, 0x0000, 0x0000, 0x0020, 0x0000, 0x0000,
    0x2945, 0x8c51, 0xad54, 0x8410, 0x738e, 0x8c51, 0xffff, 0xffff, 0xffff, 0xffff, 0xffff, 0xffdf,
    0xffff, 0xffff, 0xffff, 0xffff, 0xffdf, 0xffff, 0xffdf, 0x4208, 0xffff, 0x5aeb, 0xce59, 0xffff,
    0xffdf, 0xffff, 0xffff, 0xffff, 0xffff, 0xffff, 0xffff, 0xffff, 0xffff, 0xffff, 0xffff, 0xffff,
    0xffff, 0xffff, 0xffff, 0xffff, 0xffff, 0xffff, 0xffff, 0xffff, 0xffff, 0xffff, 0xffff, 0xffff,
    0xffdf, 0xf7be, 0xffff, 0x4228, 0x73ae, 0xdedb, 0x18c3, 0x5acb, 0x0000, 0x0000, 0x0000, 0x0020,
    0x0841, 0x0000, 0xc618, 0xffff, 0xffdf, 0xffff, 0xffff, 0xffff, 0xffff, 0xffff, 0xffff, 0xdefb,
    0xe71c, 0xffff, 0xffff, 0xffff, 0xffff, 0xffff, 0xffff, 0xffff, 0xffff, 0xffff, 0xffff, 0xffff,
    0xffff, 0xffff, 0xffff, 0xffff, 0xffff, 0xffff, 0xffff, 0xffff, 0xffff, 0xffdf, 0xffdf, 0xf7be,
    0xf7be, 0xffbf, 0xffdf, 0xffdf, 0xffff, 0xef7d, 0x18e3, 0x0000, 0x0020, 0x0000, 0x0000, 0x0000,
    0x0000, 0x0020, 0x0020, 0x1082, 0x7baf, 0xc618, 0xe71c, 0xb596, 0xa514, 0xffff, 0x2945, 0x0000,
    0x0841, 0x0000, 0x0000, 0x0000, 0x0000, 0x0000, 0x0000, 0x0000, 0x0000, 0x0000, 0x0841, 0x39e7,
    0x4a69, 0x10a2, 0x39c7, 0x7bef, 0xad55, 0xc638, 0xe73c, 0xffff, 0xffff, 0xffff, 0xffff, 0xffff,
    0xffdf, 0xffff, 0xf7be, 0x4207, 0xffff, 0x5aeb, 0xce59, 0xffff, 0xffdf, 0xffff, 0xffff, 0xffff,
    0xffff, 0xffff, 0xffff, 0xffff, 0xffff, 0xffff, 0xffff, 0xffff, 0xffff, 0xffff, 0xffff, 0xffff,
    0xffff, 0xffff, 0xffff, 0xffff, 0xffff, 0xffff, 0xffff, 0xffff, 0xffdf, 0xffdf, 0xffff, 0xe71c,
    0x528a, 0x7bef, 0x0841, 0x528a, 0x6b4d, 0x0000, 0x0000, 0x0841, 0x0841, 0x0000, 0xad75, 0xffff,
    0xffdf, 0xffff, 0xffff, 0xffdf, 0xffdf, 0xf7be, 0xffff, 0x73ae, 0xd6ba, 0xffff, 0xffdf, 0xffff,
    0xffff, 0xffff, 0xffff, 0xffff, 0xffff, 0xffff, 0xffff, 0xffff, 0xffff, 0xffff, 0xffff, 0xffff,
    0xffff, 0xffff, 0xffff, 0xffff, 0xffff, 0xffdf, 0xffff, 0xb596, 0xef5d, 0xffff, 0xffdf, 0xffdf,
    0xffff, 0xb5d6, 0x0000, 0x0000, 0x0000, 0x0000, 0x0000, 0x0020, 0x0020, 0x0841, 0x0020, 0x1082,
    0xef5d, 0xffff, 0xffff, 0xce59, 0x9cf3, 0xffff, 0x39c7, 0x0000, 0x0020, 0x0000, 0x0000, 0x0000,
    0x0000, 0x0000, 0x0000, 0x0000, 0x0000, 0x0020, 0x0000, 0x0000, 0x0020, 0x0020, 0x10c2, 0x2945,
    0x4a8a, 0x9cd3, 0xe71c, 0xffff, 0xffff, 0xffff, 0xffff, 0xffff, 0xffdf, 0xffff, 0xf7be, 0x39e7,
    0xffff, 0x62eb, 0xce79, 0xffff, 0xffdf, 0xffff, 0xffff, 0xffff, 0xffff, 0xffff, 0xffff, 0xffff,
    0xffff, 0xffff, 0xffff, 0xffff, 0xffff, 0xffff, 0xffff, 0xffff, 0xffff, 0xffff, 0xffff, 0xffff,
    0xffff, 0xffff, 0xffff, 0xffdf, 0xffdf, 0xffdf, 0xffdf, 0xffff, 0xe73c, 0x39c7, 0x2125, 0x31a6,
    0x4228, 0x8410, 0x0861, 0x0000, 0x0861, 0x0000, 0x8430, 0xffff, 0xf7be, 0xffdf, 0xffdf, 0xffff,
    0xffff, 0xffff, 0xffff, 0xdedb, 0xf7be, 0xffff, 0xffff, 0xffff, 0xffff, 0xffff, 0xffff, 0xffff,
    0xffff, 0xffff, 0xffff, 0xffff, 0xffff, 0xffff, 0xffff, 0xffff, 0xffff, 0xffff, 0xffff, 0xffff,
    0xffdf, 0xffff, 0xf7be, 0x7baf, 0xffdf, 0xffff, 0xffdf, 0xf7be, 0xffff, 0x6b4d, 0x0000, 0x0020,
    0x0000, 0x0000, 0x0000, 0x0020, 0x0020, 0x0020, 0x0020, 0x5acb, 0x7bef, 0xffff, 0xffff, 0xef7d,
    0xe71c, 0xffff, 0x4228, 0x0000, 0x0841, 0x0000, 0x0000, 0x0000, 0x0000, 0x0000, 0x0000, 0x0000,
    0x0000, 0x0000, 0x0841, 0x0000, 0x9492, 0x7bcf, 0xce79, 0xffff, 0xffff, 0xffff, 0xffff, 0xffff,
    0xffff, 0xffff, 0xffff, 0xffff, 0xffff, 0xffff, 0xf7df, 0x4208, 0xffff, 0x62ec, 0xce79, 0xffff,
    0xffdf, 0xffff, 0xffff, 0xffff, 0xffff, 0xffff, 0xffff, 0xffff, 0xffff, 0xffff, 0xffff, 0xffff,
    0xffff, 0xffff, 0xffff, 0xffff, 0xffff, 0xffff, 0xffff, 0xffff, 0xffff, 0xffff, 0xffff, 0xffff,
    0xffff, 0xffff, 0xffdf, 0xffdf, 0xffff, 0x4228, 0x6b6e, 0x52aa, 0x0000, 0x39e7, 0x8c51, 0x39c7,
    0x0000, 0x0000, 0x7bef, 0xffff, 0xf7df, 0xffff, 0xffff, 0xffff, 0xffff, 0xffff, 0xffff, 0xffff,
    0xffff, 0xffff, 0xffff, 0xffff, 0xffff, 0xffff, 0xffff, 0xffff, 0xffff, 0xffff, 0xffff, 0xffff,
    0xffff, 0xffff, 0xffff, 0xffff, 0xffff, 0xffff, 0xffff, 0xffff, 0xffdf, 0xffff, 0xd69a, 0x83f0,
    0xffff, 0xa534, 0xf79e, 0xf7be, 0xef3d, 0x18e3, 0x0000, 0x0020, 0x0000, 0x0000, 0x0000, 0x0020,
    0x0020, 0x0000, 0x0841, 0xdefb, 0x7bcf, 0xe71c, 0xffff, 0xffdf, 0xffdf, 0xf7de, 0x39c7, 0x0000,
    0x0841, 0x0020, 0x0000, 0x0000, 0x0000, 0x0000, 0x0000, 0x0000, 0x0000, 0x0000, 0x0841, 0x0000,
    0x73ae, 0xad55, 0xb5b6, 0xffff, 0xffdf, 0xffdf, 0xffff, 0xffff, 0xffff, 0xffff, 0xffff, 0xffff,
    0xffdf, 0xffff, 0xffdf, 0x4208, 0xffff, 0x630c, 0xce79, 0xffff, 0xffdf, 0xffff, 0xffff, 0xffff,
    0xffff, 0xffff, 0xffff, 0xffff, 0xffff, 0xffff, 0xffff, 0xffff, 0xffff, 0xffff, 0xffff, 0xffff,
    0xffff, 0xffff, 0xffff, 0xffff, 0xffff, 0xffff, 0xffff, 0xffff, 0xffff, 0xffff, 0xffdf, 0xffff,
    0xef5d, 0x18e3, 0xc638, 0x39e7, 0x0000, 0x0000, 0x10a2, 0x738e, 0x6b4d, 0x18c3, 0x4a49, 0xffdf,
    0xffff, 0xffdf, 0xffff, 0xffff, 0xffff, 0xffff, 0xffff, 0xffff, 0xffff, 0xffff, 0xffff, 0xffff,
    0xffff, 0xffff, 0xffff, 0xffff, 0xffff, 0xffff, 0xffff, 0xffff, 0xffff, 0xffff, 0xffff, 0xffff,
    0xffff, 0xffff, 0xffff, 0xffff, 0xffdf, 0xffff, 0xce59, 0x630c, 0xef7d, 0x630c, 0xef7d, 0xffff,
    0x9cd3, 0x0000, 0x0841, 0x0000, 0x0000, 0x0000, 0x0000, 0x0000, 0x0020, 0x0000, 0x2945, 0xffff,
    0x9cb3, 0xe71c, 0xffff, 0xf7be, 0xffdf, 0xe71c, 0x10a2, 0x0020, 0x0020, 0x0000, 0x0000, 0x0000,
    0x0000, 0x0000, 0x0000, 0x0000, 0x0000, 0x0000, 0x0020, 0x0000, 0x2965, 0xc618, 0xad55, 0xffff,
    0xffdf, 0xffff, 0xffff, 0xffff, 0xffff, 0xffff, 0xffff, 0xffff, 0xffdf, 0xffff, 0xf7be, 0x4207,
    0xffff, 0x630c, 0xce79, 0xffff, 0xffdf, 0xffff, 0xffff, 0xffff, 0xffff, 0xffff, 0xffff, 0xffff,
    0xffff, 0xffff, 0xffff, 0xffff, 0xffff, 0xffff, 0xffff, 0xffff, 0xffff, 0xffff, 0xffff, 0xffff,
    0xffff, 0xffff, 0xffff, 0xffff, 0xffff, 0xffff, 0xf7be, 0xffff, 0xad55, 0x39e7, 0xffdf, 0x2945,
    0x0000, 0x0841, 0x0000, 0x0000, 0x2104, 0x2104, 0x0841, 0x630c, 0xdefb, 0xffff, 0xffff, 0xffff,
    0xffff, 0xffff, 0xffff, 0xffff, 0xffff, 0xffff, 0xffff, 0xffff, 0xffff, 0xffff, 0xffff, 0xffff,
    0xffff, 0xffff, 0xffff, 0xffff, 0xffff, 0xffff, 0xffff, 0xffff, 0xffff, 0xffff, 0xffff, 0xffff,
    0xffdf, 0xffdf, 0xffdf, 0x5aeb, 0x18e3, 0x8c51, 0xffff, 0xffdf, 0x3186, 0x0000, 0x0000, 0x0000,
    0x0000, 0x0000, 0x0000, 0x0000, 0x0841, 0x0000, 0x632d, 0xffff, 0xdedb, 0xef5d, 0xef7d, 0xf7be,
    0xffff, 0x8c51, 0x0000, 0x0020, 0x0000, 0x0000, 0x0000, 0x0000, 0x0000, 0x0000, 0x0000, 0x0000,
    0x0000, 0x0000, 0x0000, 0x0000, 0x0020, 0xb5b6, 0xbdf7, 0xffff, 0xffff, 0xffff, 0xffff, 0xffff,
    0xffff, 0xffff, 0xffff, 0xffff, 0xffdf, 0xffff, 0xf7be, 0x3a07, 0xffff, 0x630c, 0xce79, 0xffff,
    0xffdf, 0xffff, 0xffff, 0xffff, 0xffff, 0xffff, 0xffff, 0xffff, 0xffff, 0xffff, 0xffff, 0xffff,
    0xffff, 0xffff, 0xffff, 0xffff, 0xffff, 0xffff, 0xffff, 0xffff, 0xffff, 0xffff, 0xffff, 0xffff,
    0xffff, 0xffff, 0xf7be, 0xffff, 0x5acb, 0x8c51, 0xef5d, 0x0841, 0x0000, 0x0000, 0x0000, 0x0000,
    0x0000, 0x0000, 0x632c, 0xdefb, 0xe73c, 0xffff, 0xffff, 0xffff, 0xffff, 0xffff, 0xffff, 0xffff,
    0xffff, 0xffff, 0xffff, 0xffff, 0xffff, 0xffff, 0xffff, 0xffff, 0xffff, 0xffff, 0xffff, 0xffff,
    0xffff, 0xffff, 0xffff, 0xffff, 0xffff, 0xffff, 0xffff, 0xffff, 0xffdf, 0xffdf, 0xffff, 0xffdf,
    0xce79, 0xf7be, 0xffff, 0x94b2, 0x0000, 0x0000, 0x3186, 0x0020, 0x0000, 0x0000, 0x0000, 0x0000,
    0x0841, 0x0000, 0xa535, 0xef5d, 0xb595, 0x9cd3, 0xef5d, 0xffff, 0xd69a, 0x1082, 0x0020, 0x0000,
    0x0000, 0x0000, 0x0000, 0x0000, 0x0000, 0x0000, 0x0000, 0x0000, 0x0000, 0x0000, 0x0000, 0x0840,
    0x0000, 0x6b4d, 0xef5d, 0xf7be, 0xffff, 0xffff, 0xffff, 0xffff, 0xffff, 0xffff, 0xffff, 0xffff,
    0xffdf, 0xffff, 0xf7be, 0x4207, 0xffff, 0x5aeb, 0xce59, 0xffff, 0xffdf, 0xffff, 0xffff, 0xffff,
    0xffff, 0xffff, 0xffff, 0xffff, 0xffff, 0xffff, 0xffff, 0xffff, 0xffff, 0xffff, 0xffff, 0xffff,
    0xffff, 0xffff, 0xffff, 0xffff, 0xffff, 0xffff, 0xffff, 0xffff, 0xffff, 0xffff, 0xffff, 0xe73c,
    0x2945, 0xe73c, 0x9cf3, 0x0000, 0x0020, 0x0000, 0x0000, 0x0000, 0x0841, 0x0000, 0x5aeb, 0xffff,
    0xffff, 0xffff, 0xffff, 0xffff, 0xffff, 0xffff, 0xffff, 0xffff, 0xffff, 0xffff, 0xffdf, 0xffdf,
    0xffdf, 0xffdf, 0xffff, 0xffff, 0xffff, 0xffff, 0xffff, 0xffff, 0xffff, 0xffff, 0xffff, 0xffff,
    0xffff, 0xffff, 0xffff, 0xffff, 0xffff, 0xffdf, 0xffdf, 0xffdf, 0xffff, 0xffff, 0xce59, 0x0841,
    0x0000, 0x8431, 0x8430, 0x0000, 0x0841, 0x0020, 0x0000, 0x0000, 0x0000, 0x0841, 0x8430, 0x9492,
    0xad75, 0xf79e, 0xffff, 0xd69a, 0x2104, 0x0000, 0x0020, 0x0000, 0x0000, 0x0000, 0x0000, 0x0000,
    0x0000, 0x0000, 0x0000, 0x0000, 0x0000, 0x0000, 0x0000, 0x0020, 0x0020, 0x10a2, 0xdefb, 0xffdf,
    0xffdf, 0xffff, 0xffff, 0xffff, 0xffff, 0xffff, 0xffff, 0xffff, 0xffdf, 0xffff, 0xf7be, 0x4208,
    0xffff, 0x5aeb, 0xce59, 0xffff, 0xffdf, 0xffff, 0xffff, 0xffff, 0xffff, 0xffff, 0xffff, 0xffff,
    0xffff, 0xffff, 0xffff, 0xffff, 0xffff, 0xffff, 0xffff, 0xffff, 0xffff, 0xffff, 0xffff, 0xffff,
    0xffff, 0xffff, 0xffff, 0xffff, 0xffff, 0xf7be, 0xffff, 0x8c51, 0x52aa, 0xffff, 0x4208, 0x0000,
    0x10a2, 0x1082, 0x0000, 0x0000, 0x0020, 0x0000, 0x41e7, 0xffdf, 0xffdf, 0xffdf, 0xffff, 0xffff,
    0xffff, 0xffff, 0xffff, 0xffff, 0xffff, 0xffff, 0xffff, 0xffff, 0xffff, 0xffff, 0xffff, 0xffdf,
    0xffff, 0xffff, 0xffff, 0xffff, 0xffff, 0xffff, 0xffff, 0xffff, 0xffff, 0xffff, 0xffff, 0xffff,
    0xffff, 0xffff, 0xffdf, 0xffff, 0xffff, 0xb596, 0x0841, 0x2124, 0xad75, 0xffff, 0x4a49, 0x0000,
    0x0841, 0x0020, 0x0020, 0x0020, 0x0000, 0x4a29, 0xf79e, 0xffdf, 0xffff, 0xffff, 0xb596, 0x10a2,
    0x0000, 0x0840, 0x0020, 0x0000, 0x0000, 0x0000, 0x0000, 0x0000, 0x0000, 0x0000, 0x0000, 0x0000,
    0x0000, 0x0000, 0x0000, 0x0000, 0x0020, 0x0000, 0x7bef, 0xffff, 0xffdf, 0xffff, 0xffff, 0xffff,
    0xffff, 0xffff, 0xffff, 0xffff, 0xffdf, 0xffff, 0xf7be, 0x4208, 0xffff, 0x5aeb, 0xce79, 0xffff,
    0xffdf, 0xffff, 0xffff, 0xffff, 0xffff, 0xffff, 0xffff, 0xffff, 0xffff, 0xffff, 0xffff, 0xffff,
    0xffff, 0xffff, 0xffff, 0xffff, 0xffff, 0xffff, 0xffff, 0xffff, 0xffff, 0xffff, 0xffff, 0xffff,
    0xffdf, 0xf7be, 0xf7be, 0x3186, 0xce59, 0xd6bb, 0x0841, 0x0000, 0x2104, 0x2945, 0x0000, 0x0020,
    0x0000, 0x0000, 0x18c3, 0xef5d, 0xffff, 0xffdf, 0xffff, 0xffff, 0xffff, 0xffff, 0xffff, 0xffff,
    0xffdf, 0xffff, 0xce79, 0x7bef, 0x8c51, 0xbdd7, 0xf7be, 0xffff, 0xffdf, 0xffff, 0xffff, 0xffff,
    0xffff, 0xffff, 0xffff, 0xffff, 0xffff, 0xffff, 0xffff, 0xffff, 0xffff, 0xffff, 0xffff, 0xd6ba,
    0x7bef, 0x39c7, 0x8c72, 0xf77e, 0xffff, 0xe73c, 0x18c3, 0x0000, 0x0020, 0x0000, 0x0020, 0x0841,
    0x0000, 0x9cb3, 0xffff, 0xffff, 0xe75d, 0x6b4d, 0x0000, 0x0000, 0x0020, 0x0000, 0x0000, 0x0000,
    0x0000, 0x0000, 0x0000, 0x0020, 0x0000, 0x2965, 0x31a6, 0x0000, 0x0000, 0x0000, 0x0000, 0x0000,
    0x0000, 0x0000, 0x18e3, 0xef7d, 0xffdf, 0xffbf, 0xffff, 0xffff, 0xffff, 0xffff, 0xffff, 0xffff,
    0xffdf, 0xffff, 0xf7be, 0x4208, 0xffff, 0x5aeb, 0xce79, 0xffff, 0xffdf, 0xffff, 0xffff, 0xffff,
    0xffff, 0xffff, 0xffff, 0xffff, 0xffff, 0xffff, 0xffff, 0xffff, 0xffff, 0xffff, 0xffff, 0xffff,
    0xffff, 0xffff, 0xffff, 0xffff, 0xffff, 0xffff, 0xffff, 0xffff, 0xffdf, 0xffff, 0x9d13, 0x4228,
    0xffff, 0x4a69, 0x0000, 0x0000, 0x20e3, 0x31a6, 0x0000, 0x0020, 0x0020, 0x0840, 0x0000, 0xbdd7,
    0xffff, 0xf7be, 0xffff, 0xffff, 0xffff, 0xffdf, 0xffdf, 0xffdf, 0xffdf, 0xef7d, 0x2104, 0x0000,
    0x0000, 0x1082, 0x4a69, 0xa534, 0xffff, 0xffdf, 0xffdf, 0xffdf, 0xffff, 0xffff, 0xffff, 0xffff,
    0xffff, 0xffff, 0xffff, 0xffff, 0xffff, 0xffff, 0xffff, 0xce59, 0xc638, 0xffff, 0xffff, 0xffdf,
    0xffff, 0xbdf7, 0x0000, 0x0000, 0x0000, 0x0000, 0x0020, 0x0020, 0x0861, 0xce79, 0xe71c, 0x9492,
    0x2104, 0x0000, 0x0020, 0x0020, 0x0000, 0x0000, 0x0000, 0x0000, 0x0000, 0x0000, 0x0000, 0x0020,
    0x0000, 0x3186, 0x6b2c, 0x3186, 0x0000, 0x0020, 0x0000, 0x0000, 0x0020, 0x0841, 0x0000, 0x9492,
    0xffff, 0xf7be, 0xffff, 0xffff, 0xffff, 0xffff, 0xffff, 0xffff, 0xffff, 0xffff, 0xf7be, 0x4207,
    0xffff, 0x5aec, 0xce79, 0xffff, 0xffdf, 0xffff, 0xffff, 0xffff, 0xffff, 0xffff, 0xffff, 0xffff,
    0xffff, 0xffff, 0xffff, 0xffff, 0xffff, 0xffff, 0xffff, 0xffff, 0xffff, 0xffff, 0xffff, 0xffff,
    0xffff, 0xffff, 0xffff, 0xffdf, 0xffff, 0xffff, 0x31c6, 0xce79, 0x9cf3, 0x39c7, 0x18e3, 0x0000,
    0x18e3, 0x39e7, 0x0000, 0x0000, 0x0000, 0x0841, 0x0000, 0x5acb, 0xffff, 0xf7be, 0xffff, 0xffff,
    0xffff, 0xffdf, 0xffdf, 0xffdf, 0xffff, 0xd6db, 0x0020, 0x0841, 0x8c71, 0xe73c, 0xe71c, 0x8430,
    0x9492, 0xffff, 0xffdf, 0xffff, 0xffff, 0xffff, 0xffff, 0xffff, 0xffff, 0xffff, 0xffff, 0xffff,
    0xffff, 0xffff, 0xffff, 0xffff, 0xffff, 0xffff, 0xf7be, 0xf79e, 0xffff, 0x8c71, 0x0000, 0x0000,
    0x0000, 0x0000, 0x0000, 0x0000, 0x0841, 0x2124, 0x0861, 0x0000, 0x0000, 0x0020, 0x0000, 0x0000,
    0x0000, 0x0000, 0x0000, 0x0000, 0x0000, 0x0000, 0x0000, 0x0000, 0x0000, 0x31a6, 0x528a, 0xa514,
    0x18c3, 0x0000, 0x0020, 0x0020, 0x0020, 0x0820, 0x0000, 0x18e3, 0xef7d, 0xffff, 0xffdf, 0xffff,
    0xffff, 0xffff, 0xffff, 0xffff, 0xffdf, 0xffff, 0xf7be, 0x4208, 0xffff, 0x5aeb, 0xce79, 0xffff,
    0xffdf, 0xffff, 0xffff, 0xffff, 0xffff, 0xffff, 0xffff, 0xffff, 0xffff, 0xffff, 0xffff, 0xffff,
    0xffff, 0xffff, 0xffff, 0xffff, 0xffff, 0xffff, 0xffff, 0xffff, 0xffff, 0xffff, 0xffff, 0xf7be,
    0xffff, 0x8c91, 0x630c, 0xce59, 0x39a7, 0xa514, 0x0841, 0x0000, 0x18e3, 0x4228, 0x0000, 0x0000,
    0x0000, 0x0000, 0x0000, 0x0020, 0xc618, 0xffff, 0xf7be, 0xffdf, 0xffff, 0xffff, 0xffff, 0xffff,
    0xffdf, 0xffdf, 0x18e3, 0x6b2d, 0xffff, 0xffdf, 0xffff, 0xffff, 0x8430, 0xc618, 0xffff, 0xffff,
    0xffff, 0xffff, 0xffff, 0xffff, 0xffff, 0xffff, 0xffff, 0xffff, 0xffff, 0xffff, 0xffff, 0xffff,
    0xffff, 0xffff, 0xffdf, 0xf7be, 0xffff, 0x4228, 0x0000, 0x0020, 0x0000, 0x0000, 0x0000, 0x0000,
    0x0000, 0x0000, 0x0000, 0x0000, 0x0000, 0x0000, 0x0000, 0x0000, 0x0000, 0x0000, 0x0000, 0x0000,
    0x0000, 0x0000, 0x0000, 0x0020, 0x0000, 0x4228, 0x4208, 0xbdd7, 0xad75, 0x0000, 0x0841, 0x0020,
    0x0020, 0x0000, 0x0020, 0x0000, 0x7bef, 0xffff, 0xf7be, 0xffdf, 0xffff, 0xffff, 0xffff, 0xffff,
    0xffdf, 0xffff, 0xf7be, 0x4207, 0xffff, 0x5aeb, 0xce79, 0xffff, 0xffdf, 0xffff, 0xffff, 0xffff,
    0xffff, 0xffff, 0xffff, 0xffff, 0xffff, 0xffff, 0xffff, 0xffff, 0xffff, 0xffff, 0xffff, 0xffff,
    0xffff, 0xffff, 0xffff, 0xffff, 0xffff, 0xffff, 0xffdf, 0xffff, 0xdefb, 0x2965, 0xb596, 0x2945,
    0xd69a, 0x7bef, 0x0000, 0x0020, 0x1082, 0x5aeb, 0x0000, 0x0000, 0x0000, 0x0000, 0x0840, 0x0000,
    0x3186, 0xf79e, 0xffdf, 0xffdf, 0xffff, 0xffff, 0xffff, 0xffff, 0xf7be, 0xffff, 0xbdd7, 0x6b4d,
    0xb5b6, 0xe71c, 0xc618, 0xad55, 0x738e, 0xc618, 0xffff, 0xffdf, 0xffff, 0xffff, 0xffff, 0xffff,
    0xffff, 0xffff, 0xffff, 0xffff, 0xffff, 0xffff, 0xffff, 0xffff, 0xffff, 0xffdf, 0xffff, 0xffdf,
    0x5acb, 0x0000, 0x0020, 0x0000, 0x0000, 0x0000, 0x0000, 0x0000, 0x0000, 0x0000, 0x0000, 0x0000,
    0x0000, 0x0000, 0x0000, 0x0000, 0x0000, 0x0000, 0x0000, 0x0000, 0x0000, 0x0000, 0x0020, 0x0820,
    0x0000, 0x4a69, 0x528a, 0x94b2, 0xffff, 0x5acb, 0x0000, 0x0020, 0x0000, 0x0000, 0x0020, 0x0020,
    0x0861, 0xd69a, 0xffdf, 0xffdf, 0xffff, 0xffff, 0xffff, 0xffff, 0xffdf, 0xffff, 0xf7be, 0x4208,
    0xffff, 0x5aeb, 0xce79, 0xffff, 0xffdf, 0xffff, 0xffff, 0xffff, 0xffff, 0xffff, 0xffff, 0xffff,
    0xffff, 0xffff, 0xffff, 0xffff, 0xffff, 0xffff, 0xffff, 0xffff, 0xffff, 0xffff, 0xffff, 0xffff,
    0xffff, 0xffdf, 0xf7be, 0xffff, 0x4a69, 0x7bcf, 0x4228, 0xa534, 0xffff, 0x3186, 0x0000, 0x0020,
    0x0020, 0x630c, 0x0841, 0x0000, 0x0000, 0x0000, 0x0020, 0x0841, 0x0000, 0x528a, 0xffdf, 0xffff,
    0xffdf, 0xffff, 0xffff, 0xffff, 0xffff, 0xffff, 0xffff, 0xef7d, 0xdefb, 0xf7be, 0xe73c, 0xd69a,
    0xe71c, 0xffff, 0xffff, 0xffff, 0xffff, 0xffff, 0xffff, 0xffff, 0xffff, 0xffff, 0xffff, 0xffff,
    0xffff, 0xffff, 0xffff, 0xffff, 0xffdf, 0xffff, 0xf7be, 0x528a, 0x0000, 0x0840, 0x0000, 0x0000,
    0x0000, 0x0000, 0x0000, 0x0020, 0x0000, 0x0000, 0x0000, 0x0000, 0x0000, 0x0000, 0x0000, 0x0000,
    0x0000, 0x0000, 0x0000, 0x0000, 0x0000, 0x0000, 0x0000, 0x0020, 0x0000, 0x4a29, 0x632c, 0x8410,
    0xffff, 0xef5d, 0x2104, 0x0000, 0x0020, 0x0000, 0x0000, 0x0020, 0x0000, 0x52aa, 0xffff, 0xffdf,
    0xffdf, 0xffff, 0xffff, 0xffff, 0xffdf, 0xffff, 0xf7df, 0x4208, 0xffff, 0x5aeb, 0xce59, 0xffff,
    0xffdf, 0xffff, 0xffff, 0xffff, 0xffff, 0xffff, 0xffff, 0xffff, 0xffff, 0xffff, 0xffff, 0xffff,
    0xffff, 0xffff, 0xffff, 0xffff, 0xffff, 0xffff, 0xffff, 0xffff, 0xffff, 0xf7be, 0xffff, 0x9492,
    0x4228, 0x4a49, 0x94b2, 0xffff, 0xd6ba, 0x0861, 0x0000, 0x0020, 0x0000, 0x6b4d, 0x2124, 0x0000,
    0x0000, 0x0000, 0x0000, 0x0000, 0x0841, 0x0000, 0x5aeb, 0xffff, 0xffdf, 0xffdf, 0xffff, 0xffff,
    0xffff, 0xffff, 0xffff, 0xffff, 0xffff, 0xffff, 0xffff, 0xffff, 0xffff, 0xffff, 0xffff, 0xffff,
    0xffff, 0xffff, 0xffff, 0xffff, 0xffff, 0xffff, 0xffff, 0xffff, 0xffff, 0xffdf, 0xffdf, 0xf7be,
    0xffff, 0xef7d, 0x4208, 0x0000, 0x0841, 0x0020, 0x0020, 0x0000, 0x0000, 0x0000, 0x0000, 0x18e3,
    0x0000, 0x0000, 0x0000, 0x0000, 0x0000, 0x0000, 0x0000, 0x0000, 0x0000, 0x0000, 0x0000, 0x0000,
    0x0000, 0x0000, 0x0000, 0x0020, 0x0000, 0x2965, 0x6b6d, 0x6b4d, 0xffff, 0xffdf, 0xb596, 0x0000,
    0x0841, 0x0000, 0x0000, 0x0000, 0x0840, 0x0000, 0xb5b6, 0xffff, 0xf79e, 0xffdf, 0xffff, 0xffff,
    0xffff, 0xffff, 0xf7be, 0x4208, 0xffff, 0x5aeb, 0xce59, 0xffff, 0xffdf, 0xffff, 0xffff, 0xffff,
    0xffff, 0xffff, 0xffff, 0xffff, 0xffff, 0xffff, 0xffff, 0xffff, 0xffff, 0xffff, 0xffff, 0xffff,
    0xffff, 0xffff, 0xffff, 0xffff, 0xf7be, 0xffff, 0xce59, 0x10c3, 0x18e3, 0x8c51, 0xffff, 0xffff,
    0xa534, 0x0000, 0x0841, 0x0841, 0x0000, 0x52aa, 0x526a, 0x0000, 0x0841, 0x0020, 0x0000, 0x0000,
    0x0000, 0x0020, 0x0000, 0x5aeb, 0xffdf, 0xffdf, 0xf7be, 0xffff, 0xffff, 0xffff, 0xffff, 0xffff,
    0xffff, 0xffff, 0xffff, 0xffff, 0xffff, 0xffff, 0xffff, 0xffff, 0xffff, 0xffff, 0xffff, 0xffff,
    0xffff, 0xffff, 0xffff, 0xffff, 0xffff, 0xffff, 0xffff, 0xffff, 0xc638, 0x2124, 0x0000, 0x0020,
    0x0020, 0x0020, 0x0020, 0x0000, 0x0020, 0x0000, 0x2104, 0x3186, 0x0000, 0x0000, 0x0000, 0x0000,
    0x0000, 0x0000, 0x0000, 0x0000, 0x0000, 0x0000, 0x0000, 0x0000, 0x0000, 0x0000, 0x0000, 0x0000,
    0x0000, 0x0861, 0x7bae, 0x5aeb, 0xffff, 0xef7d, 0xffff, 0x52aa, 0x0000, 0x0020, 0x0000, 0x0020,
    0x0020, 0x0861, 0x39c7, 0xf7be, 0xffdf, 0xffdf, 0xffff, 0xffff, 0xffdf, 0xffff, 0xf7be, 0x4208,
    0xffff, 0x5aec, 0xce59, 0xffff, 0xffdf, 0xffff, 0xffff, 0xffff, 0xffff, 0xffff, 0xffff, 0xffff,
    0xffff, 0xffff, 0xffff, 0xffff, 0xffff, 0xffff, 0xffff, 0xffff, 0xffff, 0xffff, 0xffff, 0xffdf,
    0xffdf, 0xe73c, 0x2124, 0x0000, 0x8c51, 0xffff, 0xef7d, 0xffff, 0x5aeb, 0x0000, 0x0861, 0x0821,
    0x0000, 0x2965, 0x7bcf, 0x0000, 0x0841, 0x0020, 0x0020, 0x0000, 0x0000, 0x0000, 0x0841, 0x0000,
    0x4a69, 0xf79e, 0xffff, 0xf7be, 0xffff, 0xffff, 0xffff, 0xffff, 0xffff, 0xffff, 0xffff, 0xffff,
    0xffff, 0xffff, 0xffff, 0xffff, 0xffff, 0xffff, 0xffff, 0xffff, 0xffff, 0xffff, 0xffff, 0xffff,
    0xffdf, 0xffff, 0xef5d, 0x8430, 0x39c7, 0x4228, 0x0020, 0x0000, 0x0000, 0x0000, 0x0000, 0x0000,
    0x0000, 0x0000, 0x52aa, 0x18e3, 0x0000, 0x0000, 0x0000, 0x0000, 0x0000, 0x0000, 0x0000, 0x0000,
    0x0000, 0x0000, 0x0000, 0x0000, 0x0000, 0x0000, 0x0000, 0x0000, 0x0020, 0x0000, 0x73ae, 0x630c,
    0xf7bf, 0xffbf, 0xffff, 0xce59, 0x0020, 0x0020, 0x0020, 0x0020, 0x0000, 0x31a6, 0x4208, 0x9492,
    0xffff, 0xf7be, 0xffdf, 0xffff, 0xffff, 0xffff, 0xffdf, 0x4208, 0xffff, 0x630c, 0xce59, 0xffff,
    0xffdf, 0xffff, 0xffff, 0xffff, 0xffff, 0xffff, 0xffff, 0xffff, 0xffff, 0xffff, 0xffff, 0xffff,
    0xffff, 0xffff, 0xffff, 0xffff, 0xffff, 0xffff, 0xffdf, 0xffdf, 0xffdf, 0x4228, 0x0000, 0x9492,
    0xffff, 0xf79e, 0xffdf, 0xef5d, 0x18e3, 0x0000, 0x0020, 0x0000, 0x0000, 0x0020, 0x8410, 0x10a2,
    0x0000, 0x0000, 0x0000, 0x0000, 0x0000, 0x0000, 0x0000, 0x0841, 0x0000, 0x31a6, 0xdefb, 0xffff,
    0xffdf, 0xffff, 0xffff, 0xffff, 0xffff, 0xffff, 0xffff, 0xffff, 0xffff, 0xffff, 0xffff, 0xffff,
    0xffff, 0xffff, 0xffff, 0xffff, 0xffff, 0xffff, 0xffff, 0xffff, 0xffff, 0xffff, 0xce59, 0xb596,
    0xffff, 0xb596, 0x0000, 0x0841, 0x0000, 0x0000, 0x0000, 0x0020, 0x0000, 0x18e3, 0x6b6d, 0x0000,
    0x0020, 0x0000, 0x0000, 0x0000, 0x0000, 0x0000, 0x0000, 0x0000, 0x0000, 0x0000, 0x0000, 0x0000,
    0x0000, 0x0000, 0x0000, 0x0000, 0x0020, 0x0000, 0x630c, 0x6b6d, 0xdefb, 0xffff, 0xf7be, 0xffdf,
    0x39c7, 0x0000, 0x0841, 0x0000, 0x0000, 0x10a2, 0x9cf3, 0x3186, 0xf79e, 0xffdf, 0xffdf, 0xffff,
    0xffff, 0xffff, 0xffdf, 0x4208, 0xffff, 0x630c, 0xce59, 0xffff, 0xffdf, 0xffff, 0xffff, 0xffff,
    0xffff, 0xffff, 0xffff, 0xffff, 0xffff, 0xffff, 0xffff, 0xffff, 0xffff, 0xffff, 0xffff, 0xffff,
    0xffff, 0xffdf, 0xffde, 0xffff, 0x5b0c, 0x0000, 0x9cd3, 0xffff, 0xf7be, 0xffdf, 0xffff, 0xb596,
    0x0000, 0x0020, 0x0000, 0x0000, 0x0020, 0x0000, 0x52aa, 0x4a69, 0x0000, 0x0000, 0x0000, 0x0000,
    0x0000, 0x0000, 0x0000, 0x0000, 0x0840, 0x0000, 0x20e4, 0xc618, 0xffff, 0xf7be, 0xffff, 0xffff,
    0xffff, 0xffff, 0xffff, 0xffff, 0xffff, 0xffff, 0xffff, 0xffff, 0xffff, 0xffff, 0xffdf, 0xffdf,
    0xffff, 0xffff, 0xffff, 0xd69a, 0xef7d, 0xffff, 0xffff, 0xffff, 0xffff, 0xa513, 0x0000, 0x0841,
    0x0000, 0x0000, 0x0000, 0x0020, 0x0000, 0x632c, 0x39e7, 0x0000, 0x0020, 0x0000, 0x0000, 0x0000,
    0x0000, 0x0000, 0x0000, 0x0000, 0x0000, 0x0000, 0x0000, 0x0000, 0x0000, 0x0000, 0x0000, 0x0000,
    0x0000, 0x0000, 0x31a7, 0x9472, 0xce79, 0xffff, 0xf79e, 0xffff, 0x528a, 0x0000, 0x0841, 0x0000,
    0x0000, 0x0000, 0xc638, 0x528a, 0x94b3, 0xffff, 0xffdf, 0xffff, 0xffdf, 0xffff, 0xf7de, 0x4208,
    0xffff, 0x630c, 0xce79, 0xffff, 0xffdf, 0xffff, 0xffff, 0xffff, 0xffff, 0xffff, 0xffff, 0xffff,
    0xffff, 0xffff, 0xffff, 0xffff, 0xffff, 0xffff, 0xffff, 0xffff, 0xffdf, 0xf7be, 0xffff, 0x738e,
    0x0000, 0xa534, 0xffff, 0xf7be, 0xf7be, 0xf7be, 0xffff, 0x630c, 0x0000, 0x0840, 0x0020, 0x0000,
    0x0020, 0x0000, 0x10a2, 0x8410, 0x0020, 0x0000, 0x0000, 0x0000, 0x0000, 0x0000, 0x0000, 0x0000,
    0x0000, 0x0020, 0x0000, 0x0841, 0x9cb2, 0xffff, 0xffdf, 0xffdf, 0xffdf, 0xffff, 0xffff, 0xffff,
    0xffff, 0xffff, 0xffff, 0xffdf, 0xf7be, 0xffdf, 0xffff, 0xffff, 0xf7be, 0xa514, 0x6b4d, 0xbdd7,
    0xffdf, 0xffdf, 0xffff, 0xf7be, 0xffff, 0xa534, 0x0000, 0x0861, 0x0020, 0x0000, 0x0020, 0x0000,
    0x10a2, 0x8c71, 0x0020, 0x0020, 0x0000, 0x0000, 0x0000, 0x0000, 0x0000, 0x0000, 0x0000, 0x0000,
    0x0000, 0x0000, 0x0000, 0x0000, 0x0000, 0x0000, 0x0000, 0x0000, 0x0000, 0x0000, 0x0861, 0xad75,
    0xd6ba, 0xffff, 0xf79e, 0xffff, 0x4208, 0x0000, 0x0841, 0x0020, 0x0840, 0x0000, 0xc618, 0xb5b6,
    0x4228, 0xffff, 0xffdf, 0xffdf, 0xffdf, 0xffff, 0xf7de, 0x4208, 0xffff, 0x630c, 0xce59, 0xffff,
    0xffdf, 0xffff, 0xffff, 0xffff, 0xffff, 0xffff, 0xffff, 0xffff, 0xffff, 0xffff, 0xffff, 0xffff,
    0xffff, 0xffff, 0xffff, 0xffff, 0xffdf, 0xffff, 0x8c51, 0x0000, 0xad75, 0xffff, 0xf79e, 0xffdf,
    0xf7be, 0xffdf, 0xe73c, 0x18c3, 0x0020, 0x0020, 0x0000, 0x0000, 0x0000, 0x0020, 0x0000, 0x6b4d,
    0x4228, 0x0000, 0x0020, 0x0000, 0x0000, 0x0000, 0x0000, 0x0000, 0x0000, 0x0000, 0x0020, 0x0000,
    0x0000, 0x6b4d, 0xffdf, 0xffff, 0xf7be, 0xffff, 0xffff, 0xffff, 0xffdf, 0xffff, 0xffff, 0xffff,
    0xffff, 0xffbe, 0xce79, 0x7bcf, 0x2104, 0x526a, 0xdedb, 0xffff, 0xffdf, 0xffff, 0xffff, 0xf7be,
    0xffff, 0xad55, 0x0000, 0x0861, 0x0840, 0x0020, 0x0841, 0x0000, 0x738e, 0x5aeb, 0x0000, 0x0841,
    0x0000, 0x0000, 0x0000, 0x0000, 0x0000, 0x0000, 0x0000, 0x0000, 0x0000, 0x0000, 0x0000, 0x0000,
    0x0000, 0x0000, 0x0000, 0x0000, 0x0000, 0x0841, 0x0000, 0xa4f4, 0xffff, 0xf7be, 0xf7be, 0xf79e,
    0x2945, 0x0000, 0x0020, 0x0000, 0x0020, 0x0000, 0xbdd7, 0xffdf, 0x31a6, 0xe71c, 0xffff, 0xffdf,
    0xffdf, 0xffff, 0xf7de, 0x4208, 0xffff, 0x630c, 0xce59, 0xffff, 0xffdf, 0xffff, 0xffff, 0xffff,
    0xffff, 0xffff, 0xffff, 0xffff, 0xffff, 0xffff, 0xffff, 0xffff, 0xffff, 0xffff, 0xffff, 0xf7be,
    0xffff, 0xad75, 0x0000, 0xad35, 0xffff, 0xf7be, 0xffff, 0xffdf, 0xf7be, 0xffff, 0x9cd3, 0x0000,
    0x0841, 0x0000, 0x0000, 0x0000, 0x0000, 0x0000, 0x0000, 0x18c3, 0x8c71, 0x0841, 0x0020, 0x0020,
    0x0020, 0x0000, 0x0000, 0x0000, 0x0000, 0x0000, 0x0000, 0x0000, 0x0040, 0x0000, 0x4228, 0xe73c,
    0xffff, 0xffff, 0xffff, 0xffff, 0xffff, 0xffff, 0xef7d, 0xc618, 0x8410, 0x41e8, 0x0000, 0x0000,
    0x9492, 0xffff, 0xffff, 0xffdf, 0xffdf, 0xffdf, 0xffdf, 0xf7be, 0xffff, 0xa534, 0x0000, 0x0861,
    0x0020, 0x0020, 0x0020, 0x18c3, 0xad75, 0x0861, 0x0000, 0x0000, 0x0000, 0x0000, 0x0000, 0x0000,
    0x0000, 0x0000, 0x0000, 0x0000, 0x0000, 0x0000, 0x0000, 0x0000, 0x0000, 0x0000, 0x0000, 0x0000,
    0x0000, 0x0841, 0x0000, 0x6b4d, 0xffff, 0xef9d, 0xffff, 0xd69a, 0x0861, 0x0020, 0x0020, 0x0000,
    0x0000, 0x0000, 0xc5f8, 0xffff, 0x4a89, 0xad75, 0xffff, 0xf7be, 0xffdf, 0xffff, 0xf7be, 0x4208,
    0xffff, 0x5aec, 0xce59, 0xffff, 0xffdf, 0xffff, 0xffff, 0xffff, 0xffff, 0xffff, 0xffff, 0xffff,
    0xffff, 0xffff, 0xffff, 0xffff, 0xffff, 0xffff, 0xffdf, 0xffff, 0xd6ba, 0x0020, 0x9492, 0xffff,
    0xf7be, 0xffdf, 0xffff, 0xffdf, 0xffdf, 0xffff, 0x4228, 0x0000, 0x0020, 0x0000, 0x0000, 0x0000,
    0x0000, 0x0000, 0x0020, 0x0000, 0x52aa, 0x632c, 0x0000, 0x0841, 0x0000, 0x0000, 0x0000, 0x0000,
    0x0000, 0x0000, 0x0000, 0x0000, 0x0000, 0x0020, 0x0000, 0x2124, 0xa514, 0xd69a, 0xce79, 0xb596,
    0x8c51, 0x528a, 0x2124, 0x0020, 0x0000, 0x0000, 0x4208, 0xdedb, 0xffff, 0xffdf, 0xffff, 0xffff,
    0xffff, 0xffff, 0xffdf, 0xf79e, 0xffff, 0xad55, 0x0000, 0x0861, 0x0020, 0x0000, 0x0000, 0x8430,
    0x6b6d, 0x0000, 0x0020, 0x0000, 0x0000, 0x0000, 0x0000, 0x0000, 0x0000, 0x0000, 0x0000, 0x0000,
    0x0000, 0x0000, 0x0000, 0x0000, 0x0000, 0x0000, 0x0000, 0x0000, 0x0000, 0x0841, 0x0000, 0x4a69,
    0xffff, 0xef7d, 0xffff, 0x8c51, 0x0000, 0x0020, 0x0000, 0x0000, 0x0000, 0x1082, 0xdefb, 0xffff,
    0x7bcf, 0x8c31, 0xffff, 0xf7be, 0xffdf, 0xffff, 0xf7be, 0x4208, 0xffff, 0x5aeb, 0xce59, 0xffff,
    0xffdf, 0xffff, 0xffff, 0xffff, 0xffff, 0xffff, 0xffff, 0xffff, 0xffff, 0xffff, 0xffff, 0xffff,
    0xffff, 0xffdf, 0xf7be, 0xf79e, 0x18e3, 0x6b6d, 0xffff, 0xf7be, 0xffff, 0xffff, 0xffff, 0xf7be,
    0xffff, 0xce79, 0x0841, 0x0020, 0x0020, 0x0000, 0x0000, 0x0000, 0x0000, 0x0000, 0x0000, 0x0000,
    0x0000, 0x7c10, 0x2965, 0x0000, 0x0020, 0x0000, 0x0000, 0x0000, 0x0000, 0x0000, 0x0000, 0x0000,
    0x0000, 0x0000, 0x0020, 0x0000, 0x0000, 0x0841, 0x0020, 0x0000, 0x0000, 0x0000, 0x0000, 0x0000,
    0x0861, 0x8410, 0xffdf, 0xffff, 0xf7be, 0xffff, 0xffff, 0xffff, 0xffdf, 0xffff, 0xffff, 0xffff,
    0xffdf, 0x9492, 0x0000, 0x0841, 0x0841, 0x0000, 0x2104, 0xbdf8, 0x0861, 0x0020, 0x0020, 0x0000,
    0x0000, 0x0000, 0x0000, 0x0000, 0x0000, 0x0000, 0x0000, 0x0000, 0x0000, 0x0000, 0x0000, 0x0000,
    0x0000, 0x0000, 0x0000, 0x0000, 0x0000, 0x0841, 0x0000, 0x3166, 0xef7d, 0xf7be, 0xffdf, 0x31a6,
    0x0000, 0x0000, 0x0000, 0x0020, 0x0000, 0x39e8, 0xffdf, 0xffff, 0xa514, 0x738e, 0xffff, 0xf7be,
    0xffdf, 0xffff, 0xf7be, 0x4208, 0xffff, 0x630c, 0xce79, 0xffff, 0xffdf, 0xffff, 0xffff, 0xffff,
    0xffff, 0xffff, 0xffff, 0xffff, 0xffff, 0xffff, 0xffff, 0xffff, 0xffff, 0xffdf, 0xffff, 0x5aeb,
    0x31a6, 0xffff, 0xffdf, 0xffdf, 0xffff, 0xffff, 0xffff, 0xf79e, 0xffff, 0x738e, 0x0000, 0x0841,
    0x0000, 0x0000, 0x0000, 0x0000, 0x0000, 0x0000, 0x0000, 0x0020, 0x0000, 0x1082, 0x8410, 0x18e3,
    0x0000, 0x0020, 0x0000, 0x0000, 0x0000, 0x0000, 0x0000, 0x0000, 0x0000, 0x0000, 0x0000, 0x0020,
    0x0020, 0x0000, 0x0000, 0x0020, 0x0000, 0x10a2, 0x18e3, 0x4a49, 0xce59, 0xffff, 0xffdf, 0xffdf,
    0xffdf, 0xffdf, 0xffdf, 0xffff, 0xffff, 0xef7d, 0xb596, 0x6b4d, 0x2945, 0x0040, 0x0000, 0x0000,
    0x0841, 0x0000, 0x94b2, 0x6b6d, 0x0000, 0x0020, 0x0000, 0x0000, 0x0000, 0x0000, 0x0000, 0x0000,
    0x0000, 0x0000, 0x0000, 0x0000, 0x0000, 0x0000, 0x0000, 0x0000, 0x0000, 0x0000, 0x0000, 0x0000,
    0x0000, 0x0020, 0x0000, 0x18c3, 0xe71c, 0xffff, 0x9cf4, 0x0000, 0x0841, 0x0000, 0x0000, 0x0841,
    0x0000, 0x9492, 0xffff, 0xffff, 0xad55, 0x6b6d, 0xffff, 0xf7be, 0xffdf, 0xffff, 0xf7be, 0x4208,
    0xffff, 0x630c, 0xce79, 0xffff, 0xffdf, 0xffff, 0xffff, 0xffff, 0xffff, 0xffff, 0xffff, 0xffff,
    0xffff, 0xffff, 0xffff, 0xffff, 0xf7be, 0xffff, 0xb5b6, 0x0021, 0xdedb, 0xffdf, 0xffdf, 0xffff,
    0xffff, 0xffff, 0xffdf, 0xffff, 0xe71c, 0x10a2, 0x0000, 0x0020, 0x0000, 0x0000, 0x0000, 0x0020,
    0x0020, 0x0000, 0x18e4, 0x1082, 0x0000, 0x0000, 0x18e3, 0x7bae, 0x2965, 0x0000, 0x0000, 0x0000,
    0x0000, 0x0000, 0x0000, 0x0000, 0x0000, 0x0000, 0x0000, 0x0000, 0x0020, 0x0020, 0x0000, 0x0820,
    0x0020, 0x39e7, 0xe73c, 0xffff, 0xffff, 0xffdf, 0xffff, 0xffff, 0xffff, 0xffff, 0xffff, 0xc638,
    0x6b6d, 0x2104, 0x0000, 0x0000, 0x0000, 0x0000, 0x0000, 0x0020, 0x0000, 0x3186, 0xbdd7, 0x0841,
    0x0020, 0x0000, 0x0000, 0x0000, 0x0000, 0x0000, 0x0000, 0x0000, 0x0000, 0x0000, 0x0000, 0x0000,
    0x0000, 0x0000, 0x0000, 0x0000, 0x0000, 0x0000, 0x0000, 0x0000, 0x0000, 0x0840, 0x0000, 0x10a2,
    0xef5d, 0xef5d, 0x18e3, 0x0000, 0x0020, 0x0000, 0x0020, 0x0020, 0x2104, 0xef5d, 0xf79e, 0xffff,
    0xa534, 0x7bcf, 0xffff, 0xf7be, 0xffdf, 0xffff, 0xffdf, 0x4228, 0xffff, 0x630c, 0xce79, 0xffff,
    0xffdf, 0xffff, 0xffff, 0xffff, 0xffff, 0xffff, 0xffff, 0xffff, 0xffff, 0xffff, 0xffff, 0xffff,
    0xffdf, 0xf7df, 0x2104, 0x73ae, 0xffff, 0xf7be, 0xffff, 0xffff, 0xffff, 0xffff, 0xf7be, 0xffff,
    0x8c51, 0x0000, 0x0020, 0x0000, 0x0000, 0x0000, 0x0000, 0x0020, 0x0020, 0x0861, 0x4a69, 0x0841,
    0x0020, 0x0820, 0x0000, 0x0861, 0x528a, 0x2944, 0x0000, 0x0000, 0x0000, 0x0000, 0x0000, 0x0000,
    0x0000, 0x0000, 0x0000, 0x0020, 0x0020, 0x0020, 0x18e3, 0x4a49, 0x0861, 0x2124, 0xf7bf, 0xffdf,
    0xf7be, 0xffff, 0xffff, 0xffff, 0xf7be, 0xa535, 0x4a49, 0x0020, 0x0000, 0x0000, 0x0000, 0x0000,
    0x0000, 0x0000, 0x0020, 0x0020, 0x0000, 0xb5b7, 0x4228, 0x0000, 0x0841, 0x0000, 0x0000, 0x0000,
    0x0000, 0x0000, 0x0000, 0x0000, 0x0000, 0x0000, 0x0000, 0x0000, 0x0000, 0x0000, 0x0000, 0x0000,
    0x0000, 0x0000, 0x0000, 0x0000, 0x0000, 0x0841, 0x0000, 0x2925, 0xffff, 0x5aeb, 0x0000, 0x0020,
    0x0000, 0x0000, 0x0020, 0x0000, 0xa514, 0xffff, 0xef7d, 0xffff, 0x94b2, 0x94b3, 0xffff, 0xf7be,
    0xffdf, 0xffff, 0xffdf, 0x4208, 0xffff, 0x630c, 0xce79, 0xffff, 0xffdf, 0xffff, 0xffff, 0xffff,
    0xffff, 0xffff, 0xffff, 0xffff, 0xffff, 0xffff, 0xffff, 0xf7be, 0xffff, 0x9cd3, 0x0841, 0xef5d,
    0xffff, 0xffff, 0xffff, 0xffff, 0xffff, 0xffdf, 0xffdf, 0xef7d, 0x2124, 0x0000, 0x0020, 0x0000,
    0x0000, 0x0000, 0x0000, 0x0020, 0x0000, 0x39c7, 0x4a49, 0x0000, 0x0020, 0x0000, 0x0000, 0x0000,
    0x0000, 0x0020, 0x0000, 0x0000, 0x0000, 0x0000, 0x0000, 0x0000, 0x0000, 0x0000, 0x0000, 0x0000,
    0x0020, 0x0000, 0x528a, 0x630c, 0x0000, 0x18c3, 0xe71c, 0xffdf, 0xf79e, 0xffff, 0xffff, 0xa534,
    0x3186, 0x0000, 0x0000, 0x0000, 0x0820, 0x0020, 0x0020, 0x0000, 0x0000, 0x0000, 0x0020, 0x0000,
    0x6b4d, 0xb5b6, 0x2965, 0x0000, 0x0020, 0x0000, 0x0000, 0x0000, 0x0000, 0x0000, 0x0000, 0x0000,
    0x0000, 0x0000, 0x0000, 0x0000, 0x0000, 0x0000, 0x0000, 0x0000, 0x0000, 0x0000, 0x0000, 0x0000,
    0x0000, 0x0020, 0x0000, 0x528a, 0x8c71, 0x0000, 0x0841, 0x0020, 0x0000, 0x0841, 0x0000, 0x4a69,
    0xffff, 0xf7de, 0xf7be, 0xffff, 0x7bcf, 0xc638, 0xffff, 0xf7be, 0xffdf, 0xffff, 0xf7de, 0x4208,
    0xffff, 0x630c, 0xce79, 0xffff, 0xffdf, 0xffff, 0xffff, 0xffff, 0xffff, 0xffff, 0xffff, 0xffff,
    0xffff, 0xffff, 0xffdf, 0xf7be, 0xffdf, 0x2124, 0x630c, 0xffff, 0xf7be, 0xffff, 0xffff, 0xffff,
    0xffff, 0xf7be, 0xffff, 0x94b3, 0x0000, 0x0841, 0x0000, 0x0000, 0x0000, 0x0000, 0x0000, 0x0020,
    0x0000, 0x73ae, 0x18c3, 0x0000, 0x0000, 0x0000, 0x0000, 0x0000, 0x0020, 0x0000, 0x0000, 0x0000,
    0x0000, 0x0000, 0x0000, 0x0000, 0x0000, 0x0000, 0x0000, 0x0000, 0x0000, 0x0020, 0x0841, 0x8410,
    0x0882, 0x0020, 0xdedb, 0xf7be, 0xf7de, 0xe73d, 0x4a69, 0x0000, 0x0000, 0x0020, 0x0000, 0x0000,
    0x0000, 0x0000, 0x0000, 0x0020, 0x0000, 0x18c3, 0x1062, 0x4a69, 0x7bef, 0x39c7, 0x630c, 0x0000,
    0x0020, 0x0000, 0x0000, 0x0000, 0x0000, 0x0000, 0x0000, 0x0000, 0x0000, 0x0000, 0x0000, 0x0000,
    0x0000, 0x0000, 0x0000, 0x0000, 0x0000, 0x0000, 0x0000, 0x0000, 0x0000, 0x0000, 0x0000, 0x10a2,
    0x0020, 0x0000, 0x0000, 0x0000, 0x0020, 0x0000, 0x18e3, 0xe73c, 0xffdf, 0xf7be, 0xffdf, 0xf7be,
    0x6b4d, 0xf7be, 0xffff, 0xffdf, 0xffdf, 0xffff, 0xf7be, 0x4208, 0xffff, 0x5aec, 0xce79, 0xffff,
    0xffdf, 0xffff, 0xffff, 0xffff, 0xffff, 0xffff, 0xffff, 0xffff, 0xffff, 0xffff, 0xf7be, 0xffff,
    0xc618, 0x0000, 0xb596, 0xffff, 0xf79e, 0xffff, 0xffff, 0xffff, 0xffdf, 0xffff, 0xf7be, 0x3186,
    0x0000, 0x0020, 0x0000, 0x0000, 0x0000, 0x0000, 0x0000, 0x0000, 0x31c7, 0x7c10, 0x0000, 0x0000,
    0x0000, 0x0000, 0x0000, 0x0000, 0x0000, 0x0000, 0x0000, 0x0000, 0x0000, 0x0000, 0x0000, 0x0000,
    0x0000, 0x0000, 0x0000, 0x0000, 0x0000, 0x0020, 0x0000, 0x39e7, 0x73ae, 0x0000, 0xdedb, 0xf7be,
    0xf79e, 0x39e7, 0x0000, 0x0841, 0x0020, 0x0000, 0x0000, 0x0000, 0x0000, 0x0000, 0x0000, 0x0020,
    0x0000, 0x4228, 0x5aeb, 0x7bef, 0x0020, 0x2124, 0x7bcf, 0x0000, 0x0020, 0x0020, 0x0000, 0x0000,
    0x0000, 0x0000, 0x0000, 0x0000, 0x0000, 0x0000, 0x0000, 0x0000, 0x0000, 0x0000, 0x0000, 0x0000,
    0x0000, 0x0000, 0x0000, 0x0000, 0x0000, 0x0000, 0x0000, 0x0000, 0x0000, 0x0020, 0x0020, 0x0000,
    0x0020, 0x1082, 0xc5f8, 0xffff, 0xf7be, 0xffdf, 0xffff, 0xad75, 0x9cd3, 0xffff, 0xffff, 0xffff,
    0xffff, 0xffff, 0xf7be, 0x4208, 0xffff, 0x62ec, 0xce59, 0xffff, 0xffdf, 0xffff, 0xffff, 0xffff,
    0xffff, 0xffff, 0xffff, 0xffff, 0xffff, 0xffff, 0xffdf, 0xffff, 0x73ae, 0x0020, 0xe71c, 0xffff,
    0xf7be, 0xffff, 0xffff, 0xffdf, 0xf7be, 0xffff, 0xb5b6, 0x0000, 0x0020, 0x0000, 0x0000, 0x0000,
    0x0000, 0x0020, 0x0020, 0x0000, 0x94b2, 0x4208, 0x0000, 0x0020, 0x0000, 0x0000, 0x0000, 0x0000,
    0x0000, 0x0000, 0x0000, 0x0000, 0x0000, 0x0000, 0x0000, 0x0000, 0x0000, 0x0000, 0x0000, 0x0000,
    0x0000, 0x0000, 0x0020, 0x0000, 0x9cd3, 0x3186, 0xce79, 0xffff, 0x73ae, 0x0000, 0x0841, 0x0000,
    0x0000, 0x0000, 0x0000, 0x0000, 0x0000, 0x0000, 0x0020, 0x0000, 0x1904, 0xce59, 0x5aeb, 0x0841,
    0x0000, 0x0841, 0x8c71, 0x10a2, 0x0000, 0x0000, 0x0000, 0x0000, 0x0000, 0x0000, 0x0000, 0x0000,
    0x0000, 0x0000, 0x0000, 0x0000, 0x0000, 0x0000, 0x0000, 0x0000, 0x0000, 0x0000, 0x0000, 0x0000,
    0x0000, 0x0000, 0x0000, 0x0000, 0x0020, 0x0000, 0x0000, 0x3186, 0x0861, 0x9492, 0xffff, 0xf79e,
    0xffdf, 0xffff, 0xf79e, 0x8410, 0xf77e, 0xffdf, 0xffdf, 0xffff, 0xffff, 0xffff, 0xf7be, 0x4208,
    0xffff, 0x630c, 0xce79, 0xffff, 0xffdf, 0xffff, 0xffff, 0xffff, 0xffff, 0xffff, 0xffff, 0xffff,
    0xffff, 0xffff, 0xffdf, 0xffff, 0x39c7, 0x18e3, 0xf7be, 0xffff, 0xffdf, 0xffff, 0xffff, 0xffdf,
    0xf79e, 0xffff, 0x528a, 0x0000, 0x0841, 0x0000, 0x0000, 0x0000, 0x0000, 0x0841, 0x0000, 0x31a6,
    0xad75, 0x0020, 0x0020, 0x0000, 0x0000, 0x0000, 0x0000, 0x0000, 0x0000, 0x0000, 0x0000, 0x0000,
    0x0000, 0x0000, 0x0000, 0x0000, 0x0000, 0x0000, 0x0000, 0x0000, 0x0020, 0x0020, 0x0841, 0x0000,
    0x738e, 0x8c51, 0xd6ba, 0xdedb, 0x0041, 0x0841, 0x0000, 0x0000, 0x0000, 0x0000, 0x0000, 0x0000,
    0x0000, 0x0000, 0x0000, 0x2966, 0xbdd7, 0x5b0c, 0x0000, 0x0020, 0x0841, 0x0000, 0x4228, 0x73ae,
    0x0000, 0x0000, 0x0000, 0x0000, 0x0000, 0x0000, 0x0000, 0x0000, 0x0000, 0x0000, 0x0000, 0x0000,
    0x0000, 0x0000, 0x0000, 0x0000, 0x0000, 0x0000, 0x0000, 0x0000, 0x0000, 0x0000, 0x0020, 0x0000,
    0x0000, 0x2104, 0x73ae, 0x39c7, 0x0000, 0x8c51, 0xffff, 0xf79e, 0xffdf, 0xffdf, 0xb5b6, 0xdedb,
    0xffff, 0xffdf, 0xffff, 0xffff, 0xffff, 0xffff, 0xf7be, 0x4208, 0xffff, 0x630c, 0xce79, 0xffff,
    0xffdf, 0xffff, 0xffff, 0xffff, 0xffff, 0xffff, 0xffff, 0xffff, 0xffff, 0xffdf, 0xffff, 0xf7be,
    0x18e3, 0x3186, 0xffff, 0xffdf, 0xffdf, 0xffff, 0xffff, 0xf7be, 0xffff, 0xa554, 0x0020, 0x0020,
    0x0020, 0x0000, 0x0000, 0x0000, 0x0000, 0x0020, 0x0000, 0xa514, 0x73ae, 0x0000, 0x0020, 0x0000,
    0x0000, 0x0000, 0x0000, 0x0000, 0x0000, 0x0000, 0x0000, 0x0000, 0x0000, 0x0000, 0x0000, 0x0000,
    0x0000, 0x0000, 0x0000, 0x0000, 0x0000, 0x0000, 0x0841, 0x0000, 0x4228, 0xad76, 0xe71c, 0x73ae,
    0x0000, 0x0841, 0x0000, 0x0000, 0x0000, 0x0000, 0x0020, 0x0020, 0x0020, 0x0020, 0x526a, 0x8c51,
    0x2965, 0x0000, 0x0000, 0x0000, 0x0000, 0x0000, 0x0000, 0x528a, 0x632d, 0x1082, 0x0020, 0x0000,
    0x0000, 0x0000, 0x0000, 0x0000, 0x0000, 0x0000, 0x0000, 0x0000, 0x0000, 0x0000, 0x0000, 0x0000,
    0x0000, 0x0000, 0x0000, 0x0020, 0x0820, 0x0000, 0x0000, 0x10a2, 0x8410, 0xad55, 0x39c7, 0x0000,
    0x0841, 0x6b4d, 0xffff, 0xf79e, 0xffff, 0xef7d, 0xe73c, 0xffff, 0xffdf, 0xffff, 0xffff, 0xffff,
    0xffdf, 0xffff, 0xf7be, 0x4208, 0xffff, 0x630c, 0xce79, 0xffff, 0xffdf, 0xffff, 0xffff, 0xffff,
    0xffff, 0xffff, 0xffff, 0xffff, 0xffff, 0xffdf, 0xffff, 0xe75d, 0x0861, 0x3186, 0xffff, 0xffdf,
    0xffdf, 0xffff, 0xf7be, 0xffff, 0xbdf7, 0x0841, 0x0020, 0x0000, 0x0000, 0x0000, 0x0000, 0x0000,
    0x0020, 0x0000, 0x2945, 0xce79, 0x52ca, 0x0841, 0x0000, 0x0000, 0x0000, 0x0000, 0x0000, 0x0000,
    0x0000, 0x0000, 0x0000, 0x0000, 0x0000, 0x0000, 0x0000, 0x0000, 0x0000, 0x0000, 0x0000, 0x0000,
    0x0000, 0x0000, 0x0841, 0x0000, 0x2945, 0xc638, 0xd69a, 0x2965, 0x0000, 0x0020, 0x0000, 0x0000,
    0x0000, 0x0000, 0x0020, 0x0020, 0x0020, 0x0841, 0x2124, 0x0000, 0x0000, 0x0020, 0x0000, 0x0000,
    0x0000, 0x0000, 0x0020, 0x0000, 0x18e3, 0x18e3, 0x0000, 0x0020, 0x0020, 0x0020, 0x0020, 0x0000,
    0x0000, 0x0000, 0x0000, 0x0000, 0x0000, 0x0000, 0x0000, 0x0000, 0x0000, 0x0020, 0x0820, 0x0020,
    0x0000, 0x0861, 0x7bcf, 0xdedb, 0x8c51, 0x0861, 0x0000, 0x0020, 0x39e7, 0x630c, 0xffff, 0xf7be,
    0xffdf, 0xffff, 0xffff, 0xffdf, 0xffff, 0xffff, 0xffff, 0xffff, 0xffff, 0xffff, 0xf7be, 0x4208,
    0xffff, 0x632c, 0xce79, 0xffff, 0xffdf, 0xffff, 0xffff, 0xffff, 0xffff, 0xffff, 0xffff, 0xffff,
    0xffff, 0xffdf, 0xffff, 0xe73c, 0x0861, 0x2104, 0xf79e, 0xffff, 0xf7be, 0xf7be, 0xffff, 0xdedb,
    0x10a3, 0x0000, 0x0020, 0x0000, 0x0000, 0x0000, 0x0020, 0x0020, 0x0841, 0x0000, 0x8c51, 0xad55,
    0x736d, 0x0000, 0x0020, 0x0000, 0x0000, 0x0000, 0x0000, 0x0000, 0x0000, 0x0000, 0x0000, 0x0000,
    0x0000, 0x0000, 0x0000, 0x0000, 0x0000, 0x0000, 0x0000, 0x0000, 0x1082, 0x18c3, 0x0020, 0x0000,
    0x2104, 0xd6ba, 0xa534, 0x0020, 0x0000, 0x0000, 0x0000, 0x0000, 0x0000, 0x0000, 0x0000, 0x0000,
    0x0000, 0x0000, 0x0000, 0x0000, 0x0000, 0x0000, 0x0000, 0x0000, 0x0020, 0x0000, 0x0000, 0x18e3,
    0x7bcf, 0x8410, 0x3186, 0x0020, 0x0000, 0x0000, 0x0000, 0x0000, 0x0000, 0x0000, 0x0000, 0x0000,
    0x0000, 0x0020, 0x0020, 0x0000, 0x0020, 0x0000, 0x0000, 0x0861, 0x6b6d, 0xd69a, 0xb5b7, 0x31a7,
    0x0000, 0x0020, 0x0000, 0x2104, 0x9492, 0x4a69, 0xffff, 0xf7be, 0xffbf, 0xffdf, 0xffdf, 0xffff,
    0xffff, 0xffff, 0xffff, 0xffff, 0xffff, 0xffff, 0xf7be, 0x4208, 0xffff, 0x632c, 0xce79, 0xffff,
    0xffdf, 0xffff, 0xffff, 0xffff, 0xffff, 0xffff, 0xffff, 0xffff, 0xffff, 0xffdf, 0xffff, 0xef7d,
    0x2104, 0x0020, 0xd6ba, 0xffff, 0xf79e, 0xf7be, 0xf79e, 0x39c7, 0x0000, 0x0841, 0x0000, 0x0020,
    0x0000, 0x0000, 0x0000, 0x0020, 0x0020, 0x10a2, 0xc618, 0x9492, 0x94b2, 0x0000, 0x0020, 0x0000,
    0x0000, 0x0000, 0x0000, 0x0000, 0x0000, 0x0000, 0x0000, 0x0000, 0x0000, 0x0000, 0x0000, 0x0000,
    0x0000, 0x0000, 0x0000, 0x18e3, 0x5aeb, 0x10a2, 0x0020, 0x0020, 0x18c3, 0xdedb, 0x5acb, 0x0000,
    0x0020, 0x0000, 0x0000, 0x0000, 0x0000, 0x0000, 0x0000, 0x0000, 0x0000, 0x0000, 0x0000, 0x0000,
    0x0020, 0x0020, 0x0020, 0x0820, 0x0000, 0x0861, 0x738e, 0xe73c, 0xffff, 0xffff, 0xf7be, 0xc638,
    0x8c51, 0x6b6d, 0x632c, 0x630c, 0x5aeb, 0x52aa, 0x4208, 0x2945, 0x0841, 0x0000, 0x0000, 0x0020,
    0x0000, 0x10a2, 0x5aeb, 0xa534, 0x9cf3, 0x4208, 0x0000, 0x0000, 0x0841, 0x0841, 0x0000, 0x738e,
    0xad55, 0x4a69, 0xffff, 0xf79e, 0xffdf, 0xffdf, 0xffdf, 0xffff, 0xffff, 0xffff, 0xffff, 0xffff,
    0xffdf, 0xffff, 0xf7be, 0x4208, 0xffff, 0x632c, 0xce79, 0xffff, 0xffdf, 0xffff, 0xffff, 0xffff,
    0xffff, 0xffff, 0xffff, 0xffdf, 0xffdf, 0xffdf, 0xffdf, 0xffff, 0x4208, 0x0000, 0x94b2, 0xffff,
    0xef7d, 0xffff, 0x5aeb, 0x0000, 0x0841, 0x0020, 0x0000, 0x0000, 0x0000, 0x0000, 0x0000, 0x0000,
    0x0000, 0x5acb, 0xb596, 0xb5b6, 0xad75, 0x0000, 0x0020, 0x0020, 0x0000, 0x0000, 0x0000, 0x0000,
    0x0020, 0x0020, 0x0000, 0x0000, 0x0000, 0x0000, 0x0000, 0x0000, 0x0000, 0x2104, 0x4a69, 0x18c3,
    0x0841, 0x0000, 0x0000, 0x0000, 0x4228, 0xbdd7, 0x0861, 0x0000, 0x0000, 0x0020, 0x0000, 0x0000,
    0x0000, 0x0000, 0x0000, 0x0000, 0x0000, 0x0000, 0x0000, 0x0000, 0x0000, 0x0841, 0x0000, 0x0000,
    0x52aa, 0xd69a, 0xffff, 0xffff, 0xf7be, 0xf7be, 0xffff, 0xffff, 0xffff, 0xffff, 0xffff, 0xffff,
    0xffff, 0xffff, 0xffff, 0xf79e, 0xce79, 0x8c71, 0x3186, 0x0000, 0x0000, 0x2104, 0x39e7, 0x18c3,
    0x0000, 0x0000, 0x0820, 0x0020, 0x0020, 0x0020, 0x0000, 0xc638, 0x7bcf, 0x62ec, 0xffff, 0xf79e,
    0xffdf, 0xffff, 0xffff, 0xffff, 0xffff, 0xffff, 0xffff, 0xffff, 0xffdf, 0xffff, 0xf7de, 0x4208,
    0xffff, 0x630c, 0xce9a, 0xffff, 0xffdf, 0xffff, 0xffff, 0xffff, 0xffff, 0xffff, 0xffff, 0xffff,
    0xffdf, 0xffdf, 0xf7be, 0xffff, 0x7bcf, 0x0000, 0x31a6, 0xf79e, 0xffff, 0x8430, 0x0000, 0x0861,
    0x0020, 0x0000, 0x0000, 0x0000, 0x0000, 0x0000, 0x0000, 0x0020, 0x0000, 0xa514, 0x9492, 0xef3d,
    0xc618, 0x0000, 0x0020, 0x0020, 0x0020, 0x0000, 0x0000, 0x0000, 0x0000, 0x0000, 0x0000, 0x0861,
    0x2945, 0x31a6, 0x4a49, 0x738e, 0xa534, 0xef7d, 0x73ae, 0x0000, 0x0861, 0x0000, 0x4208, 0xc638,
    0xd69a, 0x7bef, 0xb5b6, 0xb596, 0x18c3, 0x0000, 0x0020, 0x0000, 0x0000, 0x0000, 0x0000, 0x0000,
    0x0000, 0x0000, 0x0000, 0x0000, 0x0020, 0x0000, 0x18e3, 0xa534, 0xffff, 0xffff, 0xffdf, 0xffff,
    0xffff, 0xffff, 0xffff, 0xffdf, 0xffdf, 0xffdf, 0xffdf, 0xffdf, 0xffdf, 0xffdf, 0xffdf, 0xffff,
    0xffff, 0xffff, 0xf7be, 0x94b2, 0x1082, 0x0000, 0x0000, 0x0000, 0x0020, 0x0000, 0x0000, 0x0000,
    0x0841, 0x0000, 0x2104, 0xf7be, 0x2945, 0xa4f4, 0xffff, 0xf7be, 0xffff, 0xffff, 0xffff, 0xffff,
    0xffff, 0xffff, 0xffff, 0xffff, 0xffdf, 0xffff, 0xf7be, 0x4208, 0xffff, 0x630c, 0xce79, 0xffff,
    0xffdf, 0xffff, 0xffff, 0xffff, 0xffff, 0xffff, 0xffff, 0xffff, 0xffff, 0xffff, 0xf7be, 0xffff,
    0xc638, 0x0020, 0x0000, 0xa534, 0xce59, 0x0000, 0x0000, 0x0020, 0x0000, 0x0000, 0x0000, 0x0000,
    0x0000, 0x0020, 0x0020, 0x0000, 0x10a2, 0xc638, 0x9492, 0xffff, 0xdedb, 0x0861, 0x0020, 0x0020,
    0x0000, 0x0000, 0x0000, 0x0000, 0x10a2, 0x6b4d, 0xb596, 0xdedb, 0xef7d, 0xffdf, 0xffff, 0xffff,
    0xffff, 0xf79e, 0x18e3, 0x0841, 0x0000, 0x528a, 0xe73c, 0x738e, 0x528a, 0x52aa, 0x4a69, 0xbdd7,
    0xdedb, 0x1082, 0x0000, 0x0020, 0x0000, 0x0000, 0x0000, 0x0000, 0x0000, 0x0000, 0x0000, 0x0000,
    0x0000, 0x528a, 0xe71c, 0xffff, 0xffdf, 0xffff, 0xffff, 0xffff, 0xffff, 0xffff, 0xffff, 0xffff,
    0xffff, 0xffff, 0xffff, 0xffff, 0xffff, 0xffff, 0xffff, 0xffff, 0xffff, 0xffdf, 0xffff, 0xffff,
    0xce59, 0x18e3, 0x0000, 0x0020, 0x0000, 0x0000, 0x0000, 0x0000, 0x0840, 0x0000, 0x7bf0, 0xad75,
    0x1082, 0xef7d, 0xffff, 0xffdf, 0xffff, 0xffff, 0xffff, 0xffff, 0xffff, 0xffff, 0xffff, 0xffff,
    0xffdf, 0xffff, 0xf7be, 0x4208, 0xffff, 0x630c, 0xce79, 0xffff, 0xffdf, 0xffff, 0xffff, 0xffff,
    0xffff, 0xffff, 0xffff, 0xffff, 0xffff, 0xffff, 0xffdf, 0xf7be, 0xffff, 0x4a69, 0x0000, 0x18e3,
    0x2124, 0x0000, 0x0000, 0x0000, 0x0000, 0x0000, 0x0000, 0x0000, 0x0000, 0x0020, 0x0841, 0x0000,
    0x4a49, 0xc618, 0x9cf3, 0xffff, 0xffff, 0x31a6, 0x0000, 0x0021, 0x0000, 0x0020, 0x0000, 0x5aeb,
    0xdefb, 0xffff, 0xffff, 0xffff, 0xffff, 0xffff, 0xffdf, 0xf7be, 0xffff, 0xc618, 0x0000, 0x0000,
    0x2104, 0xdedb, 0x39e7, 0x8c71, 0xf7be, 0xffff, 0xd69a, 0x2965, 0xce79, 0x9cf3, 0x0000, 0x0841,
    0x0000, 0x0000, 0x0000, 0x0000, 0x0000, 0x0020, 0x0000, 0x0020, 0x8430, 0xffff, 0xffff, 0xffdf,
    0xffff, 0xffff, 0xffff, 0xffff, 0xffff, 0xffff, 0xffff, 0xffff, 0xffff, 0xffff, 0xffff, 0xffff,
    0xffff, 0xffff, 0xffff, 0xffff, 0xffff, 0xffff, 0xffff, 0xf7be, 0xffff, 0xce79, 0x1082, 0x0000,
    0x0020, 0x0000, 0x0000, 0x0000, 0x0000, 0x18e3, 0xb596, 0x0841, 0x8430, 0xffff, 0xf7be, 0xffff,
    0xffff, 0xffff, 0xffff, 0xffff, 0xffff, 0xffff, 0xffff, 0xffff, 0xffdf, 0xffff, 0xf7be, 0x4208,
    0xffff, 0x630c, 0xce79, 0xffff, 0xffdf, 0xffff, 0xffff, 0xffff, 0xffff, 0xffff, 0xffff, 0xffff,
    0xffff, 0xffff, 0xffff, 0xffdf, 0xffff, 0xce59, 0x0841, 0x0000, 0x0000, 0x0000, 0x0000, 0x0000,
    0x0000, 0x0000, 0x0000, 0x0000, 0x0000, 0x0000, 0x0841, 0x0000, 0x7bef, 0xb5b6, 0xc618, 0xffff,
    0x8c51, 0x31a6, 0x0841, 0x0841, 0x0020, 0x0000, 0x8c72, 0xffff, 0xffff, 0xf7be, 0xffdf, 0xffdf,
    0xffff, 0xffff, 0xffff, 0xffdf, 0xffff, 0xa514, 0x0000, 0x0000, 0x8c72, 0x632c, 0x7bf0, 0xffff,
    0xffdf, 0xf79e, 0xffff, 0xb5b6, 0x5acb, 0xf79e, 0x1082, 0x0000, 0x0020, 0x0020, 0x0020, 0x0020,
    0x0841, 0x0000, 0x18e3, 0xbdd7, 0xffff, 0xffdf, 0xffdf, 0xffff, 0xffff, 0xffff, 0xffff, 0xffff,
    0xffff, 0xffff, 0xffff, 0xffff, 0xffff, 0xffff, 0xffff, 0xffff, 0xffff, 0xffff, 0xffff, 0xffff,
    0xffff, 0xffff, 0xffff, 0xffff, 0xf7be, 0xffff, 0xad55, 0x0020, 0x0841, 0x0020, 0x0000, 0x0020,
    0x0000, 0x4a49, 0x18e3, 0x3186, 0xffdf, 0xffdf, 0xffdf, 0xffff, 0xffff, 0xffff, 0xffff, 0xffff,
    0xffff, 0xffff, 0xffff, 0xffff, 0xffdf, 0xffff, 0xf7be, 0x4208, 0xffff, 0x632c, 0xce7a, 0xffff,
    0xffdf, 0xffff, 0xffff, 0xffff, 0xffff, 0xffff, 0xffff, 0xffdf, 0xffdf, 0xffdf, 0xffff, 0xffff,
    0xf7be, 0xffff, 0x7bcf, 0x0000, 0x0861, 0x0020, 0x0000, 0x0000, 0x0000, 0x0000, 0x0000, 0x0000,
    0x0000, 0x0000, 0x0841, 0x0000, 0x9cf3, 0xa514, 0xe71c, 0x7bef, 0x0000, 0x0000, 0x0020, 0x0021,
    0x0000, 0x8430, 0xffff, 0xf7be, 0xffdf, 0xffff, 0xffff, 0xffff, 0xffff, 0xffff, 0xffdf, 0xf7be,
    0xffff, 0x94d2, 0x0000, 0x0841, 0xad76, 0x2945, 0xef5d, 0xffff, 0xffff, 0xffdf, 0xffff, 0xef7e,
    0x528a, 0xf7be, 0x39c7, 0x0000, 0x0020, 0x0000, 0x0000, 0x0020, 0x0000, 0x39e7, 0xdefb, 0xffff,
    0xf7be, 0xffff, 0xffff, 0xffff, 0xffff, 0xffff, 0xffff, 0xffff, 0xffff, 0xffff, 0xffff, 0xffff,
    0xffff, 0xffff, 0xffff, 0xffff, 0xffff, 0xffff, 0xffff, 0xffff, 0xffff, 0xffff, 0xffff, 0xffff,
    0xffdf, 0xf7be, 0xffff, 0x5acb, 0x0000, 0x0841, 0x0020, 0x0000, 0x0861, 0x0000, 0x18e3, 0xdedb,
    0xffdf, 0xf7be, 0xffdf, 0xffff, 0xffff, 0xffff, 0xffff, 0xffff, 0xffff, 0xffff, 0xffff, 0xffff,
    0xffdf, 0xffff, 0xf7be, 0x4207, 0xffff, 0x632c, 0xd67a, 0xffff, 0xffdf, 0xffff, 0xffff, 0xffff,
    0xffff, 0xffff, 0xffff, 0xffdf, 0xffdf, 0xffdf, 0xffdf, 0xffdf, 0xffdf, 0xffff, 0x528a, 0x0000,
    0x0861, 0x0000, 0x39c7, 0x2124, 0x0000, 0x0020, 0x0000, 0x0000, 0x0000, 0x0000, 0x0020, 0x0000,
    0xb596, 0xad35, 0xc618, 0x0841, 0x0000, 0x0020, 0x0841, 0x0000, 0x526a, 0xffff, 0xffdf, 0xffff,
    0xffff, 0xffff, 0xffff, 0xffff, 0xffff, 0xffff, 0xffdf, 0xf7be, 0xffff, 0x9cf3, 0x0000, 0x2945,
    0x94d2, 0x3186, 0xffdf, 0xffff, 0xffff, 0xf7be, 0xffff, 0xc658, 0x4a69, 0xffff, 0x2104, 0x0000,
    0x0020, 0x0000, 0x0000, 0x0000, 0x6b4d, 0xf7be, 0xffff, 0xffdf, 0xffff, 0xffff, 0xffff, 0xffff,
    0xffff, 0xffff, 0xffff, 0xffff, 0xffff, 0xffff, 0xffff, 0xffff, 0xffff, 0xffff, 0xffff, 0xffff,
    0xffff, 0xffff, 0xffff, 0xffff, 0xffff, 0xffff, 0xffff, 0xffff, 0xffff, 0xffdf, 0xffff, 0xce59,
    0x0020, 0x0020, 0x0020, 0x0000, 0x0000, 0x31a7, 0xdedb, 0xffff, 0xffbf, 0xffdf, 0xffdf, 0xffff,
    0xffff, 0xffff, 0xffff, 0xffff, 0xffff, 0xffff, 0xffff, 0xffff, 0xffdf, 0xffff, 0xf7be, 0x4208,
    0xffff, 0x630c, 0xce79, 0xffff, 0xffdf, 0xffff, 0xffff, 0xffff, 0xffff, 0xffff, 0xffff, 0xffff,
    0xffff, 0xffff, 0xffff, 0xffdf, 0xffff, 0xbdf7, 0x0000, 0x0841, 0x0020, 0x1082, 0x9d14, 0x1082,
    0x0020, 0x0020, 0x0000, 0x0000, 0x0000, 0x0000, 0x0000, 0x0020, 0xbdd7, 0xbdf7, 0x7bcf, 0x0000,
    0x0000, 0x0000, 0x0020, 0x18e3, 0xe71c, 0xffff, 0xf7be, 0xffff, 0xffff, 0xffff, 0xffff, 0xffff,
    0xffff, 0xffff, 0xffff, 0xffdf, 0xffff, 0xb5b6, 0x0000, 0x18e3, 0xc618, 0x39c7, 0xffdf, 0xffff,
    0xf7be, 0xffdf, 0xffff, 0x4a49, 0x8c71, 0xd69a, 0x0000, 0x0000, 0x0020, 0x0020, 0x0000, 0x8c71,
    0xffff, 0xffdf, 0xffdf, 0xffff, 0xffff, 0xffff, 0xffff, 0xffff, 0xffff, 0xffff, 0xffff, 0xffff,
    0xffff, 0xffff, 0xffff, 0xffff, 0xffff, 0xffff, 0xffff, 0xffff, 0xffff, 0xffff, 0xffff, 0xffff,
    0xffff, 0xffff, 0xffff, 0xffdf, 0xffdf, 0xf7be, 0xf7be, 0xffff, 0x4248, 0x0000, 0x0861, 0x1082,
    0x7bcf, 0xffff, 0xffff, 0xffdf, 0xffff, 0xffff, 0xffff, 0xffff, 0xffff, 0xffff, 0xffff, 0xffff,
    0xffff, 0xffff, 0xffff, 0xffff, 0xffff, 0xffff, 0xf7de, 0x4208, 0xffff, 0x5aeb, 0xce59, 0xffff,
    0xffdf, 0xffff, 0xffff, 0xffff, 0xffff, 0xffff, 0xffff, 0xffff, 0xffff, 0xffff, 0xffdf, 0xf7be,
    0xffff, 0x5acb, 0x0000, 0x0861, 0x0000, 0x8410, 0xa534, 0x0000, 0x0021, 0x0020, 0x0000, 0x0000,
    0x0000, 0x0000, 0x0000, 0x10a2, 0xbdd7, 0xc618, 0x4228, 0x0000, 0x0020, 0x0020, 0x0000, 0x632c,
    0xffff, 0xf7be, 0xffdf, 0xffdf, 0xffff, 0xffff, 0xffff, 0xffff, 0xffff, 0xffff, 0xffff, 0xffff,
    0xffff, 0xdefb, 0x0861, 0x0000, 0xce79, 0x5acb, 0x6b6d, 0xffff, 0xffff, 0xf79e, 0x6b4d, 0x4229,
    0xffff, 0x4a49, 0x0000, 0x0861, 0x0000, 0x0841, 0xa514, 0xffff, 0xffdf, 0xffff, 0xffff, 0xffff,
    0xffff, 0xffff, 0xffff, 0xffff, 0xffff, 0xffff, 0xffff, 0xffff, 0xffff, 0xffff, 0xffff, 0xffff,
    0xffff, 0xffff, 0xffff, 0xffff, 0xffff, 0xffff, 0xffff, 0xffff, 0xffdf, 0xffff, 0xffff, 0xffff,
    0xffff, 0xffff, 0xf7be, 0xf79e, 0x8c51, 0x0000, 0x10a2, 0x7bef, 0xc618, 0xce59, 0xe71c, 0xffff,
    0xffff, 0xffff, 0xffff, 0xffff, 0xffff, 0xffff, 0xffff, 0xffff, 0xffff, 0xffff, 0xffff, 0xffff,
    0xffdf, 0xffff, 0xf7be, 0x4208, 0xffff, 0x5aeb, 0xce59, 0xffff, 0xffdf, 0xffff, 0xffff, 0xffff,
    0xffff, 0xffff, 0xffff, 0xffff, 0xffff, 0xffff, 0xffdf, 0xffdf, 0xdefb, 0x1082, 0x0841, 0x0000,
    0x1082, 0xf79e, 0x7bcf, 0x0000, 0x0020, 0x0000, 0x0000, 0x0000, 0x0020, 0x0020, 0x0000, 0x18c3,
    0xce79, 0xa555, 0x1082, 0x0020, 0x0020, 0x0000, 0x0000, 0x18e4, 0xe73c, 0xffdf, 0xf7be, 0xffdf,
    0xffff, 0xffff, 0xffff, 0xffff, 0xffff, 0xffff, 0xffff, 0xffdf, 0xffdf, 0xffdf, 0x3186, 0x0000,
    0x5acb, 0xf7be, 0x52aa, 0x5aeb, 0x6b8d, 0x4a49, 0x7bcf, 0xffff, 0x8410, 0x0000, 0x0841, 0x0000,
    0x10a2, 0xbdf7, 0xffff, 0xf7be, 0xffff, 0xffff, 0xffff, 0xffff, 0xffff, 0xffff, 0xffff, 0xffff,
    0xffff, 0xffff, 0xffff, 0xffff, 0xffff, 0xffff, 0xffff, 0xffff, 0xffff, 0xffff, 0xffff, 0xffff,
    0xffdf, 0xffdf, 0xffff, 0xffff, 0xffff, 0xffff, 0xef5d, 0xc618, 0x8c71, 0x632c, 0x39c7, 0x2104,
    0x1081, 0x0000, 0x0020, 0x0040, 0x0000, 0x0020, 0x18c3, 0x31a6, 0x8c71, 0xffff, 0xffdf, 0xffff,
    0xffff, 0xffff, 0xffff, 0xffff, 0xffff, 0xffff, 0xffff, 0xffff, 0xffdf, 0xffff, 0xf7be, 0x4208,
    0xffff, 0x630c, 0xce79, 0xffff, 0xffdf, 0xffff, 0xffff, 0xffff, 0xffff, 0xffff, 0xffff, 0xffff,
    0xffff, 0xffdf, 0xf7be, 0xffff, 0x9cd3, 0x0000, 0x10a2, 0x0000, 0x8410, 0xffff, 0x5acb, 0x0000,
    0x0020, 0x0000, 0x0000, 0x0000, 0x0000, 0x0020, 0x0000, 0x1082, 0xe71c, 0x7c0f, 0x0000, 0x0020,
    0x0000, 0x0000, 0x0841, 0x0000, 0x8c51, 0xffff, 0xf7be, 0xffff, 0xffff, 0xffff, 0xffff, 0xffff,
    0xffff, 0xffff, 0xffdf, 0xffdf, 0xf79e, 0xffff, 0x8c51, 0x0000, 0x0000, 0x6b4d, 0xef5d, 0x6b4d,
    0xb576, 0xef5d, 0xe71c, 0x5aeb, 0x0000, 0x0841, 0x0000, 0x2124, 0xd69a, 0xffff, 0xf79e, 0xffdf,
    0xffff, 0xffff, 0xffff, 0xffff, 0xffff, 0xffff, 0xffff, 0xffff, 0xffff, 0xffff, 0xffff, 0xffff,
    0xffff, 0xffff, 0xffff, 0xffff, 0xffff, 0xffff, 0xffdf, 0xffff, 0xffff, 0xffff, 0xffdf, 0xce79,
    0x8c71, 0x4a69, 0x18e3, 0x0000, 0x0000, 0x0000, 0x0000, 0x0000, 0x0000, 0x0000, 0x0000, 0x0000,
    0x0000, 0x0000, 0x0000, 0x0000, 0x10a2, 0xef7d, 0xffff, 0xffdf, 0xffff, 0xffff, 0xffff, 0xffff,
    0xffff, 0xffff, 0xffff, 0xffff, 0xffdf, 0xffff, 0xf7be, 0x4208, 0xffff, 0x630c, 0xce79, 0xffff,
    0xffdf, 0xffff, 0xffff, 0xffff, 0xffff, 0xffff, 0xffff, 0xffdf, 0xffdf, 0xffdf, 0xffbf, 0xffff,
    0x5aeb, 0x0000, 0x0861, 0x18c3, 0xe71c, 0xffff, 0x4a69, 0x0000, 0x0840, 0x0000, 0x0000, 0x0000,
    0x0000, 0x0000, 0x0000, 0x0000, 0xdedb, 0x5acb, 0x0000, 0x0020, 0x0000, 0x0000, 0x0020, 0x0000,
    0x18e3, 0xef5d, 0xffff, 0xffff, 0xffff, 0xffff, 0xffff, 0xffff, 0xffff, 0xffff, 0xffff, 0xffff,
    0xf7be, 0xffff, 0xce59, 0x0000, 0x0020, 0x0000, 0x1082, 0x3186, 0x738e, 0x4a49, 0x0841, 0x0000,
    0x0820, 0x0000, 0x31a6, 0xe71c, 0xffff, 0xf7be, 0xffdf, 0xffdf, 0xffdf, 0xffff, 0xffff, 0xffff,
    0xffff, 0xffff, 0xffff, 0xffff, 0xffff, 0xffff, 0xffff, 0xffff, 0xffff, 0xffff, 0xffff, 0xffdf,
    0xffdf, 0xffff, 0xffff, 0xffff, 0xce59, 0x8410, 0x39c7, 0x0841, 0x0000, 0x0000, 0x0000, 0x0000,
    0x0020, 0x0020, 0x0000, 0x0000, 0x0000, 0x0000, 0x0000, 0x0000, 0x0000, 0x0000, 0x0020, 0x0000,
    0x2104, 0xef7d, 0xffff, 0xffdf, 0xffff, 0xffff, 0xffff, 0xffff, 0xffff, 0xffff, 0xffff, 0xffff,
    0xffdf, 0xffff, 0xf7be, 0x4207, 0xffff, 0x630c, 0xce79, 0xffff, 0xffdf, 0xffff, 0xffff, 0xffff,
    0xffff, 0xffff, 0xffff, 0xffff, 0xffff, 0xffdf, 0xffdf, 0xffdf, 0x3186, 0x0000, 0x0000, 0x52aa,
    0xffff, 0xffff, 0x4208, 0x0000, 0x0020, 0x0000, 0x0000, 0x0000, 0x0000, 0x0000, 0x0000, 0x0000,
    0xad75, 0x2944, 0x0000, 0x0000, 0x0000, 0x0000, 0x0000, 0x0020, 0x0000, 0x73af, 0xffff, 0xef5d,
    0xffdf, 0xffdf, 0xffff, 0xffff, 0xffff, 0xffff, 0xffff, 0xffff, 0xf7be, 0xffff, 0x9492, 0x5aeb,
    0x18c3, 0x0000, 0x0020, 0x0000, 0x0000, 0x0000, 0x0000, 0x0000, 0x18c3, 0x2945, 0xb5b6, 0xffff,
    0xf7be, 0xffff, 0xffff, 0xffff, 0xffff, 0xffff, 0xffff, 0xffff, 0xffff, 0xffff, 0xffff, 0xffff,
    0xffff, 0xffff, 0xffff, 0xffff, 0xffff, 0xffff, 0xffff, 0xffff, 0xffff, 0xdf1b, 0x9492, 0x4208,
    0x0020, 0x0000, 0x0000, 0x0000, 0x0020, 0x0020, 0x0000, 0x0000, 0x0000, 0x0000, 0x0000, 0x0000,
    0x0000, 0x0000, 0x0000, 0x0000, 0x0000, 0x0000, 0x0020, 0x0000, 0x2945, 0xffdf, 0xffff, 0xffdf,
    0xffff, 0xffff, 0xffff, 0xffff, 0xffff, 0xffff, 0xffff, 0xffff, 0xffdf, 0xffff, 0xf7be, 0x4207,
    0xffff, 0x62ec, 0xce79, 0xffff, 0xffdf, 0xffff, 0xffff, 0xffff, 0xffff, 0xffff, 0xffff, 0xffff,
    0xffff, 0xffdf, 0xffff, 0xe73c, 0x18c3, 0x0000, 0x0000, 0x9cd3, 0xffff, 0xffff, 0x4a49, 0x0000,
    0x0020, 0x0000, 0x0000, 0x0000, 0x0000, 0x0020, 0x0020, 0x0000, 0x8410, 0x2104, 0x0000, 0x0840,
    0x0020, 0x0020, 0x0000, 0x0020, 0x0020, 0x0841, 0xb5b6, 0x8c71, 0xffdf, 0xffdf, 0xffdf, 0xffdf,
    0xffff, 0xffff, 0xffff, 0xffff, 0xffbe, 0xffff, 0x5acb, 0xce39, 0xbdf7, 0x0861, 0x0000, 0x0000,
    0x0000, 0x0000, 0x0861, 0x630c, 0xbdd7, 0x6b4d, 0xffdf, 0xffff, 0xffff, 0xffff, 0xffff, 0xffff,
    0xffff, 0xffff, 0xffff, 0xffff, 0xffff, 0xffff, 0xffff, 0xffff, 0xffff, 0xffff, 0xffdf, 0xffff,
    0xffff, 0xffff, 0xffdf, 0xbdd7, 0x5aeb, 0x10a2, 0x0000, 0x0000, 0x0000, 0x0020, 0x0000, 0x0000,
    0x0000, 0x0000, 0x0000, 0x0000, 0x0000, 0x0000, 0x0000, 0x0000, 0x0000, 0x0000, 0x0000, 0x0000,
    0x0000, 0x0000, 0x0020, 0x0000, 0x31a6, 0xffff, 0xffff, 0xffff, 0xffff, 0xffff, 0xffff, 0xffff,
    0xffff, 0xffff, 0xffff, 0xffff, 0xffdf, 0xffff, 0xf7be, 0x4207, 0xffff, 0x5aeb, 0xce79, 0xffff,
    0xffdf, 0xffff, 0xffff, 0xffff, 0xffff, 0xffff, 0xffff, 0xffff, 0xffff, 0xffdf, 0xffff, 0xe71c,
    0x0861, 0x0000, 0x0000, 0xc638, 0xffff, 0xffff, 0x5acb, 0x0000, 0x0020, 0x0000, 0x0000, 0x0000,
    0x0020, 0x0020, 0x0841, 0x0000, 0x5acb, 0x3186, 0x0000, 0x0020, 0x0020, 0x0000, 0x0000, 0x0000,
    0x0020, 0x0020, 0x10a2, 0x9492, 0xffff, 0xf7be, 0xffff, 0xffff, 0xffff, 0xffff, 0xffff, 0xffff,
    0xffff, 0xef7d, 0x4a49, 0xe73c, 0xffff, 0xd69a, 0x4228, 0x2104, 0x4a49, 0x8c51, 0xd69a, 0xffff,
    0x8c51, 0x9492, 0xffff, 0xf7be, 0xffff, 0xffff, 0xffff, 0xffff, 0xffff, 0xffff, 0xffff, 0xffff,
    0xffff, 0xffff, 0xffff, 0xffff, 0xffdf, 0xffdf, 0xffff, 0xffff, 0xa513, 0x7bcf, 0x31a6, 0x0000,
    0x0000, 0x0000, 0x0000, 0x0000, 0x0000, 0x0000, 0x0000, 0x0000, 0x0000, 0x0000, 0x0000, 0x0000,
    0x0000, 0x0000, 0x0000, 0x0000, 0x0000, 0x0000, 0x0000, 0x0000, 0x0000, 0x0000, 0x0841, 0x0000,
    0x39e7, 0xffff, 0xffff, 0xffff, 0xffff, 0xffff, 0xffff, 0xffff, 0xffff, 0xffff, 0xffff, 0xffff,
    0xffdf, 0xffff, 0xf7be, 0x3a07, 0xffff, 0x5aeb, 0xce79, 0xffff, 0xffdf, 0xffff, 0xffff, 0xffff,
    0xffff, 0xffff, 0xffff, 0xffff, 0xffff, 0xffdf, 0xffff, 0xe71c, 0x1082, 0x0000, 0x1082, 0xdedb,
    0xffff, 0xffff, 0x7bef, 0x0000, 0x0020, 0x0000, 0x0000, 0x0000, 0x0000, 0x0000, 0x0020, 0x0000,
    0x2965, 0x4a69, 0x0000, 0x0020, 0x0000, 0x0000, 0x0000, 0x0000, 0x0020, 0x0861, 0x0000, 0x9cd3,
    0xffff, 0xf79e, 0xffff, 0xffff, 0xffff, 0xffff, 0xffff, 0xffdf, 0xffff, 0xc618, 0x5acb, 0xffff,
    0xf7be, 0xffff, 0xc638, 0xd6ba, 0xffff, 0xffff, 0xffff, 0xef7d, 0x4a49, 0xef7d, 0xffff, 0xffdf,
    0xffff, 0xffff, 0xffff, 0xffff, 0xffff, 0xffff, 0xffff, 0xffff, 0xffff, 0xffff, 0xffdf, 0xffff,
    0xffff, 0xffff, 0xc638, 0x5acb, 0x0020, 0x0000, 0x0000, 0x0000, 0x0000, 0x0000, 0x0000, 0x0000,
    0x0000, 0x0000, 0x0000, 0x0000, 0x0000, 0x0000, 0x0000, 0x0000, 0x0000, 0x0000, 0x0000, 0x0000,
    0x0000, 0x0000, 0x0000, 0x0000, 0x0000, 0x0000, 0x0841, 0x0000, 0x4a49, 0xffff, 0xffff, 0xffff,
    0xffff, 0xffff, 0xffff, 0xffff, 0xffff, 0xffff, 0xffff, 0xffff, 0xffdf, 0xffff, 0xf7be, 0x3a07,
    0xffff, 0x5aeb, 0xce79, 0xffff, 0xffdf, 0xffff, 0xffff, 0xffff, 0xffff, 0xffff, 0xffff, 0xffff,
    0xffff, 0xffdf, 0xffff, 0xf79e, 0x2945, 0x0000, 0x0841, 0xd69a, 0xffff, 0xffff, 0xa513, 0x0000,
    0x0841, 0x0020, 0x0000, 0x0000, 0x0000, 0x0000, 0x0000, 0x0000, 0x0020, 0x4a69, 0x0841, 0x0000,
    0x0000, 0x0000, 0x0000, 0x0000, 0x0000, 0x0020, 0x0000, 0x2124, 0xef7d, 0xffff, 0xffff, 0xffff,
    0xffff, 0xffdf, 0xffdf, 0xf7be, 0xffff, 0x8c51, 0x8c51, 0xffff, 0xf7be, 0xffdf, 0xad55, 0xffdf,
    0xffdf, 0xf79e, 0xffff, 0x94b2, 0x738e, 0xffff, 0xffdf, 0xffff, 0xffff, 0xffff, 0xffff, 0xffff,
    0xffff, 0xffff, 0xffff, 0xffff, 0xffdf, 0xffff, 0xffff, 0xffdf, 0xad55, 0x4228, 0x0020, 0x0000,
    0x0000, 0x0020, 0x0000, 0x0000, 0x0000, 0x0000, 0x0000, 0x0000, 0x0000, 0x0000, 0x0000, 0x0000,
    0x0000, 0x0000, 0x0000, 0x0000, 0x0000, 0x0000, 0x0000, 0x0000, 0x0000, 0x0000, 0x0000, 0x0000,
    0x0000, 0x0000, 0x0841, 0x0000, 0x5aeb, 0xffff, 0xffdf, 0xffff, 0xffff, 0xffff, 0xffff, 0xffff,
    0xffff, 0xffff, 0xffff, 0xffff, 0xffdf, 0xffff, 0xf7be, 0x39e7, 0xffff, 0x5aeb, 0xce79, 0xffff,
    0xffdf, 0xffff, 0xffff, 0xffff, 0xffff, 0xffff, 0xffff, 0xffff, 0xffff, 0xffff, 0xffdf, 0xffff,
    0x52aa, 0x0000, 0x0000, 0x94b2, 0xffff, 0xf7be, 0xce79, 0x0841, 0x0020, 0x0020, 0x0000, 0x0000,
    0x0000, 0x0000, 0x0000, 0x0000, 0x0000, 0x2124, 0x3186, 0x0000, 0x0000, 0x0000, 0x0000, 0x0000,
    0x0000, 0x0000, 0x0841, 0x0000, 0x6b6d, 0xffff, 0xf7be, 0xffdf, 0xffdf, 0xffdf, 0xffdf, 0xf7be,
    0xffff, 0x5b0b, 0xc5f8, 0xffff, 0xffff, 0xdedb, 0xc618, 0xffff, 0xffdf, 0xffdf, 0xf7be, 0x39e7,
    0xce59, 0xffff, 0xffdf, 0xffff, 0xffff, 0xffff, 0xffff, 0xffff, 0xffff, 0xffff, 0xffdf, 0xffff,
    0xffff, 0xef7d, 0x94b2, 0x31a6, 0x0000, 0x0000, 0x0000, 0x0000, 0x0000, 0x0000, 0x0000, 0x0000,
    0x0000, 0x0000, 0x0000, 0x0000, 0x0000, 0x0000, 0x0000, 0x0000, 0x0000, 0x0000, 0x0000, 0x0000,
    0x0000, 0x0000, 0x0000, 0x0000, 0x0000, 0x0000, 0x0000, 0x0000, 0x0000, 0x0000, 0x0841, 0x0000,
    0x738e, 0xffff, 0xffbf, 0xffff, 0xffff, 0xffff, 0xffff, 0xffff, 0xffff, 0xffff, 0xffff, 0xffff,
    0xffdf, 0xffff, 0xf7be, 0x39e7, 0xffff, 0x5aeb, 0xce59, 0xffff, 0xffdf, 0xffff, 0xffff, 0xffff,
    0xffff, 0xffff, 0xffff, 0xffff, 0xffff, 0xffff, 0xffdf, 0xffff, 0xad75, 0x0000, 0x0861, 0x2124,
    0xe71c, 0xffde, 0xef7d, 0x3186, 0x0000, 0x0020, 0x0000, 0x0000, 0x0000, 0x0000, 0x0000, 0x0000,
    0x0000, 0x0000, 0x4a49, 0x10c2, 0x0000, 0x0000, 0x0000, 0x0000, 0x0020, 0x0020, 0x0020, 0x0841,
    0x0000, 0xad75, 0xffff, 0xf7be, 0xffdf, 0xffff, 0xffdf, 0xffff, 0xef7d, 0x4a69, 0xf79e, 0xffdf,
    0xffff, 0xc638, 0xef7d, 0xffff, 0xf7be, 0xffff, 0xad95, 0x4a49, 0xffff, 0xf7be, 0xffdf, 0xffff,
    0xffff, 0xffff, 0xffff, 0xffff, 0xffdf, 0xffff, 0xffff, 0xdefb, 0x8410, 0x2104, 0x0000, 0x0000,
    0x0000, 0x0000, 0x0000, 0x0000, 0x0000, 0x0000, 0x0000, 0x0000, 0x0000, 0x0000, 0x0000, 0x0000,
    0x0000, 0x0000, 0x0000, 0x0000, 0x0000, 0x0000, 0x0000, 0x0000, 0x0000, 0x0000, 0x0000, 0x0000,
    0x0000, 0x0000, 0x0000, 0x0000, 0x0000, 0x0000, 0x0861, 0x0000, 0x8410, 0xffff, 0xf7be, 0xffff,
    0xffff, 0xffff, 0xffff, 0xffff, 0xffff, 0xffff, 0xffff, 0xffff, 0xffdf, 0xffff, 0xf7be, 0x39e7,
    0xffff, 0x5aeb, 0xce59, 0xffff, 0xffdf, 0xffff, 0xffff, 0xffff, 0xffff, 0xffff, 0xffff, 0xffff,
    0xffff, 0xffff, 0xffdf, 0xf7be, 0xf7be, 0x39e7, 0x0020, 0x0000, 0x3186, 0xdf1c, 0xffff, 0x8c51,
    0x0000, 0x0020, 0x0000, 0x0000, 0x0000, 0x0000, 0x0000, 0x0000, 0x0000, 0x0000, 0x1082, 0x52aa,
    0x0841, 0x0000, 0x0000, 0x0000, 0x0000, 0x0000, 0x0000, 0x0000, 0x0000, 0x18c3, 0xdefb, 0xffff,
    0xf7be, 0xffff, 0xffdf, 0xffff, 0xbdf7, 0x5aeb, 0xffff, 0xffff, 0xf7be, 0xd69a, 0xffff, 0xffff,
    0xf7be, 0xffff, 0x5acb, 0xa534, 0xffff, 0xf7be, 0xffff, 0xffff, 0xffff, 0xffff, 0xffdf, 0xffff,
    0xffff, 0xd6ba, 0x6b6d, 0x1082, 0x0000, 0x0000, 0x0020, 0x0000, 0x0000, 0x0000, 0x0000, 0x0000,
    0x0000, 0x0000, 0x0000, 0x0000, 0x0000, 0x0000, 0x0000, 0x0000, 0x0000, 0x0000, 0x0000, 0x0000,
    0x0000, 0x0000, 0x0000, 0x0000, 0x0000, 0x0000, 0x0000, 0x0000, 0x0000, 0x0000, 0x0000, 0x0000,
    0x0000, 0x0000, 0x0861, 0x0000, 0x9492, 0xffff, 0xf7be, 0xffff, 0xffff, 0xffff, 0xffff, 0xffff,
    0xffff, 0xffff, 0xffff, 0xffff, 0xffdf, 0xffff, 0xf7be, 0x39e7, 0xffff, 0x5aeb, 0xce59, 0xffff,
    0xffdf, 0xffff, 0xffff, 0xffff, 0xffff, 0xffff, 0xffff, 0xffff, 0xffff, 0xffff, 0xffff, 0xffbe,
    0xffff, 0xce59, 0x0840, 0x0000, 0x0000, 0x2104, 0xad34, 0xdedb, 0x18e3, 0x0000, 0x0020, 0x0000,
    0x0000, 0x0000, 0x0000, 0x0000, 0x0000, 0x0020, 0x0000, 0x2104, 0x4208, 0x0000, 0x0000, 0x0000,
    0x0000, 0x0000, 0x0000, 0x0000, 0x0841, 0x0000, 0x4228, 0xffdf, 0xf7be, 0xffff, 0xffdf, 0xffff,
    0x7bef, 0x8c31, 0xffff, 0xffff, 0xdefb, 0xdefb, 0xffff, 0xffdf, 0xffff, 0xdf1b, 0x4208, 0xf79e,
    0xffff, 0xffdf, 0xffdf, 0xffdf, 0xffdf, 0xffff, 0xffff, 0xd69a, 0x632c, 0x1082, 0x0000, 0x0000,
    0x0020, 0x0000, 0x0000, 0x0000, 0x0000, 0x0000, 0x0000, 0x0000, 0x0000, 0x0000, 0x0000, 0x0000,
    0x0000, 0x0000, 0x0000, 0x0000, 0x0000, 0x0000, 0x0000, 0x0000, 0x0000, 0x0000, 0x0000, 0x0000,
    0x0000, 0x0000, 0x0000, 0x0000, 0x0000, 0x0000, 0x0000, 0x0000, 0x0000, 0x0000, 0x0841, 0x0000,
    0xa514, 0xffff, 0xf7be, 0xffff, 0xffff, 0xffff, 0xffff, 0xffff, 0xffff, 0xffff, 0xffff, 0xffff,
    0xffdf, 0xffff, 0xf7be, 0x39e7, 0xffff, 0x62ec, 0xce79, 0xffff, 0xffdf, 0xffff, 0xffff, 0xffff,
    0xffff, 0xffff, 0xffff, 0xffff, 0xffff, 0xffff, 0xffff, 0xffff, 0xf7be, 0xffff, 0xb5d6, 0x10a2,
    0x0000, 0x0000, 0x0000, 0x10a2, 0x0020, 0x0000, 0x0020, 0x0000, 0x0000, 0x0000, 0x0000, 0x0000,
    0x0000, 0x0000, 0x0000, 0x0000, 0x18e3, 0x2124, 0x0000, 0x0000, 0x0000, 0x0000, 0x0000, 0x0000,
    0x0000, 0x0020, 0x0000, 0x8410, 0xffff, 0xf79e, 0xffdf, 0xffff, 0x4a49, 0xc638, 0xffff, 0xffdf,
    0xd69a, 0xf79e, 0xffff, 0xffdf, 0xffff, 0x8450, 0x7bcf, 0xffff, 0xf7be, 0xffbf, 0xf7be, 0xffff,
    0xffff, 0xc658, 0x630c, 0x0841, 0x0000, 0x0000, 0x0020, 0x0000, 0x0000, 0x0000, 0x0000, 0x0000,
    0x0000, 0x0000, 0x0000, 0x0000, 0x0000, 0x0000, 0x0000, 0x0000, 0x0000, 0x0000, 0x0000, 0x0000,
    0x0000, 0x0000, 0x0000, 0x0000, 0x0000, 0x0000, 0x0000, 0x0000, 0x0000, 0x0000, 0x0000, 0x0000,
    0x0000, 0x0000, 0x0000, 0x0000, 0x0000, 0x0000, 0x0841, 0x0000, 0xb5b6, 0xffff, 0xf7be, 0xffff,
    0xffff, 0xffff, 0xffff, 0xffff, 0xffff, 0xffff, 0xffff, 0xffff, 0xffdf, 0xffff, 0xf7be, 0x39e7,
    0xffff, 0x630c, 0xce79, 0xffff, 0xffdf, 0xffff, 0xffff, 0xffff, 0xffff, 0xffff, 0xffff, 0xffff,
    0xffff, 0xffff, 0xffff, 0xffff, 0xffff, 0xffdf, 0xffff, 0xdedb, 0x8430, 0x8c71, 0x738e, 0x5aeb,
    0x738e, 0x18c3, 0x0000, 0x0020, 0x0000, 0x0000, 0x0000, 0x0000, 0x0000, 0x0000, 0x0000, 0x0020,
    0x0000, 0x0861, 0x1082, 0x0000, 0x0000, 0x0000, 0x0000, 0x0000, 0x0000, 0x0020, 0x0841, 0x0020,
    0xb5b6, 0xffff, 0xffff, 0xdefb, 0x4228, 0xf7be, 0xffdf, 0xf79e, 0xd6ba, 0xffff, 0xffdf, 0xffdf,
    0xffff, 0x4a49, 0xd6ba, 0xffff, 0xf79e, 0xffff, 0xffff, 0xc638, 0x52aa, 0x0020, 0x0000, 0x0000,
    0x0020, 0x0000, 0x0000, 0x0000, 0x0000, 0x0000, 0x0000, 0x0000, 0x0000, 0x0000, 0x0000, 0x0000,
    0x0000, 0x0000, 0x0000, 0x0000, 0x0000, 0x0000, 0x0000, 0x0000, 0x0000, 0x0000, 0x0000, 0x0000,
    0x0000, 0x0000, 0x0000, 0x0000, 0x0000, 0x0000, 0x0000, 0x0000, 0x0000, 0x0000, 0x0020, 0x0020,
    0x0000, 0x0020, 0x0861, 0x0841, 0xce59, 0xffff, 0xf7be, 0xffff, 0xffff, 0xffff, 0xffff, 0xffff,
    0xffff, 0xffff, 0xffff, 0xffff, 0xffdf, 0xffff, 0xf7be, 0x39e7, 0xffff, 0x630c, 0xce79, 0xffff,
    0xffdf, 0xffff, 0xffff, 0xffff, 0xffff, 0xffff, 0xffff, 0xffff, 0xffff, 0xffff, 0xffff, 0xffff,
    0xffff, 0xffff, 0xffdf, 0xffff, 0xffff, 0xffff, 0xffff, 0xffff, 0xffff, 0xa514, 0x0841, 0x0020,
    0x0020, 0x0000, 0x0000, 0x0000, 0x0000, 0x0000, 0x0000, 0x0000, 0x0000, 0x0000, 0x0000, 0x0000,
    0x0000, 0x0000, 0x0000, 0x0000, 0x0000, 0x0000, 0x0020, 0x0000, 0x18c3, 0xdedb, 0xffff, 0x94b2,
    0x6b4d, 0xffff, 0xffdf, 0xef5d, 0xe71c, 0xffff, 0xf7be, 0xffff, 0xce58, 0x4a69, 0xffff, 0xffff,
    0xffff, 0xce59, 0x52aa, 0x0020, 0x0000, 0x0000, 0x0020, 0x0000, 0x0000, 0x0000, 0x0000, 0x0000,
    0x0000, 0x0000, 0x0000, 0x0000, 0x0000, 0x0000, 0x0000, 0x0000, 0x0000, 0x0000, 0x0000, 0x0000,
    0x0000, 0x0000, 0x0000, 0x0000, 0x0000, 0x0000, 0x0000, 0x0020, 0x0020, 0x0020, 0x0020, 0x0000,
    0x0000, 0x0000, 0x0000, 0x0000, 0x0000, 0x0000, 0x0000, 0x0000, 0x0000, 0x0000, 0x0000, 0x0020,
    0xdefb, 0xffff, 0xf7be, 0xffff, 0xffff, 0xffff, 0xffff, 0xffff, 0xffff, 0xffff, 0xffff, 0xffff,
    0xffdf, 0xffff, 0xf7be, 0x39e7
  },
};
